Sector,Company,Data Version,Statement Type,Particulars,2025/26 (2082/83) Q3,2025/26 (2082/83) Q2,2025/26 (2082/83) Q1,2024/25 (2081/82) Q4,2024/25 (2081/82) Q3,2024/25 (2081/82) Q2,2024/25 (2081/82) Q1,2023/24 (2080/81) Q4,2023/24 (2080/81) Q3,2023/24 (2080/81) Q2,2023/24 (2080/81) Q1,2022/23 (2079/80) Q4,2022/23 (2079/80) Q3,2022/23 (2079/80) Q2,2022/23 (2079/80) Q1,2021/22 (2078/79) Q4,2021/22 (2078/79) Q3,2021/22 (2078/79) Q2,2021/22 (2078/79) Q1,2020/21 (2077/78) Q4,2020/21 (2077/78) Q3,2020/21 (2077/78) Q2,2020/21 (2077/78) Q1,2019/20 (2076/77) Q4,2019/20 (2076/77) Q3,2019/20 (2076/77) Q2,2019/20 (2076/77) Q1,2018/19 (2075/76) Q4,2018/19 (2075/76) Q3,2018/19 (2075/76) Q2,2018/19 (2075/76) Q1,2017/18 (2074/75) Q4,2017/18 (2074/75) Q3,2017/18 (2074/75) Q2,2017/18 (2074/75) Q1,2016/17 (2073/74) Q4,2016/17 (2073/74) Q3,2016/17 (2073/74) Q2,2016/17 (2073/74) Q1,2015/16 (2072/73) Q4,2015/16 (2072/73) Q3,2015/16 (2072/73) Q2,2015/16 (2072/73) Q1,2014/15 (2071/72) Q4,2014/15 (2071/72) Q3,2014/15 (2071/72) Q2,2014/15 (2071/72) Q1,2013/14 (2070/71) Q4,2013/14 (2070/71) Q3,2013/14 (2070/71) Q2,2013/14 (2070/71) Q1,2012/13 (2069/70) Q4,2012/13 (2069/70) Q3,2012/13 (2069/70) Q2,2012/13 (2069/70) Q1,2011/12 (2068/69) Q4,2011/12 (2068/69) Q3,2011/12 (2068/69) Q2,2011/12 (2068/69) Q1,2010/11 (2067/68) Q4,2010/11 (2067/68) Q3,2010/11 (2067/68) Q2,2010/11 (2067/68) Q1
Hydro Power,CHCL,PUBLISHED,BS,Paid up Capital,,9484988.68,8782396.92,8782396.92,8782396.92,8782396.92,7983997.2,7983997.2,7983997.2,7983997.2,7258179.28,7258179.28,7258179.28,7258179.28,6751794.68,6751794.68,6751794.68,6751794.68,6280739.23,6280739.23,6280730.48,6280739.23,5709763,5709763,5709763,5709763,4758136,4758135.78,4758135.78,4758136,3965113,3965113,3965113.15,3965113.15,3447924.48,3447924,3447924,3447924,3134477,3134477,3134477,3134477,2725632,2725632,2725632,2725632,2271360,2271360,2271360,2271360,2271360,1747200,1747200,1747200,1747200,1344000,1344000,960000,960000,825600,825600,729600,729600
Hydro Power,CHCL,PUBLISHED,BS,Share Premium,,0,0,0,0,0,0,0,0,0,0,0,0,0,0,0,0,0,0,0,0,0,0,0,0,0,0,0,0,0,0,0,0,0,0,0,0,0,0,0,0,0,0,0,0,0,0,0,0,0,0,0,0,0,0,414435.84,414435.84,414435.84,588921.844,174486,174486,0,0
Hydro Power,CHCL,PUBLISHED,BS,Reserves,,1978725.99,2849464.62,2686223.38,2512765,2389508.64,3184737.93,2809744.55,2629516.91,2538646.84,3508341.99,3301672.38,3137801.72,3004043.16,3832679.15,3642116.62,3398712.86,3279126.97,4031790.29,3856582.37,3684593.42,3554211.34,4524765,4296295,4072717,3943709,4759917,4558597.64,4510698.09,4420182,5241690,4983026,4702750.83,4568929.71,5215357.85,4935406,4668542,4528326,4639097,4211367,4271323,4348284,4831327,4534369.47,4355495,4202185,4760508,4463933.73,4240966,4092577,3839157,4221845.73,3948219.87,3797565.18,3566872.28,3531442.83,3257517.16,3096985.44,3383282.15,3098142.16,2827686.62,3188277,3047394.69
Hydro Power,CHCL,PUBLISHED,BS,Long Term Liabilities,,311272.61,312968.47,273923.46,274668.57,276704.56,274668.57,381114.13,381114.13,381114.13,329416.95,329416.95,306539.62,306539.62,306539.62,303200.82,290382.67,290382.67,290382.67,266226.94,254291.29,254330.25,254330,239566,235717,235717,235717,216045.02,178754.01,179261,176532,176739,177340.09,177340.08,177340.08,0,171316,172764,85551,85666,86980,86980,0,0,0,0,0,0,0,0,0,0,0,0,0,0,0,0,0,0,0,0,0
Hydro Power,CHCL,PUBLISHED,BS,Total Sources of Funds,,11774987.28,11944830.01,11742543.76,11569830.49,11448610.12,11443403.7,11174855.88,10994628.24,10903758.17,11095938.22,10889268.61,10702520.62,10568762.06,10891013.45,10697112.12,10440890.21,10321304.32,10602912.19,10403548.54,10219615.19,10089280.82,10488858,10245624,10018197,9889189,9753770,9532778.44,9447587.88,9357579,9383335,9124878,8845204.07,8711382.94,8840622.41,8383330,8287782,8149014,7859125,7431510,7492780,7569741,7556959,7260001.47,7081127,6927817,7031868,6735293.73,6512326,6363937,6110517,5969045.73,5695419.87,5544765.18,5314072.28,5289878.67,5015953,4471421.28,4932203.994,4098228.16,3827772.62,3917877,3776994.69
Hydro Power,CHCL,PUBLISHED,BS,Over Prior Period_Total Sources of Funds,,-0.014218932,0.017226783,0.0149279,0.010588217,0.000454971,0.024031435,0.016392336,0.00833383,-0.017319856,0.0189792,0.017448973,0.012656029,-0.029588742,0.018126512,0.024540236,0.011586316,-0.026559483,0.019163043,0.01799807,0.012918103,-0.038095394,0.023740282,0.02270139,0.013045357,0.01388376,0.023182282,0.009017176,0.009618821,-0.002744866,0.028324433,0.031618709,0.01536164,-0.01461882,0.054547824,0.011528778,0.017028809,0.036885658,0.057540796,-0.008177205,-0.010166926,0.001691421,0.040903233,0.025260735,0.022129626,-0.014797064,0.044032864,0.034237802,0.02331717,0.041472759,0.023700819,0.048043141,0.027170617,0.043411698,0.004573566,0.054610892,0.121780455,-0.093423288,0.203496682,0.070656114,-0.022998267,0.037300108,
Hydro Power,CHCL,PUBLISHED,BS,Period on Period_Total Sources of Funds,,0.028508016,0.043817934,0.050800465,0.052316662,0.049969189,0.031314655,0.026226488,0.027293348,0.031696816,0.018815951,0.017963399,0.025058247,0.023975433,0.027171899,0.028217639,0.021651991,0.022997031,0.010873843,0.015413853,0.020105234,0.02023339,0.0753645,0.074778362,0.060397334,0.056810634,0.039477968,0.044702016,0.068102873,0.074178355,0.061388505,0.088455065,0.067258293,0.069010673,0.124886347,0.12807895,0.106102408,0.076524811,0.039985132,0.02362376,0.058133825,0.092658914,0.074673046,0.07790421,0.087342218,0.088605528,0.150781186,0.128370268,0.143432117,0.147737874,0.149874649,0.128389913,0.135461172,0.240045353,0.077423457,0.290772125,0.310410387,0.141286794,0.305854098,,,,
Hydro Power,CHCL,PUBLISHED,BS,Fixed Assets,,0,0,0,0,0,0,0,0,0,0,0,0,0,0,0,0,0,0,0,0,0,0,0,0,0,0,0,0,0,0,0,0,0,0,0,0,0,0,0,0,0,0,0,0,0,0,0,0,0,0,0,0,0,0,0,0,0,0,0,0,0,0
Hydro Power,CHCL,PUBLISHED,BS,Depreciation,,0,0,0,0,0,0,0,0,0,0,0,0,0,0,0,0,0,0,0,0,0,0,0,0,0,0,0,0,0,0,0,0,0,0,0,0,0,0,0,0,0,0,0,0,0,0,0,0,0,0,0,0,0,0,0,0,0,0,0,0,0,0
Hydro Power,CHCL,PUBLISHED,BS,Net Fixed Assets,,2123055.63,2140846.39,2183671.71,1603194.79,1624858.08,1635089.25,1658025.62,1669652.65,1690532.85,1712445.02,1729471.25,1640941.69,1656869.76,1671862.51,1687431.93,1696402.24,1706051.42,1714318.76,1759275.53,1710143.73,1722515.57,1739493,1755787,1765764,1787676,1802233,1821220.12,1834270.43,1849950,1867057,1885203,1901588.97,1889127.93,1909637.49,1928685,1937983,1954855,1609059,1510999,1543336,1542470,1569590,1597686.72,1624594,1648797,1674186,1699918.34,1728003,1751676,1773856,1797968.47,1801215.79,1827189.88,1660365.46,1681573.34,1700803.69,1726850.73,1751624.15,1778037.14,1795717.64,1817175,1790406.94
Hydro Power,CHCL,PUBLISHED,BS,Non Core Assets,,0,0,0,0,0,0,0,0,0,0,0,0,0,0,0,0,0,0,0,0,0,0,0,0,0,0,0,0,0,0,0,0,0,0,0,0,0,0,0,0,0,0,0,0,0,0,0,0,0,0,0,0,0,0,0,0,0,0,0,0,0,0
Hydro Power,CHCL,PUBLISHED,BS,Investments,,6594625.9,6571462.3,6571462.3,6586462.3,6533568.81,6533568.81,6518568.81,6140105.9,6140105.9,6509969.9,6424809.9,5954465.9,5954465.9,5954465.9,5954465.9,5954465.9,5954465.9,5954465.9,5954486.14,5954486.14,5941751.67,5954486,5952862,5939981,5941752,5930674,5930674.44,5930532.4,5924601,5924541,5924291,5924236.63,5916588.05,5796565.74,5745266,5510181,5441232,4988232,4988232,4438232,4138232,4088232,3948231.7,3668946,3503117,2848117,2660000.1,1910000,1339325,959480,664325.29,426065.18,566238.83,564661.34,448118.48,443769.88,420603.62,342549.09,362172.46,169854,276883.52,228078.45
Hydro Power,CHCL,PUBLISHED,BS,Work in Progress,,359762.75,326846.1,268505.07,794567.75,792623.16,792623.16,790367.15,1112829.98,1058264.99,625700.54,564607.12,621459.47,534238.32,439480.14,387417.44,313349.63,268848.19,243144.63,237026.78,236629.73,226981.63,215357,185082,165777,157933,140323,140322.95,99383.17,89090,68638,15237,6008.96,5593.7,5593.7,5913,3991,0,0,0,0,0,0,1021.23,358,0,0,358.65,87,87,1647,2223.05,16269.94,15899.46,15702.02,133383.52,11109.25,9728.4,33785.62,8407.89,40259.88,42123.9,35540.17
Hydro Power,CHCL,PUBLISHED,BS,Cash at Hand,,329925.02,111458.26,215272.79,190948.41,88418.26,64003.54,144549.73,113916.71,277753.86,14210.97,95681.19,213406.57,15197.84,89230.19,103513.85,58072.07,23080.33,44778.67,82643.39,68465.61,38282.78,194875,86550,95177,176197,32316,139022.49,63150,161730,191337,166260,90706.17,97661.1,317300.54,153797,168463,343758,492089,229313,238109,818011,539491,235824.7,158324,156046,605118,179244.35,823403,647352,162091,137482.1,431889.5,375376.97,490747.19,306278.07,470792.81,691690.04,804500.15,73099.08,80595.75,277485.42,311243.74
Hydro Power,CHCL,PUBLISHED,BS,Receivables,,0,0,0,0,0,0,135831.12,76633.4,159666.91,262027.26,134352.75,59859.58,178273.4,114526.04,130235.07,139789.09,162819.21,238064.89,125757.69,65624.09,162937,118611,117223,132932,167865,246191,126303.79,134872.25,148201,123297,135648,124370.41,154331.77,245384.14,142133,165242,196843,273160,138806,159924,192157,251925,131268.39,162966,186401,234437,122731.5,128323,177087,237346,239800.23,139686.51,159384.76,204539.64,205730.01,112639.98,131043.22,189208.81,205288.4,107381.08,115894.46,182436.31
Hydro Power,CHCL,PUBLISHED,BS,"Advances, Payments, Loans and Deposits",,2738679.4,2900299.05,2535414.56,2495379.16,2627870.84,2493821.45,2001032.16,1915390.22,1724524.77,2031720.48,2052299.15,2204165.24,2653361.67,2737009.12,2403814.88,2271724.6,2687115.41,2458614.8,2439812.52,2237399.19,2122311.34,2474711,2263326,1961521,1788093,1733058,1478855.03,1386815.98,1321926,1135850,890379,714201.59,875944.05,474442.15,495123,489068,420794,373314,476853,1173390,1157689,1165340,1384227.36,1574140,1731888,1715723,2140986.19,2007010,2543181,3188551,3190176.45,2953677.2,2706136.82,2694298.13,2587526.49,2360265.01,2206314.77,1859893.35,1723481.42,1801798.67,1457713.79,1225833.88
Hydro Power,CHCL,PUBLISHED,BS,Inventory,,91651.75,91913.47,90040.93,93792.35,94648.47,97534.41,96396.96,98402.28,92937.23,51900.13,46739.52,163640.5,159441.73,159713.41,158928.67,158914.33,156743.63,154917.96,153623.41,161745.04,155747.16,154943,154966,155892,156185,158717,157653.72,155548.87,162819,162279,161888,162593.51,166714.2,167121.04,176752,180296,176952,179197,179867,59037,68930,57529,64631.94,45381,44410,44732,45093.58,44359,41814,42187,45926.74,41472.5,40993.24,40996.37,43486.46,44730.64,52057.86,54887.93,53455.05,33517.81,31537.35,31447.68
Hydro Power,CHCL,PUBLISHED,BS,Total Current Assets,,3160256.17,3103670.78,2840728.28,2780119.92,2810937.57,2655359.4,2377809.97,2204342.61,2254882.77,2359858.84,2329072.61,2641071.89,3006274.64,3100478.76,2796492.47,2628500.09,3029758.58,2896376.32,2801837.01,2533233.93,2479278.28,2943140,2622065,2345522,2288340,2170282,1901835.03,1740387.1,1794676,1612763,1354175,1091871.68,1294651.12,1204247.87,967805,1003069,1138347,1317760,1024839,1630460,2236787,2014285,1815952.39,1940811,2118745,2600010,2488055.62,3003095,3409434,3630175,3613385.52,3566725.71,3281891.79,3430581.33,3143021.03,2988428.44,3081105.89,2908490.24,2055323.95,2023293.31,1882631.02,1750961.61
Hydro Power,CHCL,PUBLISHED,BS,Short Term Liabilities,,462713.18,197995.56,121823.6,194514.3,313377.49,173236.92,169915.65,132302.9,240028.35,112036.06,158692.26,155418.34,583086.55,275273.86,128695.63,151827.65,637819.77,205393.4,349076.92,214878.32,281246.33,363617,270172,198848,286512,289742,261274.11,156985.22,300737,89664,54028,78502.17,394577.86,75422.39,264338,167442,385419,55927,92560,119248,347749,115148,102890.57,153582,342842,90445,113039.98,128860,136585,254641,108856.62,114856.75,146454.79,357237.87,116217.7,128158.25,766867.37,104245.11,105713.28,201352.21,100936.43,27992.48
Hydro Power,CHCL,PUBLISHED,BS,Deferred Liabilities,,0,0,0,0,0,0,0,0,0,0,0,0,0,0,0,0,0,0,0,0,0,0,0,0,0,0,0,0,0,0,0,0,0,0,0,0,0,0,0,0,0,0,0,0,0,0,0,0,0,0,0,0,0,0,0,0,0,0,0,0,0,0
Hydro Power,CHCL,PUBLISHED,BS,Total Short Term Liabilities,,462713.18,197995.56,121823.6,194514.3,313377.49,173236.92,169915.65,132302.9,240028.35,112036.06,158692.26,155418.34,583086.55,275273.86,128695.63,151827.65,637819.77,205393.4,349076.92,214878.32,281246.33,363617,270172,198848,286512,289742,261274.11,156985.22,300737,89664,54028,78502.17,394577.86,75422.39,264338,167442,385419,55927,92560,119248,347749,115148,102890.57,153582,342842,90445,113039.98,128860,136585,254641,108856.62,114856.75,146454.79,357237.87,116217.7,128158.25,766867.37,104245.11,105713.28,201352.21,100936.43,27992.48
Hydro Power,CHCL,PUBLISHED,BS,Application of Funds,,11774987.27,11944830.01,11742543.76,11569830.46,11448610.13,11443403.7,11174855.9,10994628.24,10903758.16,11095938.24,10889268.62,10702520.61,10568762.07,10891013.45,10697112.11,10440890.21,10321304.32,10602912.21,10403548.54,10219615.21,10089280.82,10488859,10245624,10018196,9889189,9753770,9532778.43,9447587.88,9357580,9383335,9124878,8845204.07,8711382.94,8840622.41,8383331,8287782,8149015,7859124,7431510,7492780,7569740,7556959,7260001.47,7081127,6927817,7031868,6735292.73,6512325,6363937,6110517,5969045.71,5695419.87,5544765.17,5314072.28,5289878.67,5015953.01,4471421.27,4932203.99,4098228.16,3827772.62,3917877.01,3776994.69
Hydro Power,CHCL,PUBLISHED,BS,Over Prior Period_Application of Funds,,-0.014218933,0.017226783,0.014927902,0.010588214,0.000454972,0.024031433,0.016392338,0.008333831,-0.017319858,0.018979201,0.017448975,0.012656027,-0.029588741,0.018126513,0.024540235,0.011586316,-0.026559485,0.019163045,0.017998068,0.012918105,-0.038095486,0.023740379,0.022701492,0.013045256,0.01388376,0.023182283,0.009017175,0.009618713,-0.00274476,0.028324433,0.031618709,0.01536164,-0.01461882,0.054547698,0.011528899,0.017028684,0.036885918,0.057540661,-0.008177205,-0.010166796,0.001691289,0.040903233,0.025260735,0.022129626,-0.014797064,0.044033019,0.034237808,0.023317013,0.041472759,0.023700822,0.048043138,0.027170619,0.043411696,0.004573566,0.05461089,0.12178046,-0.093423289,0.203496681,0.070656114,-0.022998269,0.037300111,
Hydro Power,CHCL,PUBLISHED,BS,Period on Period_Application of Funds,,0.028508014,0.043817934,0.050800464,0.052316659,0.049969191,0.031314653,0.026226489,0.027293349,0.031696814,0.018815952,0.017963401,0.025058246,0.023975434,0.027171897,0.028217638,0.021651989,0.022997031,0.010873748,0.015413853,0.020105337,0.02023339,0.075364603,0.074778363,0.060397228,0.056810522,0.039477968,0.044702015,0.068102873,0.07417847,0.061388505,0.088454935,0.067258293,0.069010542,0.12488649,0.128079085,0.106102408,0.076525085,0.039984999,0.02362376,0.058133825,0.09265877,0.074673046,0.07790437,0.087342385,0.088605528,0.150781186,0.128370104,0.143431942,0.147737876,0.149874649,0.128389909,0.135461169,0.240045354,0.077423458,0.290772125,0.31041039,0.141286788,0.305854097,,,,
Hydro Power,CHCL,PUBLISHED,IS,Income from Sale of Energy,,636581.19,353082.7,1124979.34,824905.76,640942.64,361855,1125447,782506.17,612037.41,342821.37,1128642.92,804246.86,636559.56,355838.71,1181740.18,823435.72,624894.16,351678.67,1128052.48,809225.97,639921.78,363947,1140739,803719,618663,351001,1170463.51,807555.44,624252,361648,1138490,804592.98,632180.69,369562.24,1196891,846589,654241,363128,1163138,827112,642523,366212,1037036.96,772293,589719,323519,985003.99,698038,549165,308337,968631.03,669712.67,516042.81,295696.83,900654.89,624324.69,480136.73,271479.31,885164.47,609406.49,474955.59,271483.75
Hydro Power,CHCL,PUBLISHED,IS,Cost of Production,,146742.04,84001.71,266433.57,188543.72,143406.64,87199,290260.98,196540.03,140803.51,73049.89,260260.4,178303.46,153503.47,87202.82,250343.28,177137.64,129069.41,79106.44,231980.35,165844.62,125242.73,79100,212453,143829,122145,58111,212380.24,136333.91,88270,38486,119756,91086.82,61853.46,32276.8,130472,85845,40138,19084,130470,79441,49869,18900,93148.5,28494,42520,18062,99696.49,59472,40394,18934,89877.89,56142.68,26829.48,11011.88,102603.34,58452.49,36435.27,9392.34,74101,45942.47,23656,8068.85
Hydro Power,CHCL,PUBLISHED,IS,Gross Profit,,489839.15,269080.99,858545.77,636362.04,497536,274656,835186.02,585966.14,471233.9,269771.48,868382.52,625943.4,483056.09,268635.89,931396.9,646298.08,495824.75,272572.23,896072.13,643381.35,514679.05,284847,928286,659890,496518,292890,958083.27,671221.53,535982,323162,1018734,713506.16,570327.23,337285.44,1066419,760744,614103,344044,1032668,747671,592654,347312,943888.46,743799,547199,305457,885307.5,638566,508771,289403,878753.14,613569.99,489213.33,284684.95,798051.55,565872.2,443701.46,262086.97,811063.47,563464.02,451299.59,263414.9
Hydro Power,CHCL,PUBLISHED,IS,Over Prior Period_Gross Profit,,0.820415296,-0.686585154,0.349146737,0.279027126,0.811487825,-0.671143921,0.425314473,0.243471957,0.746789171,-0.689340269,0.387317959,0.295798589,0.798181509,-0.711577427,0.441125897,0.303480877,0.8190582,-0.695814409,0.392754282,0.250063219,0.806861403,-0.693147371,0.406728394,0.329035403,0.69523712,-0.694295883,0.427372674,0.252321029,0.658555152,-0.682780785,0.427785851,0.251046982,0.690933442,-0.683721464,0.401810596,0.238788933,0.784954831,-0.666839681,0.38117969,0.261564083,0.706402313,-0.632041269,0.269010122,0.359284282,0.791410902,-0.654970731,0.38639937,0.255114777,0.758001818,-0.670666326,0.432197067,0.254197203,0.718437627,-0.643274986,0.41030351,0.275344462,0.692955052,-0.676860098,0.43942371,0.248536521,0.713265233,
Hydro Power,CHCL,PUBLISHED,IS,Period on Period_Gross Profit,,-0.015469936,-0.020298155,0.027969517,0.086004799,0.055815382,0.018106139,-0.038227969,-0.063867212,-0.024473742,0.004227246,-0.067655776,-0.03149426,-0.025752365,-0.014441456,0.039421793,0.004533439,-0.036633121,-0.043092502,-0.034702527,-0.025017276,0.036576821,-0.027460821,-0.031100919,-0.016881953,-0.073629338,-0.09367438,-0.059535394,-0.05926316,-0.060220218,-0.04187385,-0.04471507,-0.062094266,-0.071284084,-0.019644464,0.032683302,0.017484963,0.036191437,-0.009409407,0.094057236,0.005205707,0.0830685,0.137024197,0.066170184,0.164795808,0.075531035,0.055472818,0.007458705,0.040738645,0.039977795,0.016572882,0.10112328,0.084290746,0.102573181,0.086223211,-0.016043035,0.004273884,-0.016836111,-0.005041211,,,,
Hydro Power,CHCL,PUBLISHED,IS,Income from Dividend,,0,0,0,0,0,0,0,0,0,0,0,0,0,0,0,0,0,0,0,0,0,0,0,0,0,0,0,0,0,0,0,0,0,0,0,0,0,0,0,0,0,0,0,0,0,0,0,0,0,0,0,0,0,0,0,0,0,0,0,0,0,0
Hydro Power,CHCL,PUBLISHED,IS,Forex Gain,,0,0,0,0,0,0,0,0,0,0,0,0,0,0,0,0,0,0,0,0,0,0,0,0,0,0,0,0,0,0,0,0,0,0,0,0,0,0,0,0,0,0,0,0,0,0,0,0,0,0,0,0,0,0,0,0,0,0,0,0,0,0
Hydro Power,CHCL,PUBLISHED,IS,Income from Other Sources,,3438.72,1176.75,34365.34,28519.53,3.5,0,5839.92,363.81,114.34,0,8599.07,212.25,49.35,27.82,4600.28,486.67,14,0,9164.47,4236.67,362.69,0,6048,850,345,107,2765.32,469.37,176,0,3564,1041.72,845.75,0,4214,765,268,0,5460,3639,3628,30,2206.13,599,465,90,1840.93,350,225,29,2672.79,968.61,707.17,660.72,147.37,19.37,19.37,9.37,220.73,103,0,0
Hydro Power,CHCL,PUBLISHED,IS,Administrative Expenses,,32550.34,20903.62,60839.56,43413.26,29545.96,18148,56691.56,45976.03,30247.4,17716.48,88182.62,64092.02,38260.71,22907.46,62172.96,49243.54,33750.59,19610.47,74966.6,45420.99,30326.66,18926,53337,43729,28169,19970,45104.91,29541.57,17824,10719,46277,26825.19,15742.89,9251.59,43201,25238,27918,11204,55573,24167,16541,11091,79202.09,59860,18820,11325,62561.77,22442,14734,9097,64626.24,28381.04,21767.69,9842.09,58237.64,28164.74,20541.79,14372.8,50573.12,36731.26,22193.48,10404.95
Hydro Power,CHCL,PUBLISHED,IS,Operating Profit,,460727.53,249354.12,832071.55,621468.31,467993.54,256508,784334.38,540353.92,441100.84,252055,788798.97,562063.63,444844.73,245756.25,873824.22,597541.21,462088.16,252961.76,830270,602197.03,484715.08,265921,880997,617011,468694,273027,915743.68,642149.33,518334,312443,976021,687722.69,555430.09,328033.85,1027432,736271,586453,332840,982555,727143,579741,336251,866892.5,684538,528844,294222,824586.66,616474,494262,280335,816799.69,586157.56,468152.81,275503.58,739961.28,537726.83,423179.04,247723.54,760711.08,526835.76,429106.11,253009.95
Hydro Power,CHCL,PUBLISHED,IS,Over Prior Period_Operating Profit,,0.847683648,-0.7003213,0.338880095,0.327942069,0.824479314,-0.672960912,0.451519737,0.225012222,0.75001821,-0.68045724,0.403397993,0.263505201,0.81010546,-0.718757795,0.462366453,0.293132484,0.826711516,-0.695325906,0.378734797,0.24237321,0.822778494,-0.698159018,0.427846505,0.316447405,0.716658059,-0.70185216,0.426060322,0.238871712,0.658971396,-0.679880863,0.41920721,0.23818047,0.693209679,-0.680724515,0.395453576,0.255464632,0.761966711,-0.661250515,0.351254155,0.254254917,0.724131675,-0.61211915,0.266390617,0.294404399,0.797431871,-0.643188504,0.337585462,0.247261574,0.763111991,-0.656788557,0.393481456,0.252064598,0.699262166,-0.627678383,0.376091425,0.270683988,0.708271406,-0.67435266,0.443924535,0.227751709,0.69600488,
Hydro Power,CHCL,PUBLISHED,IS,Period on Period_Operating Profit,,-0.015525877,-0.027889501,0.060863289,0.150113448,0.060967238,0.017666779,-0.005659985,-0.038625004,-0.008416173,0.02563007,-0.097302464,-0.059372608,-0.037316321,-0.028484582,0.052457899,-0.00773139,-0.046680867,-0.048733421,-0.057579084,-0.024009248,0.034182388,-0.02602673,-0.037943674,-0.039147172,-0.095768366,-0.126154211,-0.06175822,-0.066267059,-0.066788045,-0.047528174,-0.050038348,-0.065938099,-0.052899226,-0.014439821,0.045673779,0.012553239,0.011577584,-0.010144208,0.133421964,0.062239058,0.096241992,0.142847918,0.051305511,0.110408549,0.069966941,0.049537161,0.009533512,0.051720633,0.055770657,0.017536687,0.103841123,0.090065675,0.106275987,0.112141301,-0.027276847,0.02067261,-0.013812598,-0.020894079,,,,
Hydro Power,CHCL,PUBLISHED,IS,Net Interest Income,,55891.02,31964.89,134023.26,90004.15,62457.11,20343,161187.551,123626.46,82035.24,33374.25,228001.81,175807.07,98471.11,39181.5,195484.34,130156.65,91299.21,33832.51,162329.76,108250.26,52011.58,37663,152532,115173,73567,21917,120259.57,86183.64,55514,16042,68230,47641.92,24871.92,6405.76,39350,27325,16991,2371,71785,56146,40866,8106,103580.13,79500,56883,28602,223248.65,178984,126557,60814,254042.25,184051.17,124707.6,59970.3,299295.78,200304.58,127898.12,65704.28,190520.74,126271.93,62859.81,15436.85
Hydro Power,CHCL,PUBLISHED,IS,Depreciation,,37815.24,14000,87694.86,55282.58,33160.37,18319,70344.29,55640.71,34500.67,17136.23,79405.16,52195.76,34849.41,17399.4,70973.86,53819.31,35998.12,17054.02,66982.07,46101.44,33020.38,16501,66212,54588,31834,16826,66395.61,52696.74,35131,17566,68375,51262.35,38553.63,17479.79,70033,57315,39895,27242,105043,66654,53896,26548,105060.9,77500,52500,26250,109169,78750,52500,26250,107088.26,80080.92,53387.27,26693.63,106567.56,79267.59,52845.05,26413,106217.66,78549.06,52177.56,35000
Hydro Power,CHCL,PUBLISHED,IS,Gross Provisions,,4020.8,2079.21,6864.64,5130.27,3867.53,2118,6529.78,4709.3,3791.42,2087.57,6945.09,5289.83,3938.74,2078.8,7678.87,5220.24,4012.31,2098.69,7018.34,0,0,0,0,0,0,0,0,0,0,0,0,0,0,0,0,0,0,0,0,0,0,0,0,0,0,0,0,0,0,0,0,0,0,0,0,0,0,0,0,0,0,0
Hydro Power,CHCL,PUBLISHED,IS,Profit Before Taxes,,474782.51,265239.8,871535.31,651059.61,493422.75,256414,868647.861,603630.37,484843.99,266205.45,930450.53,680385.11,504527.69,265459.55,990655.83,668658.31,513376.94,267641.56,918599.35,664345.85,503706.28,287083,967317,677596,510427,278118,969607.64,675636.23,538717,310919,975876,684102.26,541748.38,316959.82,996749,706281,563549,307969,949297,716635,566711,317809,865411.73,686538,533227,296574,938666.31,716708,568319,314899,963753.68,690127.81,539473.14,308780.25,932689.5,658763.82,498232.11,287014.82,845014.16,574558.63,439788.36,233446.8
Hydro Power,CHCL,PUBLISHED,IS,Over Prior Period_Profit Before Taxes,,0.790012321,-0.695663736,0.338641342,0.319476271,0.92432063,-0.704812489,0.439039359,0.24499918,0.821315041,-0.713896181,0.367535116,0.34855851,0.900582179,-0.732036554,0.481557643,0.302470481,0.918151052,-0.708641684,0.382712559,0.318915162,0.754566728,-0.703217249,0.427571886,0.327508145,0.835289338,-0.713164389,0.435103088,0.25415799,0.732660275,-0.681394972,0.426506031,0.262767523,0.709202069,-0.682006383,0.411264072,0.253273451,0.829888723,-0.675582036,0.324658997,0.264551067,0.783181093,-0.632765551,0.260544544,0.287515448,0.797955991,-0.684047465,0.309691408,0.2611016,0.804765973,-0.673257798,0.39648579,0.279262597,0.747110251,-0.668935643,0.415817736,0.322202658,0.735910745,-0.660343183,0.470718767,0.306443467,0.883891148,
Hydro Power,CHCL,PUBLISHED,IS,Period on Period_Profit Before Taxes,,-0.037777423,0.034420117,0.003324073,0.078573316,0.017693857,-0.036781553,-0.066422305,-0.112810729,-0.039014112,0.002809844,-0.060773175,0.017537806,-0.017237334,-0.008152732,0.078441684,0.006491288,0.019199006,-0.067720624,-0.050363686,-0.019554646,-0.013166858,0.032234519,-0.00236244,0.002900629,-0.052513657,-0.10549693,-0.006423316,-0.012375387,-0.00559555,-0.01905863,-0.020941079,-0.031402147,-0.038684515,0.029193912,0.049986464,-0.01444808,-0.005579563,-0.030961993,0.096931053,0.043838797,0.06279502,0.071601017,-0.078041131,-0.042095247,-0.061747012,-0.058193262,-0.026030894,0.03851488,0.053470429,0.019815872,0.033306025,0.047610371,0.082774733,0.075833819,0.10375606,0.146556305,0.132890625,0.229465643,,,,
Hydro Power,CHCL,PUBLISHED,IS,Taxes,,67147.07,54051.61,174367.55,130039.16,100591.75,41518,205039.49,125481.8,99912.63,54275.19,224506.1,143247.03,104622.85,54412.01,210872.76,138640.88,106013.83,54581.87,205633.9,135888.24,101384.65,58174,196926,138663,103779,55634,234809.76,118718.66,75000,36925,17948,12170.91,6429.42,1601.44,10891,6831,4315,593,19311,11957,4994,0,0,0,0,0,-1009.58,0,0,0,0,0,0,0,0,0,0,0,0,0,0,0
Hydro Power,CHCL,PUBLISHED,IS,Bonuses,,9576.07,5346.38,17568,13123.8,9945.81,5171,17160.35,11928.23,9581.09,5260.65,18380.31,13444.61,9969.93,5245.85,19575.19,13213.3,10144.89,5289.02,18149.37,13026.39,9876.59,5629,18900,13286,10008,5453,19011.91,13247.77,10563,6096,19135,13413.77,10622.52,6214.9,19544,0,0,0,0,0,0,0,0,0,0,0,0,0,0,0,0,0,0,0,0,0,0,0,0,0,0,0
Hydro Power,CHCL,PUBLISHED,IS,Net Profit,,398059.37,205841.81,679599.76,507896.65,382885.19,209725,646448.021,466220.34,375350.27,206669.61,687564.12,523693.47,389934.91,205801.69,760207.88,516804.13,397218.22,207770.67,694816.08,515431.22,392445.04,223280,751491,525647,396640,217031,715785.97,543669.8,453154,267898,938793,658517.58,524696.44,309143.48,966314,699450,559234,307376,929986,704678,561717,317809,865411.73,686538,533227,296574,939675.89,716708,568319,314899,963753.68,690127.81,539473.14,308780.25,932689.5,658763.82,498232.11,287014.82,845014.16,574558.63,439788.36,233446.8
Hydro Power,CHCL,PUBLISHED,IS,Over Prior Period_Net Profit,,0.933812038,-0.69711318,0.338067026,0.326498552,0.825653546,-0.675573297,0.386571896,0.242094058,0.816185118,-0.699417692,0.312913296,0.343027917,0.894711895,-0.729282351,0.470978725,0.301058471,0.911810844,-0.700970263,0.348028705,0.313384468,0.757636331,-0.702884,0.429649556,0.325249597,0.82757302,-0.696793442,0.316582179,0.199746223,0.691516921,-0.714635708,0.425615699,0.255044879,0.697258632,-0.680079684,0.381534062,0.250728675,0.819380823,-0.669483197,0.319731849,0.254507163,0.767467252,-0.632765551,0.260544544,0.287515448,0.797955991,-0.684386922,0.311100044,0.2611016,0.804765973,-0.673257798,0.39648579,0.279262597,0.747110251,-0.668935643,0.415817736,0.322202658,0.735910745,-0.660343183,0.470718767,0.306443467,0.883891148,
Hydro Power,CHCL,PUBLISHED,IS,Period on Period_Net Profit,,0.039631149,-0.018515628,0.051282915,0.089391874,0.020074369,0.014783935,-0.059799658,-0.109745745,-0.037402755,0.004217264,-0.095557757,0.01333066,-0.01833579,-0.009476699,0.094113826,0.002663614,0.012162671,-0.069461349,-0.075416632,-0.019434678,-0.01057624,0.028793122,0.049882271,-0.033150269,-0.12471257,-0.189874504,-0.237546541,-0.174403514,-0.136350153,-0.133418567,-0.02848039,-0.058520866,-0.061758691,0.005750221,0.039062954,-0.007418991,-0.004420375,-0.032827893,0.074616819,0.026422427,0.053429402,0.071601017,-0.079031675,-0.042095247,-0.061747012,-0.058193262,-0.024983344,0.03851488,0.053470429,0.019815872,0.033306025,0.047610371,0.082774733,0.075833819,0.10375606,0.146556305,0.132890625,0.229465643,,,,
Hydro Power,CHCL,PUBLISHED,KS,KEY FINANCIALS,,0,0,0,0,0,0,0,0,0,0,0,0,0,0,0,0,0,0,0,0,0,0,0,0,0,0,0,0,0,0,0,0,0,0,0,0,0,0,0,0,0,0,0,0,0,0,0,0,0,0,0,0,0,0,0,0,0,0,0,0,0,0
Hydro Power,CHCL,PUBLISHED,KS,Total Revenue (Rs. 000),,636581.19,353082.7,1124979.34,824905.76,640942.64,361855,1125447,782506.17,612037.41,342821.37,1128642.92,804246.86,636559.56,355838.71,1181740.18,823435.72,624894.16,351678.67,1128052.48,809225.97,639921.78,363947,1140739,803719,618663,351001,1170463.51,807555.44,624252,361648,1138490,804592.98,632180.69,369562.24,1196891,846589,654241,363128,1163138,827112,642523,366212,1037036.96,772293,589719,323519,985003.99,698038,549165,308337,968631.03,669712.67,516042.81,295696.83,900654.89,624324.69,480136.73,271479.31,885164.47,609406.49,474955.59,271483.75
Hydro Power,CHCL,PUBLISHED,KS,Growth Period on Period,,0.0158,-0.0242,-0.125,0.0792,0.0367,0.0555,0.0572,0.0166,-0.041,-0.0366,0,-0.1554,0.0275,0.0118,0,0.1727,-0.01,-0.0337,0,-0.0851,0.0311,0.0369,0,0.0096,0.0193,-0.0294,0,0.0632,-0.0001,-0.0214,0,-0.1036,-0.0979,0.0177,0,0.042,0.0536,-0.0084,0,0.011,0.038,0.132,-0.0774,0.2264,0.1054,0.0492,-0.04,-0.0312,0.093,0.0427,0.0817,0.0658,0.056,0.0892,0.0021,0.0724,0.0255,0,0,0,0,0
Hydro Power,CHCL,PUBLISHED,KS,Gross Profit (Rs. 000),,489839.15,269080.99,858545.77,636362.04,497536,274656,835186.02,585966.14,471233.9,269771.48,868382.52,625943.4,483056.09,268635.89,931396.9,646298.08,495824.75,272572.23,896072.13,643381.35,514679.05,284847,928286,659890,496518,292890,958083.27,671221.53,535982,323162,1018734,713506.16,570327.23,337285.44,1066419,760744,614103,344044,1032668,747671,592654,347312,943888.46,743799,547199,305457,885307.5,638566,508771,289403,878753.14,613569.99,489213.33,284684.95,798051.55,565872.2,443701.46,262086.97,811063.47,563464.02,451299.59,263414.9
Hydro Power,CHCL,PUBLISHED,KS,Margin (MRQ) %,,0.7695,0.7621,0.7632,0.7714,0.7763,0.759,0.7421,0.7488,0.7699,0.7869,0.7694,0.7783,0.7589,0.7549,0.7882,0.7849,0.7935,0.7751,0.7944,0.7951,0.8043,0.7827,0.8138,0.821,0.8026,0.8344,0.8186,0.8312,0.8586,0.8936,0.8948,0.8868,0.9022,0.9127,0.891,0.8986,0.9386,0.9474,0.8878,0.904,0.9224,0.9484,0.9102,0.9631,0.9279,0.9442,0.8988,0.9148,0.9264,0.9386,0.9072,0.9162,0.948,0.9628,0.8861,0.9064,0.9241,0.9654,0.9163,0.9246,0.9502,0.9703
Hydro Power,CHCL,PUBLISHED,KS,Net Income (Rs. 000),,398059.37,205841.81,679599.76,507896.65,382885.19,209725,646448.021,466220.34,375350.27,206669.61,687564.12,523693.47,389934.91,205801.69,760207.88,516804.13,397218.22,207770.67,694816.08,515431.22,392445.04,223280,751491,525647,396640,217031,715785.97,543669.8,453154,267898,938793,658517.58,524696.44,309143.48,966314,699450,559234,307376,929986,704678,561717,317809,865411.73,686538,533227,296574,939675.89,716708,568319,314899,963753.68,690127.81,539473.14,308780.25,932689.5,658763.82,498232.11,287014.82,845014.16,574558.63,439788.36,233446.8
Hydro Power,CHCL,PUBLISHED,KS,Margin %,,0.6253,0.583,0.6041,0.6157,0.5974,0.5796,0.5744,0.5958,0.6133,0.6028,0.6092,0.6512,0.6126,0.5784,0.6433,0.6276,0.6357,0.5908,0.6159,0.6369,0.6133,0.6135,0.6588,0.654,0.6411,0.6183,0.6115,0.6732,0.7259,0.7408,0.8246,0.8184,0.83,0.8365,0.8074,0.8262,0.8548,0.8465,0.7995,0.852,0.8742,0.8678,0.8345,0.889,0.9042,0.9167,0.954,1.0267,1.0349,1.0213,0.995,1.0305,1.0454,1.0442,1.0356,1.0552,1.0377,1.0572,0.9546,0.9428,0.926,0.8599
Hydro Power,CHCL,PUBLISHED,KS,Return on Asset (TTM) %,,0.0594,0.0581,0.0592,0.0608,0.0584,0.0584,0.0587,0.0577,0.0621,0.0636,0.064,0.072,0.0711,0.0716,0.0724,0.067,0.0677,0.0656,0.0675,0.0726,0.0737,0.0752,0.076,0.0717,0.0687,0.07,0.0764,0.0893,0.0955,0.0999,0.1069,0.1074,0.11,0.1166,0.1205,0.1179,0.1204,0.1213,0.1246,0.1195,0.1228,0.1236,0.1235,0.1326,0.1347,0.1406,0.1483,0.1615,0.1672,0.1694,0.1733,0.1795,0.19,0.1907,0.1959,0.2079,0.2126,0.2186,0,0,0,0
Hydro Power,CHCL,PUBLISHED,KS,Return on Equity (TTM) %,,0.0609,0.0595,0.0608,0.0625,0.0603,0.0603,0.0607,0.0596,0.0641,0.0655,0.0659,0.0741,0.0732,0.0737,0.0745,0.0688,0.0696,0.0673,0.0692,0.0744,0.0755,0.077,0.0778,0.0734,0.0702,0.0715,0.0779,0.091,0.0974,0.1019,0.1087,0.1092,0.1118,0.1183,0.122,0.1197,0.1221,0.1224,0.1255,0.1201,0.1231,0.1236,0.1235,0.1326,0.1347,0.1406,0.1483,0.1615,0.1672,0.1694,0.1733,0.1795,0.19,0.1907,0.1959,0.2079,0.2126,0.2186,0,0,0,0
Hydro Power,CHCL,PUBLISHED,KS,EPS (Anualized),,8.3935,9.3752,7.7382,7.7108,8.7194,10.5073,8.0968,7.7859,9.4026,11.3896,9.473,9.6203,10.7447,12.1924,11.2593,10.2058,11.7663,13.2322,11.0626,10.9421,12.4968,15.642,13.1615,12.2748,13.8934,18.245,15.0434,15.2348,19.0475,27.0255,23.6763,22.1437,26.4656,35.8643,28.026,27.0482,32.4389,39.2252,29.6696,29.9754,35.8412,46.64,31.7509,33.5843,39.1269,52.2284,41.3706,42.0722,50.0422,55.4556,55.1599,52.6654,61.7529,70.6914,69.3965,65.3536,103.7984,119.5895,102.3515,92.7905,120.556,127.9862
Hydro Power,CHCL,PUBLISHED,KS,Reported PE (Annualized),,55.996,51.6256,68.9372,61.6121,57.5041,56.9796,57.4301,58.3104,55.1977,41.4413,56.656,50.934,38.6237,29.7726,36.2366,44.0927,45.4688,45.5705,62.1009,59.8607,47.3722,32.0292,30.2397,29.9801,30.5901,23.1844,34.6331,33.1478,28.5601,26.6415,33.3667,34.8632,36.0467,24.6764,28.4736,33.2,25.1858,31.8673,48.5346,43.9027,37.9452,30.0171,53.0064,48.1475,42.835,34.4448,66.1339,45.8735,30.1945,22.7209,21.5918,21.8929,18.2987,13.6509,13.113,9.747,5.8671,7.1495,8.0311,10.0226,7.9631,7.1883
Hydro Power,CHCL,PUBLISHED,KS,Book Value per Share,,120.8617,132.4452,130.5864,128.6114,127.2079,139.889,135.1922,132.9348,131.7967,148.3364,145.489,143.2313,141.3884,156.7653,153.9429,150.3379,148.5667,164.1929,161.4033,158.665,156.5891,179.2461,175.2447,171.329,169.0696,200.0374,195.8064,194.7997,192.8973,232.1952,225.6717,218.6032,215.2282,251.2608,243.1414,235.4015,231.3349,248.0023,234.3563,236.2691,238.7244,277.2553,266.3603,259.7976,254.1729,309.5884,296.5313,286.7148,280.1818,269.0246,341.6349,325.9741,317.3515,304.1479,393.5922,373.2108,465.7731,513.7712,496.3939,463.6352,536.9897,517.6802
Hydro Power,CHCL,PUBLISHED,KS,Market Value Per Share,,470,484,533.45,475.08,501.4,598.7,465,454,519,472,0,490,415,363,0,450,535,603,0,655,592,501,0,368,425,423,0,505,544,720,0,772,954,885,0,898,817,1250,0,1316,1360,1400,1683,1617,1676,1799,2736,1930,1511,1260,1191,1153,1130,965,910,637,609,855,822,930,960,920
Hydro Power,CHCL,PUBLISHED,KS,Dividend Per Share (Rs.),,0,0,0,0,0,0,0,0,0,0,15,0,0,0,15,0,0,0,15,0,0,0,20,0,0,0,25,0,0,0,25,0,0,0,25,0,0,0,20,0,0,0,27,0,0,0,35,0,0,0,40,0,0,0,50,0,0,0,70,0,0,0
