"2011-07-17","72.07"
"2011-07-18","76.36"
"2011-07-19","76.36"
"2011-07-20","72.58"
"2011-07-21","69.38"
"2011-07-24","67.7"
"2011-07-25","65.17"
"2011-07-26","66.44"
"2011-07-27","66.44"
"2011-07-28","66.52"
"2011-07-31","68.12"
"2011-08-01","68.54"
"2011-08-02","69.38"
"2011-08-03","69.8"
"2011-08-04","68.45"
"2011-08-08","68.54"
"2011-08-09","67.28"
"2011-08-10","68.29"
"2011-08-11","68.29"
"2011-08-16","70.98"
"2011-08-17","70.64"
"2011-08-18","70.64"
"2011-08-22","70.56"
"2011-08-23","70.05"
"2011-08-24","68.79"
"2011-08-25","68.71"
"2011-08-28","70.05"
"2011-08-29","68.71"
"2011-08-30","69.8"
"2011-09-04","71.48"
"2011-09-05","70.64"
"2011-09-06","69.3"
"2011-09-07","69.8"
"2011-09-08","70.22"
"2011-09-12","69.63"
"2011-09-13","68.54"
"2011-09-14","66.02"
"2011-09-15","66.02"
"2011-09-18","65.17"
"2011-09-19","63.91"
"2011-09-20","64.75"
"2011-09-21","65.6"
"2011-09-22","65.26"
"2011-09-25","66.02"
"2011-09-26","65.26"
"2011-09-27","65.68"
"2011-09-29","66.44"
"2011-10-02","67.28"
"2011-10-09","67.28"
"2011-10-10","67.7"
"2011-10-12","68.54"
"2011-10-13","68.96"
"2011-10-16","71.48"
"2011-10-17","71.9"
"2011-10-18","72.66"
"2011-10-19","79.05"
"2011-10-20","72.83"
"2011-10-23","74.43"
"2011-10-24","74.93"
"2011-10-25","74.43"
"2011-10-30","74.43"
"2011-10-31","74.85"
"2011-11-02","76.28"
"2011-11-03","76.11"
"2011-11-06","76.28"
"2011-11-08","75.69"
"2011-11-10","75.77"
"2011-11-13","74.85"
"2011-11-14","74.85"
"2011-11-15","74.85"
"2011-11-16","73.25"
"2011-11-17","72.74"
"2011-11-20","72.74"
"2011-11-21","72.83"
"2011-11-22","71.48"
"2011-11-23","71.06"
"2011-11-24","70.05"
"2011-11-27","67.28"
"2011-11-28","65.76"
"2011-11-29","65.43"
"2011-11-30","65.17"
"2011-12-01","66.18"
"2011-12-04","67.87"
"2011-12-05","68.54"
"2011-12-06","69.88"
"2011-12-07","69.8"
"2011-12-08","68.87"
"2011-12-11","68.12"
"2011-12-12","67.02"
"2011-12-13","66.18"
"2011-12-14","68.12"
"2011-12-15","68.45"
"2011-12-18","68.45"
"2011-12-19","68.54"
"2011-12-20","69.55"
"2011-12-21","69.8"
"2011-12-22","69.38"
"2011-12-26","69.8"
"2011-12-28","71.97"
"2011-12-29","73.32"
"2012-01-01","73.44"
"2012-01-02","74.41"
"2012-01-03","74.9"
"2012-01-04","75.51"
"2012-01-05","74.78"
"2012-01-08","74.29"
"2012-01-09","74.17"
"2012-01-10","74.41"
"2012-01-11","74.41"
"2012-01-12","74.29"
"2012-01-16","74.29"
"2012-01-17","70.63"
"2012-01-18","74.41"
"2012-01-19","74.17"
"2012-01-22","74.05"
"2012-01-23","74.41"
"2012-01-25","74.66"
"2012-01-26","74.66"
"2012-01-29","74.9"
"2012-01-31","74.66"
"2012-02-01","74.29"
"2012-02-02","74.05"
"2012-02-05","74.41"
"2012-02-06","73.8"
"2012-02-07","73.19"
"2012-02-08","72.83"
"2012-02-09","72.46"
"2012-02-12","72.58"
"2012-02-13","72.1"
"2012-02-14","71.85"
"2012-02-15","71.97"
"2012-02-16","72.83"
"2012-02-21","72.58"
"2012-02-23","72.34"
"2012-02-26","71.97"
"2012-02-27","71.97"
"2012-02-28","72.34"
"2012-02-29","72.71"
"2012-03-01","72.95"
"2012-03-04","73.07"
"2012-03-05","73.07"
"2012-03-06","73.07"
"2012-03-11","72.95"
"2012-03-12","72.83"
"2012-03-13","72.83"
"2012-03-14","72.83"
"2012-03-15","72.58"
"2012-03-18","72.83"
"2012-03-19","72.71"
"2012-03-20","72.71"
"2012-03-21","72.71"
"2012-03-25","72.46"
"2012-03-26","71.97"
"2012-03-27","71.97"
"2012-03-28","71.61"
"2012-03-29","71.61"
"2012-04-01","71.73"
"2012-04-02","72.46"
"2012-04-03","72.71"
"2012-04-04","72.58"
"2012-04-05","72.58"
"2012-04-08","72.71"
"2012-04-09","73.19"
"2012-04-10","73.93"
"2012-04-11","74.41"
"2012-04-12","77.71"
"2012-04-15","83.81"
"2012-04-16","85.39"
"2012-04-17","82.95"
"2012-04-18","88.56"
"2012-04-19","89.66"
"2012-04-22","93.44"
"2012-04-24","100.89"
"2012-04-25","110.89"
"2012-04-26","109.3"
"2012-04-29","108.33"
"2012-04-30","103.81"
"2012-05-02","94.05"
"2012-05-03","95.88"
"2012-05-04","95.88"
"2012-05-07","101.62"
"2012-05-08","109.79"
"2012-05-09","106.62"
"2012-05-10","104.55"
"2012-05-13","99.06"
"2012-05-14","93.44"
"2012-05-15","102.72"
"2012-05-16","106.74"
"2012-05-17","108.08"
"2012-05-18","107.96"
"2012-05-20","106.13"
"2012-05-21","107.96"
"2012-05-22","105.64"
"2012-05-23","99.42"
"2012-05-24","103.69"
"2012-05-25","103.08"
"2012-05-27","107.47"
"2012-05-29","96.74"
"2012-05-30","87.1"
"2012-05-31","90.27"
"2012-06-01","91.49"
"2012-06-03","99.79"
"2012-06-04","96.74"
"2012-06-05","94.79"
"2012-06-06","93.93"
"2012-06-07","95.15"
"2012-06-08","93.93"
"2012-06-10","93.93"
"2012-06-11","95.15"
"2012-06-12","95.15"
"2012-06-13","95.03"
"2012-06-14","95.03"
"2012-06-15","93.32"
"2012-06-17","95.15"
"2012-06-18","96.25"
"2012-06-19","96.01"
"2012-06-20","96.13"
"2012-06-21","98.81"
"2012-06-22","98.81"
"2012-06-25","101.62"
"2012-06-26","101.37"
"2012-06-27","102.47"
"2012-06-28","102.84"
"2012-06-29","100.89"
"2012-07-01","101.5"
"2012-07-02","102.47"
"2012-07-03","102.47"
"2012-07-04","103.2"
"2012-07-05","103.08"
"2012-07-06","103.69"
"2012-07-08","103.69"
"2012-07-09","105.16"
"2012-07-10","106.99"
"2012-07-11","107.96"
"2012-07-12","106.5"
"2012-07-13","108.57"
"2012-07-15","111.01"
"2012-07-16","107.47"
"2012-07-17","107.6"
"2012-07-18","110.28"
"2012-07-19","111.74"
"2012-07-20","111.74"
"2012-07-22","117.6"
"2012-07-23","119.79"
"2012-07-24","116.62"
"2012-07-25","120.28"
"2012-07-26","122.23"
"2012-07-27","122.23"
"2012-07-29","118.33"
"2012-07-30","119.18"
"2012-07-31","119.55"
"2012-08-01","121.62"
"2012-08-05","123.82"
"2012-08-06","126.87"
"2012-08-07","130.53"
"2012-08-08","133.58"
"2012-08-10","133.58"
"2012-08-12","131.51"
"2012-08-13","130.04"
"2012-08-14","129.07"
"2012-08-15","126.02"
"2012-08-16","126.63"
"2012-08-17","124.19"
"2012-08-19","126.75"
"2012-08-21","126.87"
"2012-08-22","127.48"
"2012-08-23","128.09"
"2012-08-24","127.24"
"2012-08-26","127.97"
"2012-08-27","128.94"
"2012-08-28","130.53"
"2012-08-29","130.77"
"2012-08-30","130.53"
"2012-09-02","133.46"
"2012-09-03","133.82"
"2012-09-04","133.7"
"2012-09-05","133.82"
"2012-09-06","134.07"
"2012-09-07","131.87"
"2012-09-09","134.19"
"2012-09-10","133.95"
"2012-09-11","133.58"
"2012-09-12","133.82"
"2012-09-13","134.19"
"2012-09-14","131.51"
"2012-09-16","137.61"
"2012-09-17","142.12"
"2012-09-18","144.56"
"2012-09-19","138.34"
"2012-09-20","138.46"
"2012-09-21","141.14"
"2012-09-23","138.09"
"2012-09-24","139.68"
"2012-09-25","143.29"
"2012-09-26","141.67"
"2012-09-27","140.38"
"2012-09-28","138.77"
"2012-09-30","140.54"
"2012-10-01","140.7"
"2012-10-02","145.22"
"2012-10-03","149.42"
"2012-10-04","156.52"
"2012-10-05","154.9"
"2012-10-07","162.16"
"2012-10-08","159.58"
"2012-10-09","156.19"
"2012-10-10","155.23"
"2012-10-11","153.77"
"2012-10-12","151.68"
"2012-10-14","153.45"
"2012-10-15","155.71"
"2012-10-17","157.32"
"2012-10-18","159.74"
"2012-10-30","162.97"
"2012-10-31","166.68"
"2012-11-01","166.52"
"2012-11-04","167.01"
"2012-11-05","173.94"
"2012-11-06","178.3"
"2012-11-07","181.37"
"2012-11-08","180.72"
"2012-11-11","182.33"
"2012-11-12","183.95"
"2012-11-16","183.95"
"2012-11-18","185.56"
"2012-11-20","189.11"
"2012-11-21","187.5"
"2012-11-22","183.3"
"2012-11-25","183.95"
"2012-11-26","182.17"
"2012-11-27","182.66"
"2012-11-28","181.69"
"2012-11-29","180.4"
"2012-11-30","183.95"
"2012-12-02","180.4"
"2012-12-03","178.14"
"2012-12-04","182.98"
"2012-12-05","185.56"
"2012-12-06","183.14"
"2012-12-09","181.37"
"2012-12-10","179.11"
"2012-12-11","180.88"
"2012-12-12","182.33"
"2012-12-13","182.01"
"2012-12-16","186.21"
"2012-12-17","189.6"
"2012-12-18","185.4"
"2012-12-19","184.92"
"2012-12-20","184.11"
"2012-12-21","180.56"
"2012-12-23","186.37"
"2012-12-24","187.01"
"2012-12-26","187.34"
"2012-12-27","187.98"
"2012-12-31","184.75"
"2013-01-01","185.56"
"2013-01-02","185.56"
"2013-01-03","186.21"
"2013-01-06","183.14"
"2013-01-07","183.79"
"2013-01-08","183.62"
"2013-01-09","182.17"
"2013-01-10","183.95"
"2013-01-11","180.4"
"2013-01-13","182.33"
"2013-01-15","180.88"
"2013-01-16","180.08"
"2013-01-17","178.78"
"2013-01-20","174.43"
"2013-01-21","178.46"
"2013-01-22","179.43"
"2013-01-23","178.3"
"2013-01-24","174.75"
"2013-01-27","174.1"
"2013-01-28","175.07"
"2013-01-30","173.3"
"2013-01-31","171.85"
"2013-02-03","175.07"
"2013-02-04","175.56"
"2013-02-05","175.56"
"2013-02-06","175.07"
"2013-02-07","172.65"
"2013-02-10","175.07"
"2013-02-12","182.98"
"2013-02-13","180.4"
"2013-02-14","181.85"
"2013-02-15","178.3"
"2013-02-17","196.05"
"2013-02-19","192.02"
"2013-02-20","188.79"
"2013-02-21","189.6"
"2013-02-22","189.6"
"2013-02-24","185.72"
"2013-02-25","189.6"
"2013-02-26","190.24"
"2013-02-27","187.5"
"2013-02-28","190.89"
"2013-03-01","190.89"
"2013-03-03","190.4"
"2013-03-04","189.43"
"2013-03-05","188.47"
"2013-03-06","191.21"
"2013-03-07","189.43"
"2013-03-11","187.98"
"2013-03-13","190.4"
"2013-03-14","191.37"
"2013-03-15","191.37"
"2013-03-17","188.79"
"2013-03-18","188.95"
"2013-03-19","188.14"
"2013-03-20","187.17"
"2013-03-21","187.34"
"2013-03-22","185.56"
"2013-03-24","183.95"
"2013-03-25","185.56"
"2013-03-27","182.82"
"2013-03-28","185.4"
"2013-03-29","183.95"
"2013-03-31","181.04"
"2013-04-01","182.5"
"2013-04-02","186.69"
"2013-04-03","186.85"
"2013-04-04","185.56"
"2013-04-05","185.56"
"2013-04-07","186.37"
"2013-04-08","185.56"
"2013-04-09","186.05"
"2013-04-11","186.05"
"2013-04-12","186.05"
"2013-04-15","187.01"
"2013-04-16","186.37"
"2013-04-17","185.08"
"2013-04-18","185.72"
"2013-04-21","181.85"
"2013-04-22","182.01"
"2013-04-23","185.56"
"2013-04-25","183.62"
"2013-04-26","180.08"
"2013-04-28","182.33"
"2013-04-29","182.5"
"2013-04-30","182.98"
"2013-05-02","179.75"
"2013-05-03","179.75"
"2013-05-05","178.62"
"2013-05-06","177.01"
"2013-05-07","181.2"
"2013-05-08","177.65"
"2013-05-09","178.62"
"2013-05-10","178.62"
"2013-05-12","177.01"
"2013-05-13","177.65"
"2013-05-14","179.91"
"2013-05-15","181.2"
"2013-05-16","182.5"
"2013-05-17","182.5"
"2013-05-19","183.46"
"2013-05-20","183.46"
"2013-05-21","183.46"
"2013-05-22","184.75"
"2013-05-23","184.59"
"2013-05-24","181.04"
"2013-05-26","185.4"
"2013-05-27","185.72"
"2013-05-28","185.72"
"2013-05-30","185.72"
"2013-05-31","187.17"
"2013-06-02","185.56"
"2013-06-03","185.08"
"2013-06-04","185.4"
"2013-06-05","184.92"
"2013-06-06","184.75"
"2013-06-09","184.59"
"2013-06-10","184.75"
"2013-06-11","185.4"
"2013-06-12","185.08"
"2013-06-13","183.46"
"2013-06-14","185.56"
"2013-06-16","183.79"
"2013-06-17","183.14"
"2013-06-18","182.33"
"2013-06-19","183.79"
"2013-06-20","182.33"
"2013-06-21","183.14"
"2013-06-23","181.53"
"2013-06-24","182.33"
"2013-06-25","183.14"
"2013-06-26","182.98"
"2013-06-27","182.33"
"2013-06-28","182.33"
"2013-06-30","181.69"
"2013-07-01","182.33"
"2013-07-02","182.01"
"2013-07-03","183.14"
"2013-07-04","183.3"
"2013-07-05","183.3"
"2013-07-07","182.17"
"2013-07-08","182.01"
"2013-07-09","183.46"
"2013-07-10","187.17"
"2013-07-11","187.34"
"2013-07-12","183.62"
"2013-07-14","192.5"
"2013-07-15","192.18"
"2013-07-16","192.02"
"2013-07-17","196.86"
"2013-07-18","204.92"
"2013-07-19","204.92"
"2013-07-21","213.8"
"2013-07-22","209.28"
"2013-07-23","210.89"
"2013-07-24","211.22"
"2013-07-25","210.89"
"2013-07-26","211.38"
"2013-07-28","215.41"
"2013-07-29","221.87"
"2013-07-30","229.13"
"2013-07-31","229.61"
"2013-08-01","227.35"
"2013-08-04","228.32"
"2013-08-05","223.48"
"2013-08-06","226.71"
"2013-08-07","225.09"
"2013-08-08","225.9"
"2013-08-11","225.58"
"2013-08-12","224.93"
"2013-08-13","225.74"
"2013-08-14","225.58"
"2013-08-15","225.09"
"2013-08-16","225.09"
"2013-08-18","225.9"
"2013-08-19","227.19"
"2013-08-20","229.93"
"2013-08-23","229.93"
"2013-08-25","229.29"
"2013-08-26","232.52"
"2013-08-27","236.71"
"2013-08-29","250.75"
"2013-08-30","250.75"
"2013-09-01","253.33"
"2013-09-02","248.65"
"2013-09-03","245.91"
"2013-09-04","243.49"
"2013-09-05","243.97"
"2013-09-06","239.13"
"2013-09-08","253.33"
"2013-09-09","255.91"
"2013-09-10","252.52"
"2013-09-11","254.94"
"2013-09-12","257.37"
"2013-09-13","252.52"
"2013-09-16","272.33"
"2013-09-17","263.04"
"2013-09-19","255.44"
"2013-09-22","248.26"
"2013-09-23","244.88"
"2013-09-24","248.05"
"2013-09-25","257.13"
"2013-09-26","258.18"
"2013-09-29","257.76"
"2013-09-30","259.03"
"2013-10-01","259.66"
"2013-10-02","259.87"
"2013-10-03","259.24"
"2013-10-06","258.6"
"2013-10-07","258.6"
"2013-10-08","260.71"
"2013-10-09","264.51"
"2013-10-10","263.88"
"2013-10-17","265.99"
"2013-10-20","278.66"
"2013-10-21","286.68"
"2013-10-22","282.88"
"2013-10-23","280.35"
"2013-10-24","276.76"
"2013-10-27","271.27"
"2013-10-28","270.85"
"2013-10-29","268.74"
"2013-10-30","268.95"
"2013-10-31","268.1"
"2013-11-06","268.53"
"2013-11-07","269.16"
"2013-11-10","268.1"
"2013-11-11","272.33"
"2013-11-12","282.88"
"2013-11-13","279.71"
"2013-11-14","278.66"
"2013-11-21","295.34"
"2013-11-24","318.77"
"2013-11-25","311.38"
"2013-11-26","311.38"
"2013-11-27","311.38"
"2013-11-28","309.27"
"2013-12-01","306.52"
"2013-12-02","307.58"
"2013-12-03","312.44"
"2013-12-04","319.82"
"2013-12-05","318.14"
"2013-12-08","317.71"
"2013-12-09","316.66"
"2013-12-10","313.91"
"2013-12-11","311.38"
"2013-12-12","316.66"
"2013-12-15","318.77"
"2013-12-16","333.34"
"2013-12-18","344.73"
"2013-12-19","344.1"
"2013-12-22","338.82"
"2013-12-23","333.55"
"2013-12-24","334.18"
"2013-12-26","336.71"
"2013-12-29","334.81"
"2013-12-31","323.84"
"2014-01-01","310.11"
"2014-01-02","314.34"
"2014-01-05","310.32"
"2014-01-06","311.38"
"2014-01-07","312.65"
"2014-01-08","314.34"
"2014-01-09","313.91"
"2014-01-12","317.92"
"2014-01-13","316.66"
"2014-01-14","318.98"
"2014-01-16","324.05"
"2014-01-19","322.99"
"2014-01-20","323.84"
"2014-01-21","316.87"
"2014-01-22","316.66"
"2014-01-23","316.87"
"2014-01-26","319.82"
"2014-01-27","318.77"
"2014-01-28","322.99"
"2014-01-29","317.92"
"2014-02-02","317.29"
"2014-02-03","316.45"
"2014-02-04","314.97"
"2014-02-05","315.6"
"2014-02-06","318.56"
"2014-02-09","317.71"
"2014-02-10","329.32"
"2014-02-11","327.21"
"2014-02-12","327.42"
"2014-02-13","329.32"
"2014-02-16","327"
"2014-02-17","327.21"
"2014-02-18","329.11"
"2014-02-20","337.77"
"2014-02-23","358.88"
"2014-02-24","371.55"
"2014-02-25","371.55"
"2014-02-26","371.55"
"2014-03-03","353.6"
"2014-03-04","357.4"
"2014-03-05","363.1"
"2014-03-06","358.67"
"2014-03-09","354.66"
"2014-03-10","354.66"
"2014-03-11","353.6"
"2014-03-12","352.55"
"2014-03-13","352.12"
"2014-03-17","345.16"
"2014-03-18","339.67"
"2014-03-19","340.3"
"2014-03-20","352.55"
"2014-03-23","352.55"
"2014-03-24","358.46"
"2014-03-25","361.2"
"2014-03-26","365.21"
"2014-03-27","372.6"
"2014-03-31","379.99"
"2014-04-01","392.66"
"2014-04-02","401.1"
"2014-04-03","396.88"
"2014-04-06","390.54"
"2014-04-07","393.71"
"2014-04-09","398.99"
"2014-04-10","400.89"
"2014-04-13","407.43"
"2014-04-15","410.18"
"2014-04-16","409.54"
"2014-04-17","408.28"
"2014-04-20","404.27"
"2014-04-21","398.78"
"2014-04-22","400.04"
"2014-04-23","398.99"
"2014-04-27","398.99"
"2014-04-28","397.93"
"2014-04-29","398.57"
"2014-04-30","394.77"
"2014-05-04","398.36"
"2014-05-05","398.99"
"2014-05-06","402.37"
"2014-05-07","403.63"
"2014-05-08","409.54"
"2014-05-11","403.42"
"2014-05-12","403.21"
"2014-05-13","403.84"
"2014-05-15","406.38"
"2014-05-18","410.6"
"2014-05-19","413.77"
"2014-05-20","422.21"
"2014-05-21","426.43"
"2014-05-22","442.9"
"2014-05-25","471.82"
"2014-05-26","461.26"
"2014-05-27","465.49"
"2014-05-28","483.43"
"2014-06-01","506.44"
"2014-06-02","505.6"
"2014-06-03","500.32"
"2014-06-04","495.04"
"2014-06-05","489.76"
"2014-06-08","491.66"
"2014-06-09","494.62"
"2014-06-10","506.65"
"2014-06-11","500.32"
"2014-06-12","502.43"
"2014-06-15","502.85"
"2014-06-16","501.8"
"2014-06-17","501.38"
"2014-06-18","501.38"
"2014-06-19","498.21"
"2014-06-23","492.93"
"2014-06-24","497.36"
"2014-06-25","502.43"
"2014-06-26","506.23"
"2014-06-29","517.21"
"2014-06-30","525.86"
"2014-07-01","540.43"
"2014-07-02","561.54"
"2014-07-03","557.74"
"2014-07-06","557.32"
"2014-07-07","561.75"
"2014-07-08","565.76"
"2014-07-09","563.65"
"2014-07-10","560.48"
"2014-07-13","565.76"
"2014-07-14","560.48"
"2014-07-15","569.98"
"2014-07-16","577.58"
"2014-07-17","578.01"
"2014-07-20","578.85"
"2014-07-21","578.22"
"2014-07-22","576.32"
"2014-07-23","569.98"
"2014-07-24","559.43"
"2014-07-27","546.76"
"2014-07-28","548.24"
"2014-07-30","552.46"
"2014-07-31","566.82"
"2014-08-03","556.26"
"2014-08-04","549.51"
"2014-08-05","552.04"
"2014-08-06","545.92"
"2014-08-07","545.07"
"2014-08-12","536.21"
"2014-08-13","540.43"
"2014-08-14","534.1"
"2014-08-18","516.15"
"2014-08-19","518.05"
"2014-08-20","505.39"
"2014-08-21","474.99"
"2014-08-24","464.43"
"2014-08-25","435.09"
"2014-08-26","451.13"
"2014-08-27","495.89"
"2014-08-28","513.62"
"2014-08-31","489.55"
"2014-09-01","486.6"
"2014-09-03","475.83"
"2014-09-04","470.76"
"2014-09-07","437.2"
"2014-09-09","480.05"
"2014-09-10","458.1"
"2014-09-11","457.04"
"2014-09-14","449.65"
"2014-09-15","450.71"
"2014-09-16","442.27"
"2014-09-17","439.1"
"2014-09-18","433.61"
"2014-09-21","422.21"
"2014-09-22","452.4"
"2014-09-23","443.87"
"2014-09-24","446.42"
"2014-09-28","462.75"
"2014-09-29","499.23"
"2014-09-30","482.14"
"2014-10-08","458.92"
"2014-10-09","466.83"
"2014-10-12","464.28"
"2014-10-13","459.18"
"2014-10-14","456.88"
"2014-10-15","454.08"
"2014-10-16","458.92"
"2014-10-19","463.01"
"2014-10-20","461.99"
"2014-10-21","458.67"
"2014-10-22","458.41"
"2014-10-26","456.63"
"2014-10-27","454.08"
"2014-10-28","447.19"
"2014-10-30","433.67"
"2014-11-02","420.91"
"2014-11-03","417.85"
"2014-11-04","413.26"
"2014-11-05","419.64"
"2014-11-06","421.17"
"2014-11-09","414.54"
"2014-11-10","407.9"
"2014-11-11","408.16"
"2014-11-12","402.55"
"2014-11-13","396.42"
"2014-11-16","392.85"
"2014-11-17","378.06"
"2014-11-18","364.79"
"2014-11-19","377.55"
"2014-11-20","386.48"
"2014-11-23","405.61"
"2014-11-24","400.51"
"2014-11-25","395.4"
"2014-11-30","388.77"
"2014-12-01","389.03"
"2014-12-02","386.48"
"2014-12-03","387.75"
"2014-12-04","390.56"
"2014-12-07","391.58"
"2014-12-08","391.58"
"2014-12-09","390.81"
"2014-12-10","394.89"
"2014-12-11","405.61"
"2014-12-14","434.94"
"2014-12-15","441.32"
"2014-12-16","438.77"
"2014-12-17","427.8"
"2014-12-18","426.27"
"2014-12-21","423.72"
"2014-12-22","420.91"
"2014-12-23","413.26"
"2014-12-24","422.19"
"2014-12-28","431.12"
"2014-12-29","432.39"
"2014-12-31","426.02"
"2015-01-01","426.53"
"2015-01-04","429.59"
"2015-01-05","433.92"
"2015-01-06","431.37"
"2015-01-07","433.67"
"2015-01-08","436.22"
"2015-01-11","433.92"
"2015-01-12","428.57"
"2015-01-13","429.33"
"2015-01-14","427.55"
"2015-01-18","428.57"
"2015-01-19","446.42"
"2015-01-20","436.48"
"2015-01-22","432.65"
"2015-01-25","432.14"
"2015-01-26","432.9"
"2015-01-27","434.69"
"2015-01-28","440.05"
"2015-01-29","441.58"
"2015-02-01","438.26"
"2015-02-02","437.5"
"2015-02-03","433.92"
"2015-02-04","433.41"
"2015-02-05","432.14"
"2015-02-08","431.37"
"2015-02-09","432.39"
"2015-02-10","429.84"
"2015-02-11","428.57"
"2015-02-12","430.61"
"2015-02-15","429.33"
"2015-02-16","423.47"
"2015-02-18","417.09"
"2015-02-22","408.41"
"2015-02-23","410.71"
"2015-02-24","409.18"
"2015-02-25","408.16"
"2015-02-26","413.77"
"2015-03-01","408.16"
"2015-03-02","414.54"
"2015-03-03","417.09"
"2015-03-04","417.34"
"2015-03-09","426.02"
"2015-03-10","420.91"
"2015-03-11","419.64"
"2015-03-12","413.52"
"2015-03-15","410.71"
"2015-03-16","408.16"
"2015-03-17","409.18"
"2015-03-18","410.46"
"2015-03-19","415.81"
"2015-03-22","408.92"
"2015-03-23","411.99"
"2015-03-24","405.61"
"2015-03-25","406.63"
"2015-03-26","403.06"
"2015-03-29","401.02"
"2015-03-30","399.49"
"2015-03-31","404.59"
"2015-04-01","403.57"
"2015-04-02","400.76"
"2015-04-05","401.53"
"2015-04-06","398.98"
"2015-04-07","398.21"
"2015-04-08","402.8"
"2015-04-09","407.65"
"2015-04-12","411.22"
"2015-04-13","412.5"
"2015-04-15","408.16"
"2015-04-16","405.35"
"2015-04-19","408.16"
"2015-04-20","409.43"
"2015-04-21","409.43"
"2015-04-22","409.18"
"2015-04-23","406.37"
"2015-05-24","365.81"
"2015-05-25","329.33"
"2015-05-26","317.34"
"2015-05-27","316.32"
"2015-05-28","323.98"
"2015-05-31","354.59"
"2015-06-01","375"
"2015-06-02","376.53"
"2015-06-03","392.85"
"2015-06-04","389.03"
"2015-06-07","393.36"
"2015-06-08","400"
"2015-06-09","414.54"
"2015-06-10","403.06"
"2015-06-11","397.96"
"2015-06-14","389.03"
"2015-06-15","392.85"
"2015-06-16","392.09"
"2015-06-17","390.3"
"2015-06-18","391.07"
"2015-06-21","382.14"
"2015-06-22","382.65"
"2015-06-23","382.65"
"2015-06-24","382.65"
"2015-06-25","386.48"
"2015-06-28","388.52"
"2015-06-29","395.15"
"2015-06-30","395.4"
"2015-07-01","395.4"
"2015-07-02","389.03"
"2015-07-05","391.07"
"2015-07-06","387.75"
"2015-07-07","390.3"
"2015-07-08","392.85"
"2015-07-09","392.6"
"2015-07-12","396.68"
"2015-07-13","395.15"
"2015-07-14","401.53"
"2015-07-15","404.33"
"2015-07-16","429.33"
"2015-07-22","417.09"
"2015-07-23","417.85"
"2015-07-26","433.67"
"2015-07-27","408.92"
"2015-07-28","403.06"
"2015-07-29","400"
"2015-07-30","401.02"
"2015-08-02","396.42"
"2015-08-03","400.51"
"2015-08-04","397.96"
"2015-08-05","395.66"
"2015-08-06","403.31"
"2015-08-09","396.68"
"2015-08-10","389.28"
"2015-08-11","383.16"
"2015-08-12","385.2"
"2015-08-13","387.75"
"2015-08-16","381.37"
"2015-08-17","385.97"
"2015-08-18","382.65"
"2015-08-19","384.95"
"2015-08-20","381.37"
"2015-08-23","381.37"
"2015-08-24","380.86"
"2015-08-25","380.1"
"2015-08-26","379.84"
"2015-08-27","380.61"
"2015-08-31","377.55"
"2015-09-01","377.29"
"2015-09-02","372.45"
"2015-09-03","371.17"
"2015-09-06","362.5"
"2015-09-07","362.24"
"2015-09-08","362.75"
"2015-09-09","361.22"
"2015-09-10","359.44"
"2015-09-13","367.34"
"2015-09-14","377.55"
"2015-09-15","383.67"
"2015-09-16","382.65"
"2015-09-17","378.82"
"2015-09-22","365.3"
"2015-09-23","372.96"
"2015-09-24","367.09"
"2015-09-28","361.48"
"2015-09-29","362.5"
"2015-09-30","364.79"
"2015-10-01","363.52"
"2015-10-04","362.24"
"2015-10-05","359.95"
"2015-10-06","358.41"
"2015-10-07","354.59"
"2015-10-08","358.41"
"2015-10-11","353.06"
"2015-10-14","353.57"
"2015-10-15","357.14"
"2015-10-18","354.59"
"2015-10-19","354.59"
"2015-10-25","350.76"
"2015-10-27","335.46"
"2015-10-28","333.67"
"2015-10-29","343.11"
"2015-11-01","343.11"
"2015-11-02","347.19"
"2015-11-03","349.49"
"2015-11-04","355.35"
"2015-11-05","357.14"
"2015-11-08","359.69"
"2015-11-09","359.69"
"2015-11-10","359.69"
"2015-11-15","354.84"
"2015-11-16","353.06"
"2015-11-18","352.04"
"2015-11-19","348.72"
"2015-11-22","343.36"
"2015-11-23","343.11"
"2015-11-24","340.3"
"2015-11-25","339.79"
"2015-11-26","333.42"
"2015-11-29","330.35"
"2015-11-30","334.18"
"2015-12-01","339.28"
"2015-12-02","338.52"
"2015-12-03","338.01"
"2015-12-06","341.58"
"2015-12-07","344.13"
"2015-12-08","344.38"
"2015-12-09","349.23"
"2015-12-10","349.49"
"2015-12-13","346.94"
"2015-12-14","344.38"
"2015-12-15","341.32"
"2015-12-16","344.13"
"2015-12-17","341.83"
"2015-12-20","355.19"
"2015-12-21","347.79"
"2015-12-22","345.72"
"2015-12-23","349.27"
"2015-12-24","347.79"
"2015-12-27","347.79"
"2015-12-28","347.79"
"2015-12-29","346.31"
"2015-12-31","347.49"
"2016-01-03","345.13"
"2016-01-04","340.39"
"2016-01-05","343.35"
"2016-01-06","346.31"
"2016-01-07","354.6"
"2016-01-10","367.03"
"2016-01-11","369.99"
"2016-01-12","369.99"
"2016-01-13","406.99"
"2016-01-14","402.55"
"2016-01-17","396.63"
"2016-01-18","396.63"
"2016-01-19","396.63"
"2016-01-20","392.78"
"2016-01-21","383.01"
"2016-01-24","380.35"
"2016-01-25","377.39"
"2016-01-26","377.39"
"2016-01-27","377.39"
"2016-01-28","380.05"
"2016-01-31","383.9"
"2016-02-01","379.17"
"2016-02-02","380.35"
"2016-02-03","379.17"
"2016-02-04","381.83"
"2016-02-07","389.52"
"2016-02-08","401.96"
"2016-02-11","416.46"
"2016-02-14","408.17"
"2016-02-15","409.65"
"2016-02-16","404.03"
"2016-02-17","405.51"
"2016-02-18","409.36"
"2016-02-21","408.47"
"2016-02-22","409.95"
"2016-02-23","409.95"
"2016-02-24","405.8"
"2016-02-25","405.51"
"2016-02-28","403.44"
"2016-02-29","402.55"
"2016-03-01","399.59"
"2016-03-02","395.44"
"2016-03-03","394.26"
"2016-03-06","391.6"
"2016-03-10","391.3"
"2016-03-13","388.64"
"2016-03-14","390.71"
"2016-03-15","391.6"
"2016-03-16","390.71"
"2016-03-17","389.23"
"2016-03-20","399.59"
"2016-03-21","395.15"
"2016-03-23","389.82"
"2016-03-24","392.19"
"2016-03-27","396.63"
"2016-03-28","395.15"
"2016-03-29","393.67"
"2016-03-30","398.11"
"2016-03-31","399.29"
"2016-04-03","395.44"
"2016-04-04","393.96"
"2016-04-05","394.56"
"2016-04-06","391.3"
"2016-04-10","390.12"
"2016-04-11","389.23"
"2016-04-12","389.52"
"2016-04-14","390.41"
"2016-04-17","390.12"
"2016-04-18","395.15"
"2016-04-19","391.6"
"2016-04-20","392.19"
"2016-04-21","390.71"
"2016-04-24","391.3"
"2016-04-25","389.52"
"2016-04-26","389.23"
"2016-04-27","388.34"
"2016-04-28","388.04"
"2016-05-02","385.38"
"2016-05-03","384.2"
"2016-05-04","383.31"
"2016-05-05","382.13"
"2016-05-08","380.35"
"2016-05-09","379.17"
"2016-05-10","378.87"
"2016-05-11","376.5"
"2016-05-12","375.91"
"2016-05-15","374.13"
"2016-05-16","372.65"
"2016-05-17","375.91"
"2016-05-18","377.39"
"2016-05-19","380.35"
"2016-05-22","381.53"
"2016-05-23","380.35"
"2016-05-24","379.76"
"2016-05-25","380.05"
"2016-05-26","384.79"
"2016-05-29","402.55"
"2016-05-30","412.91"
"2016-05-31","452.87"
"2016-06-01","435.4"
"2016-06-02","420.01"
"2016-06-05","405.51"
"2016-06-06","414.39"
"2016-06-07","414.98"
"2016-06-08","414.39"
"2016-06-09","412.61"
"2016-06-12","408.17"
"2016-06-13","409.65"
"2016-06-14","414.39"
"2016-06-15","412.02"
"2016-06-16","412.91"
"2016-06-19","405.51"
"2016-06-20","405.51"
"2016-06-21","405.51"
"2016-06-22","414.39"
"2016-06-23","418.83"
"2016-06-26","420.31"
"2016-06-27","425.93"
"2016-06-28","433.92"
"2016-06-29","436.29"
"2016-06-30","431.26"
"2016-07-03","429.19"
"2016-07-04","426.23"
"2016-07-05","426.52"
"2016-07-06","424.75"
"2016-07-10","422.68"
"2016-07-11","416.16"
"2016-07-12","412.91"
"2016-07-13","413.5"
"2016-07-14","426.23"
"2016-07-17","420.31"
"2016-07-18","417.35"
"2016-07-19","416.76"
"2016-07-20","414.09"
"2016-07-21","412.61"
"2016-07-25","410.84"
"2016-07-26","411.43"
"2016-07-27","414.39"
"2016-07-28","412.61"
"2016-07-31","411.13"
"2016-08-01","406.99"
"2016-08-02","405.51"
"2016-08-03","404.62"
"2016-08-04","399.59"
"2016-08-07","394.56"
"2016-08-08","380.65"
"2016-08-09","403.44"
"2016-08-10","393.67"
"2016-08-11","392.19"
"2016-08-14","386.27"
"2016-08-15","381.83"
"2016-08-16","384.79"
"2016-08-17","383.01"
"2016-08-21","378.87"
"2016-08-22","369.99"
"2016-08-23","368.81"
"2016-08-24","375.91"
"2016-08-28","372.36"
"2016-08-29","366.73"
"2016-08-30","390.71"
"2016-08-31","380.35"
"2016-09-01","375.91"
"2016-09-04","372.95"
"2016-09-05","374.43"
"2016-09-06","380.05"
"2016-09-07","376.21"
"2016-09-08","393.08"
"2016-09-11","404.03"
"2016-09-12","393.08"
"2016-09-14","390.71"
"2016-09-18","391"
"2016-09-20","382.13"
"2016-09-21","377.39"
"2016-09-22","380.35"
"2016-09-25","372.06"
"2016-09-26","372.95"
"2016-09-27","372.95"
"2016-09-28","372.95"
"2016-09-29","370.58"
"2016-10-02","369.99"
"2016-10-03","369.99"
"2016-10-04","370.29"
"2016-10-05","369.69"
"2016-10-06","372.95"
"2016-10-16","369.99"
"2016-10-17","373.25"
"2016-10-18","369.99"
"2016-10-19","371.77"
"2016-10-20","371.17"
"2016-10-23","368.21"
"2016-10-24","367.03"
"2016-10-25","367.03"
"2016-10-26","365.55"
"2016-10-27","369.99"
"2016-11-03","367.62"
"2016-11-07","365.55"
"2016-11-08","362"
"2016-11-09","358.15"
"2016-11-10","359.04"
"2016-11-13","357.26"
"2016-11-14","354.6"
"2016-11-15","353.71"
"2016-11-16","347.79"
"2016-11-17","336.25"
"2016-11-20","322.63"
"2016-11-21","323.81"
"2016-11-22","319.97"
"2016-11-23","316.71"
"2016-11-24","315.23"
"2016-11-27","295.99"
"2016-11-28","304.58"
"2016-11-29","319.67"
"2016-11-30","319.67"
"2016-12-01","314.34"
"2016-12-04","303.39"
"2016-12-05","295.99"
"2016-12-06","297.77"
"2016-12-07","307.83"
"2016-12-08","302.5"
"2016-12-11","294.81"
"2016-12-12","295.99"
"2016-12-14","293.62"
"2016-12-15","290.07"
"2016-12-18","284.45"
"2016-12-19","283.56"
"2016-12-20","274.98"
"2016-12-21","272.31"
"2016-12-22","266.39"
"2016-12-26","260.07"
"2016-12-27","256.12"
"2016-12-28","263.04"
"2016-12-29","263.37"
"2017-01-01","268.3"
"2017-01-02","269.29"
"2017-01-03","266.66"
"2017-01-04","265.01"
"2017-01-05","265.67"
"2017-01-08","263.37"
"2017-01-09","264.03"
"2017-01-10","269.95"
"2017-01-11","268.96"
"2017-01-12","268.96"
"2017-01-15","265.67"
"2017-01-16","266"
"2017-01-17","266.33"
"2017-01-18","265.34"
"2017-01-19","268.96"
"2017-01-22","266"
"2017-01-23","265.34"
"2017-01-24","261.39"
"2017-01-25","254.15"
"2017-01-26","253.49"
"2017-01-30","245.59"
"2017-01-31","247.56"
"2017-02-01","256.78"
"2017-02-02","253.49"
"2017-02-05","252.83"
"2017-02-06","250.53"
"2017-02-07","247.56"
"2017-02-08","246.91"
"2017-02-09","245.59"
"2017-02-12","233.74"
"2017-02-13","239.33"
"2017-02-14","230.45"
"2017-02-15","237.36"
"2017-02-16","238.68"
"2017-02-19","238.68"
"2017-02-20","240.32"
"2017-02-21","240.32"
"2017-02-22","239.66"
"2017-02-23","239.66"
"2017-02-26","234.4"
"2017-02-28","235.05"
"2017-03-01","236.37"
"2017-03-02","239.99"
"2017-03-05","243.28"
"2017-03-06","247.24"
"2017-03-07","241.64"
"2017-03-09","241.31"
"2017-03-13","239.99"
"2017-03-14","240.98"
"2017-03-15","246.91"
"2017-03-16","246.25"
"2017-03-19","259.75"
"2017-03-20","263.37"
"2017-03-21","263.37"
"2017-03-22","269.29"
"2017-03-23","272.58"
"2017-03-26","299.58"
"2017-03-28","314.39"
"2017-03-29","301.23"
"2017-03-30","296.95"
"2017-04-02","308.8"
"2017-04-03","307.15"
"2017-04-04","299.58"
"2017-04-06","298.26"
"2017-04-09","296.29"
"2017-04-10","300.9"
"2017-04-11","300.9"
"2017-04-12","300.57"
"2017-04-13","295.63"
"2017-04-16","288.06"
"2017-04-18","277.19"
"2017-04-19","283.45"
"2017-04-20","284.11"
"2017-04-23","289.37"
"2017-04-24","286.41"
"2017-04-25","281.8"
"2017-04-26","282.46"
"2017-04-27","281.47"
"2017-04-30","282.46"
"2017-05-02","282.13"
"2017-05-03","279.17"
"2017-05-04","278.18"
"2017-05-07","273.57"
"2017-05-08","276.54"
"2017-05-09","288.06"
"2017-05-11","294.97"
"2017-05-15","294.97"
"2017-05-16","291.35"
"2017-05-17","284.77"
"2017-05-18","289.05"
"2017-05-21","286.41"
"2017-05-22","281.8"
"2017-05-23","283.45"
"2017-05-24","283.12"
"2017-05-28","279.83"
"2017-05-30","277.52"
"2017-05-31","276.54"
"2017-06-01","282.13"
"2017-06-04","274.89"
"2017-06-05","276.54"
"2017-06-06","284.11"
"2017-06-07","281.8"
"2017-06-08","280.81"
"2017-06-11","273.24"
"2017-06-12","271.6"
"2017-06-13","276.54"
"2017-06-14","276.54"
"2017-06-15","274.89"
"2017-06-18","273.9"
"2017-06-19","270.94"
"2017-06-20","269.62"
"2017-06-21","268.3"
"2017-06-22","272.91"
"2017-06-25","269.62"
"2017-06-27","268.3"
"2017-06-28","265.01"
"2017-07-02","263.37"
"2017-07-03","264.68"
"2017-07-04","263.04"
"2017-07-05","266.66"
"2017-07-06","266.66"
"2017-07-09","263.37"
"2017-07-10","260.73"
"2017-07-11","262.38"
"2017-07-12","261.06"
"2017-07-13","262.71"
"2017-07-16","261.72"
"2017-07-17","261.06"
"2017-07-18","271.27"
"2017-07-19","267.65"
"2017-07-20","269.95"
"2017-07-23","270.28"
"2017-07-24","267.65"
"2017-07-25","266.99"
"2017-07-26","266.99"
"2017-07-27","263.37"
"2017-07-30","263.37"
"2017-07-31","269.95"
"2017-08-01","266.99"
"2017-08-02","266.99"
"2017-08-03","265.01"
"2017-08-06","263.37"
"2017-08-07","263.7"
"2017-08-09","262.38"
"2017-08-10","263.37"
"2017-08-13","260.07"
"2017-08-15","256.78"
"2017-08-16","258.1"
"2017-08-17","258.43"
"2017-08-20","258.76"
"2017-08-21","258.76"
"2017-08-22","259.42"
"2017-08-23","257.11"
"2017-08-24","257.77"
"2017-08-27","258.43"
"2017-08-28","258.43"
"2017-08-30","253.49"
"2017-08-31","254.48"
"2017-09-04","252.17"
"2017-09-06","253.49"
"2017-09-07","251.52"
"2017-09-10","250.2"
"2017-09-11","248.55"
"2017-09-12","248.55"
"2017-09-13","253.49"
"2017-09-14","249.54"
"2017-09-17","250.2"
"2017-09-18","256.78"
"2017-09-20","256.78"
"2017-09-24","256.78"
"2017-09-25","262.71"
"2017-09-26","263.37"
"2017-10-03","284.77"
"2017-10-04","274.23"
"2017-10-08","271.6"
"2017-10-09","266.99"
"2017-10-10","269.95"
"2017-10-11","279.17"
"2017-10-12","275.88"
"2017-10-15","277.19"
"2017-10-16","284.77"
"2017-10-17","291.35"
"2017-10-18","296.62"
"2017-10-22","298.26"
"2017-10-23","300.86"
"2017-10-24","293.2"
"2017-10-25","288.99"
"2017-10-29","286.31"
"2017-10-30","289.76"
"2017-10-31","290.9"
"2017-11-01","293.2"
"2017-11-02","296.65"
"2017-11-05","291.67"
"2017-11-06","294.35"
"2017-11-07","295.88"
"2017-11-08","289.76"
"2017-11-09","292.82"
"2017-11-12","302.39"
"2017-11-13","326.88"
"2017-11-14","338.75"
"2017-11-15","327.65"
"2017-11-16","321.14"
"2017-11-19","319.61"
"2017-11-20","316.55"
"2017-11-21","317.7"
"2017-11-22","325.74"
"2017-11-23","331.48"
"2017-11-26","351.38"
"2017-11-27","359.42"
"2017-11-28","367.46"
"2017-11-29","359.8"
"2017-11-30","364.01"
"2017-12-04","362.86"
"2017-12-05","357.89"
"2017-12-06","363.63"
"2017-12-10","362.48"
"2017-12-11","361.72"
"2017-12-12","362.1"
"2017-12-13","365.16"
"2017-12-14","362.86"
"2017-12-17","361.72"
"2017-12-18","365.54"
"2017-12-19","367.07"
"2017-12-20","358.65"
"2017-12-21","352.91"
"2017-12-24","353.3"
"2017-12-26","344.87"
"2017-12-27","341.81"
"2017-12-28","339.52"
"2017-12-31","338.75"
"2018-01-01","350.23"
"2018-01-02","342.58"
"2018-01-03","338.75"
"2018-01-04","337.6"
"2018-01-07","338.75"
"2018-01-08","342.19"
"2018-01-09","343.73"
"2018-01-10","341.43"
"2018-01-14","365.16"
"2018-01-16","337.98"
"2018-01-17","336.07"
"2018-01-21","337.6"
"2018-01-22","343.34"
"2018-01-23","337.22"
"2018-01-24","337.22"
"2018-01-25","339.52"
"2018-01-28","336.45"
"2018-01-29","335.31"
"2018-01-31","336.07"
"2018-02-01","334.92"
"2018-02-04","336.07"
"2018-02-05","332.63"
"2018-02-06","328.42"
"2018-02-07","326.5"
"2018-02-08","333.77"
"2018-02-11","325.35"
"2018-02-12","325.74"
"2018-02-14","329.18"
"2018-02-15","341.05"
"2018-02-18","335.69"
"2018-02-20","331.09"
"2018-02-21","326.88"
"2018-02-22","325.35"
"2018-02-25","322.29"
"2018-02-26","317.7"
"2018-02-27","317.7"
"2018-02-28","315.78"
"2018-03-04","303.15"
"2018-03-05","295.88"
"2018-03-06","302.39"
"2018-03-07","306.98"
"2018-03-11","293.2"
"2018-03-12","290.52"
"2018-03-13","290.9"
"2018-03-14","293.2"
"2018-03-15","296.65"
"2018-03-18","290.9"
"2018-03-19","287.08"
"2018-03-20","283.25"
"2018-03-21","277.51"
"2018-03-22","272.15"
"2018-03-26","260.28"
"2018-03-27","271.77"
"2018-03-28","267.94"
"2018-03-29","274.44"
"2018-04-01","267.94"
"2018-04-02","268.7"
"2018-04-03","271"
"2018-04-04","278.27"
"2018-04-05","285.93"
"2018-04-08","303.92"
"2018-04-09","302"
"2018-04-10","290.9"
"2018-04-11","294.35"
"2018-04-12","295.5"
"2018-04-15","291.67"
"2018-04-16","291.29"
"2018-04-17","301.24"
"2018-04-18","327.65"
"2018-04-19","331.09"
"2018-04-22","346.79"
"2018-04-23","335.69"
"2018-04-24","333.77"
"2018-04-25","328.42"
"2018-04-26","317.7"
"2018-04-29","316.93"
"2018-05-02","321.53"
"2018-05-03","328.03"
"2018-05-06","326.12"
"2018-05-07","323.06"
"2018-05-08","326.88"
"2018-05-09","326.88"
"2018-05-10","321.53"
"2018-05-14","319.23"
"2018-05-15","315.78"
"2018-05-16","320.76"
"2018-05-17","321.91"
"2018-05-20","324.59"
"2018-05-21","321.91"
"2018-05-22","320.38"
"2018-05-23","321.91"
"2018-05-24","319.99"
"2018-05-27","313.87"
"2018-05-28","321.91"
"2018-05-29","321.14"
"2018-05-30","318.85"
"2018-05-31","316.17"
"2018-06-03","308.51"
"2018-06-04","304.3"
"2018-06-06","308.13"
"2018-06-07","300.09"
"2018-06-10","293.58"
"2018-06-11","295.88"
"2018-06-12","294.73"
"2018-06-13","296.65"
"2018-06-14","296.65"
"2018-06-17","290.9"
"2018-06-18","293.97"
"2018-06-19","294.73"
"2018-06-20","291.29"
"2018-06-21","292.44"
"2018-06-24","290.9"
"2018-06-25","287.08"
"2018-06-26","287.08"
"2018-06-27","285.16"
"2018-06-28","287.08"
"2018-07-01","285.16"
"2018-07-02","281.33"
"2018-07-03","278.27"
"2018-07-04","283.25"
"2018-07-05","294.73"
"2018-07-08","290.9"
"2018-07-09","287.08"
"2018-07-10","286.31"
"2018-07-11","287.84"
"2018-07-12","283.25"
"2018-07-15","288.61"
"2018-07-16","302.39"
"2018-07-17","287.84"
"2018-07-18","284.01"
"2018-07-19","284.4"
"2018-07-22","282.48"
"2018-07-23","287.08"
"2018-07-24","287.84"
"2018-07-25","290.52"
"2018-07-26","285.93"
"2018-07-29","283.25"
"2018-07-30","283.25"
"2018-07-31","284.4"
"2018-08-01","285.55"
"2018-08-02","284.4"
"2018-08-05","284.01"
"2018-08-06","283.25"
"2018-08-07","283.25"
"2018-08-08","285.16"
"2018-08-09","282.48"
"2018-08-12","275.59"
"2018-08-13","277.51"
"2018-08-14","278.66"
"2018-08-15","283.25"
"2018-08-16","279.8"
"2018-08-19","278.66"
"2018-08-20","272.91"
"2018-08-21","273.68"
"2018-08-22","278.66"
"2018-08-23","273.68"
"2018-08-26","272.91"
"2018-08-28","273.3"
"2018-08-29","271.77"
"2018-08-30","272.15"
"2018-09-02","272.91"
"2018-09-03","276.36"
"2018-09-04","275.21"
"2018-09-05","282.87"
"2018-09-06","281.72"
"2018-09-09","279.42"
"2018-09-10","275.98"
"2018-09-11","275.98"
"2018-09-12","276.36"
"2018-09-13","277.51"
"2018-09-16","276.74"
"2018-09-17","276.36"
"2018-09-18","280.95"
"2018-09-20","279.42"
"2018-09-23","280.57"
"2018-09-25","283.25"
"2018-09-26","283.25"
"2018-09-27","278.27"
"2018-09-30","279.42"
"2018-10-01","277.51"
"2018-10-02","277.51"
"2018-10-03","275.21"
"2018-10-04","275.59"
"2018-10-07","275.98"
"2018-10-08","276.74"
"2018-10-09","273.68"
"2018-10-10","274.06"
"2018-10-11","276.74"
"2018-10-14","275.59"
"2018-10-15","275.59"
"2018-10-21","273.68"
"2018-10-22","275.59"
"2018-10-23","275.21"
"2018-10-24","278.27"
"2018-10-25","275.21"
"2018-10-28","273.68"
"2018-10-29","271"
"2018-10-30","270.62"
"2018-10-31","270.23"
"2018-11-01","268.7"
"2018-11-04","266.79"
"2018-11-05","269.09"
"2018-11-06","267.94"
"2018-11-11","264.49"
"2018-11-12","260.28"
"2018-11-13","264.49"
"2018-11-14","263.34"
"2018-11-15","261.43"
"2018-11-18","259.13"
"2018-11-19","253.78"
"2018-11-20","254.54"
"2018-11-21","250.33"
"2018-11-22","249.56"
"2018-11-25","244.97"
"2018-11-26","244.97"
"2018-11-27","245.74"
"2018-11-28","243.44"
"2018-11-29","244.59"
"2018-12-02","237.7"
"2018-12-03","238.08"
"2018-12-04","239.23"
"2018-12-05","234.64"
"2018-12-06","229.66"
"2018-12-09","233.49"
"2018-12-10","232.72"
"2018-12-11","232.72"
"2018-12-12","248.42"
"2018-12-13","249.18"
"2018-12-16","252.24"
"2018-12-17","252.63"
"2018-12-18","252.24"
"2018-12-19","250.33"
"2018-12-20","253.78"
"2018-12-23","256.84"
"2018-12-24","257.6"
"2018-12-25","256.84"
"2018-12-26","260.28"
"2018-12-27","260.28"
"2018-12-30","260.28"
"2018-12-31","263.34"
"2019-01-01","262.2"
"2019-01-02","258.37"
"2019-01-03","256.81"
"2019-01-06","252.18"
"2019-01-07","254.5"
"2019-01-08","254.04"
"2019-01-09","252.18"
"2019-01-10","252.18"
"2019-01-13","249.87"
"2019-01-14","251.72"
"2019-01-15","252.18"
"2019-01-16","250.33"
"2019-01-17","249.87"
"2019-01-20","247.56"
"2019-01-21","246.17"
"2019-01-22","246.17"
"2019-01-23","248.48"
"2019-01-24","246.63"
"2019-01-27","246.17"
"2019-01-28","245.71"
"2019-01-29","245.24"
"2019-01-30","244.78"
"2019-01-31","242.47"
"2019-02-03","238.77"
"2019-02-04","235.99"
"2019-02-05","237.84"
"2019-02-06","236.45"
"2019-02-07","238.3"
"2019-02-10","233.68"
"2019-02-11","234.14"
"2019-02-12","235.99"
"2019-02-13","233.68"
"2019-02-14","234.14"
"2019-02-17","233.68"
"2019-02-18","233.68"
"2019-02-19","235.53"
"2019-02-20","234.14"
"2019-02-21","233.68"
"2019-02-24","231.82"
"2019-02-25","232.29"
"2019-02-26","231.82"
"2019-02-27","231.36"
"2019-03-03","231.36"
"2019-03-05","231.82"
"2019-03-06","232.75"
"2019-03-07","234.6"
"2019-03-10","233.21"
"2019-03-11","239.69"
"2019-03-12","241.08"
"2019-03-13","237.84"
"2019-03-14","239.23"
"2019-03-17","238.3"
"2019-03-18","235.06"
"2019-03-19","233.68"
"2019-03-21","232.75"
"2019-03-24","235.99"
"2019-03-25","233.21"
"2019-03-26","233.21"
"2019-03-27","233.21"
"2019-03-28","232.75"
"2019-03-31","232.29"
"2019-04-01","232.29"
"2019-04-02","233.21"
"2019-04-03","233.21"
"2019-04-04","232.29"
"2019-04-07","232.29"
"2019-04-08","233.68"
"2019-04-09","233.68"
"2019-04-10","232.75"
"2019-04-11","233.68"
"2019-04-15","233.68"
"2019-04-16","235.99"
"2019-04-17","234.14"
"2019-04-18","234.6"
"2019-04-21","238.77"
"2019-04-22","239.69"
"2019-04-23","238.3"
"2019-04-24","235.06"
"2019-04-25","236.45"
"2019-04-28","254.04"
"2019-04-29","254.04"
"2019-04-30","265.14"
"2019-05-02","266.99"
"2019-05-05","246.63"
"2019-05-06","248.02"
"2019-05-07","247.09"
"2019-05-08","244.78"
"2019-05-09","245.24"
"2019-05-12","242.93"
"2019-05-13","248.48"
"2019-05-14","245.24"
"2019-05-15","244.78"
"2019-05-16","242"
"2019-05-19","242.93"
"2019-05-20","242.93"
"2019-05-21","248.95"
"2019-05-22","256.35"
"2019-05-23","249.41"
"2019-05-26","246.17"
"2019-05-27","247.56"
"2019-05-28","245.24"
"2019-05-29","245.71"
"2019-05-30","246.17"
"2019-06-02","242"
"2019-06-03","241.54"
"2019-06-04","241.08"
"2019-06-06","241.54"
"2019-06-10","240.62"
"2019-06-11","239.69"
"2019-06-12","238.3"
"2019-06-13","239.23"
"2019-06-16","237.38"
"2019-06-17","236.45"
"2019-06-18","238.3"
"2019-06-19","237.84"
"2019-06-20","236.45"
"2019-06-23","236.45"
"2019-06-24","237.84"
"2019-06-25","239.69"
"2019-06-26","236.91"
"2019-06-27","235.06"
"2019-06-30","233.21"
"2019-07-01","232.75"
"2019-07-02","234.6"
"2019-07-03","237.84"
"2019-07-04","236.45"
"2019-07-07","235.99"
"2019-07-08","237.84"
"2019-07-09","237.84"
"2019-07-10","235.53"
"2019-07-11","238.77"
"2019-07-14","237.84"
"2019-07-15","240.15"
"2019-07-16","241.08"
"2019-07-17","241.08"
"2019-07-18","239.23"
"2019-07-21","239.69"
"2019-07-22","238.77"
"2019-07-23","237.84"
"2019-07-24","239.69"
"2019-07-25","236.45"
"2019-07-28","236.91"
"2019-07-29","235.99"
"2019-07-30","236.45"
"2019-07-31","235.99"
"2019-08-01","237.84"
"2019-08-04","235.99"
"2019-08-05","235.99"
"2019-08-06","235.53"
"2019-08-07","235.06"
"2019-08-08","226.73"
"2019-08-11","223.03"
"2019-08-12","222.11"
"2019-08-13","223.03"
"2019-08-14","220.72"
"2019-08-15","218.41"
"2019-08-18","211.93"
"2019-08-19","207.76"
"2019-08-20","208.23"
"2019-08-21","208.23"
"2019-08-22","206.84"
"2019-08-25","204.99"
"2019-08-26","206.38"
"2019-08-27","206.38"
"2019-08-28","204.06"
"2019-08-29","204.06"
"2019-09-01","201.75"
"2019-09-02","198.97"
"2019-09-03","204.52"
"2019-09-04","205.91"
"2019-09-05","206.38"
"2019-09-08","203.6"
"2019-09-09","202.21"
"2019-09-10","201.75"
"2019-09-11","202.21"
"2019-09-12","202.67"
"2019-09-15","198.97"
"2019-09-16","194.34"
"2019-09-17","195.73"
"2019-09-18","199.43"
"2019-09-19","200.36"
"2019-09-22","193.88"
"2019-09-23","192.96"
"2019-09-24","191.57"
"2019-09-25","191.11"
"2019-09-26","190.18"
"2019-09-29","190.64"
"2019-09-30","192.96"
"2019-10-01","194.81"
"2019-10-02","193.88"
"2019-10-03","195.27"
"2019-10-10","196.66"
"2019-10-14","194.81"
"2019-10-15","193.88"
"2019-10-16","193.88"
"2019-10-17","195.73"
"2019-10-21","193.42"
"2019-10-22","192.03"
"2019-10-23","195.73"
"2019-10-24","192.96"
"2019-10-31","195.27"
"2019-11-03","200.36"
"2019-11-04","212.85"
"2019-11-05","211.93"
"2019-11-06","208.69"
"2019-11-07","207.3"
"2019-11-10","205.91"
"2019-11-11","209.61"
"2019-11-12","208.69"
"2019-11-13","209.41"
"2019-11-14","208.85"
"2019-11-17","199.31"
"2019-11-18","197.06"
"2019-11-19","199.31"
"2019-11-20","196.5"
"2019-11-21","198.18"
"2019-11-24","196.5"
"2019-11-25","197.62"
"2019-11-26","200.43"
"2019-11-27","200.43"
"2019-11-28","199.31"
"2019-12-01","199.87"
"2019-12-02","199.31"
"2019-12-03","200.43"
"2019-12-04","199.31"
"2019-12-05","201.55"
"2019-12-08","198.74"
"2019-12-09","202.11"
"2019-12-10","200.99"
"2019-12-11","200.99"
"2019-12-12","203.8"
"2019-12-15","199.87"
"2019-12-16","200.99"
"2019-12-17","202.11"
"2019-12-18","200.43"
"2019-12-19","200.99"
"2019-12-22","202.11"
"2019-12-23","200.99"
"2019-12-24","202.11"
"2019-12-25","201.55"
"2019-12-26","202.67"
"2019-12-29","199.87"
"2019-12-30","198.18"
"2019-12-31","202.11"
"2020-01-01","200.43"
"2020-01-02","201.55"
"2020-01-05","205.48"
"2020-01-06","204.36"
"2020-01-07","208.29"
"2020-01-08","209.41"
"2020-01-09","208.85"
"2020-01-12","220.08"
"2020-01-13","239.17"
"2020-01-14","238.61"
"2020-01-15","235.8"
"2020-01-16","235.8"
"2020-01-19","252.64"
"2020-01-20","239.73"
"2020-01-21","239.73"
"2020-01-22","240.85"
"2020-01-23","235.8"
"2020-01-26","229.06"
"2020-01-27","235.8"
"2020-01-28","235.8"
"2020-01-29","234.68"
"2020-01-30","237.48"
"2020-02-02","238.04"
"2020-02-03","256.57"
"2020-02-04","247.59"
"2020-02-05","247.03"
"2020-02-06","245.34"
"2020-02-09","240.85"
"2020-02-10","236.36"
"2020-02-11","238.04"
"2020-02-12","236.92"
"2020-02-13","236.92"
"2020-02-16","236.92"
"2020-02-17","244.78"
"2020-02-18","238.04"
"2020-02-19","240.29"
"2020-02-20","241.41"
"2020-02-23","254.33"
"2020-02-24","250.4"
"2020-02-25","261.62"
"2020-02-26","264.99"
"2020-02-27","261.06"
"2020-03-01","250.4"
"2020-03-02","237.48"
"2020-03-03","241.41"
"2020-03-04","235.8"
"2020-03-05","229.62"
"2020-03-10","218.39"
"2020-03-11","234.11"
"2020-03-12","224.01"
"2020-03-15","212.22"
"2020-03-16","213.34"
"2020-03-17","210.53"
"2020-03-18","209.97"
"2020-03-19","211.66"
"2020-03-22","206.6"
"2020-05-12","202.67"
"2020-05-13","197.06"
"2020-06-29","193.69"
"2020-06-30","206.6"
"2020-07-01","209.41"
"2020-07-02","200.99"
"2020-07-05","199.87"
"2020-07-06","210.53"
"2020-07-07","212.78"
"2020-07-08","213.34"
"2020-07-09","220.08"
"2020-07-12","219.52"
"2020-07-13","214.46"
"2020-07-14","220.64"
"2020-07-15","223.45"
"2020-07-16","226.82"
"2020-07-19","244.78"
"2020-07-20","233.55"
"2020-07-21","229.06"
"2020-07-22","224.57"
"2020-07-23","226.82"
"2020-07-26","228.5"
"2020-07-27","229.06"
"2020-07-28","226.82"
"2020-07-29","224.57"
"2020-07-30","221.76"
"2020-08-02","217.27"
"2020-08-03","214.46"
"2020-08-05","215.59"
"2020-08-06","216.15"
"2020-08-09","218.39"
"2020-08-10","229.62"
"2020-08-11","224.57"
"2020-08-12","224.01"
"2020-08-13","218.39"
"2020-08-16","216.71"
"2020-08-17","217.83"
"2020-08-18","218.96"
"2020-08-19","215.59"
"2020-08-20","220.64"
"2020-08-23","219.52"
"2020-08-24","221.76"
"2020-08-25","221.76"
"2020-08-26","224.57"
"2020-08-27","225.13"
"2020-08-30","226.25"
"2020-08-31","230.75"
"2020-09-02","253.76"
"2020-09-03","245.9"
"2020-09-06","240.29"
"2020-09-07","244.22"
"2020-09-08","261.06"
"2020-09-09","261.62"
"2020-09-10","261.62"
"2020-09-13","273.98"
"2020-09-14","270.05"
"2020-09-15","268.92"
"2020-09-16","275.66"
"2020-09-17","292.5"
"2020-09-20","290.82"
"2020-09-21","289.13"
"2020-09-22","281.84"
"2020-09-23","286.33"
"2020-09-24","289.13"
"2020-09-27","286.33"
"2020-09-28","290.26"
"2020-09-29","286.89"
"2020-09-30","286.33"
"2020-10-01","286.33"
"2020-10-04","285.2"
"2020-10-05","286.33"
"2020-10-06","290.82"
"2020-10-07","293.63"
"2020-10-08","291.38"
"2020-10-11","286.89"
"2020-10-12","284.64"
"2020-10-13","280.71"
"2020-10-14","281.84"
"2020-10-15","281.27"
"2020-10-18","285.77"
"2020-10-19","294.75"
"2020-10-20","294.19"
"2020-10-21","291.94"
"2020-10-22","291.38"
"2020-10-28","291.38"
"2020-10-29","288.01"
"2020-11-01","288.57"
"2020-11-02","288.01"
"2020-11-03","288.57"
"2020-11-04","289.7"
"2020-11-05","288.57"
"2020-11-08","290.26"
"2020-11-09","289.7"
"2020-11-10","290.26"
"2020-11-11","291.38"
"2020-11-12","291.38"
"2020-11-18","290.26"
"2020-11-19","294.75"
"2020-11-22","293.63"
"2020-11-23","289.13"
"2020-11-24","289.13"
"2020-11-25","300.92"
"2020-11-26","317.21"
"2020-11-29","337.42"
"2020-11-30","348.08"
"2020-12-01","341.91"
"2020-12-02","375.59"
"2020-12-03","367.73"
"2020-12-06","342.47"
"2020-12-07","359.87"
"2020-12-08","364.93"
"2020-12-09","352.01"
"2020-12-10","349.21"
"2020-12-13","352.01"
"2020-12-14","350.1"
"2020-12-15","339.43"
"2020-12-16","329.39"
"2020-12-17","331.28"
"2020-12-20","310.57"
"2020-12-21","313.71"
"2020-12-22","324.37"
"2020-12-23","319.36"
"2020-12-24","316.85"
"2020-12-27","311.83"
"2020-12-28","313.71"
"2020-12-29","310.57"
"2020-12-30","308.69"
"2020-12-31","312.45"
"2021-01-03","330.02"
"2021-01-04","335.67"
"2021-01-05","340.06"
"2021-01-06","335.67"
"2021-01-07","351.35"
"2021-01-10","369.55"
"2021-01-11","371.43"
"2021-01-12","370.8"
"2021-01-13","371.43"
"2021-01-17","369.55"
"2021-01-18","364.53"
"2021-01-19","359.51"
"2021-01-20","368.92"
"2021-01-21","372.06"
"2021-01-24","371.43"
"2021-01-25","372.06"
"2021-01-26","371.43"
"2021-01-27","368.29"
"2021-01-28","364.53"
"2021-01-31","357"
"2021-02-01","361.39"
"2021-02-02","363.9"
"2021-02-03","367.04"
"2021-02-04","370.18"
"2021-02-07","389.63"
"2021-02-08","389"
"2021-02-09","381.47"
"2021-02-10","371.43"
"2021-02-11","365.16"
"2021-02-14","361.39"
"2021-02-15","375.82"
"2021-02-16","367.67"
"2021-02-17","365.16"
"2021-02-18","365.16"
"2021-02-21","367.67"
"2021-02-22","366.41"
"2021-02-23","366.41"
"2021-02-24","363.27"
"2021-02-25","359.51"
"2021-02-28","350.1"
"2021-03-01","351.35"
"2021-03-02","345.08"
"2021-03-03","340.06"
"2021-03-04","352.61"
"2021-03-07","350.73"
"2021-03-09","348.22"
"2021-03-10","346.33"
"2021-03-14","343.2"
"2021-03-15","338.18"
"2021-03-16","336.92"
"2021-03-17","340.69"
"2021-03-18","340.69"
"2021-03-21","339.43"
"2021-03-22","357"
"2021-03-23","372.06"
"2021-03-24","368.29"
"2021-03-25","357.63"
"2021-03-29","357.63"
"2021-03-30","373.31"
"2021-03-31","369.55"
"2021-04-01","370.18"
"2021-04-04","385.86"
"2021-04-05","389"
"2021-04-06","427.9"
"2021-04-07","427.27"
"2021-04-08","420.37"
"2021-04-12","407.19"
"2021-04-13","410.96"
"2021-04-15","410.96"
"2021-04-18","404.06"
"2021-04-19","404.06"
"2021-04-20","404.06"
"2021-04-21","400.29"
"2021-04-22","402.8"
"2021-04-25","388.37"
"2021-04-26","382.72"
"2021-04-27","394.65"
"2021-04-28","389.63"
"2021-04-29","395.9"
"2021-05-02","408.45"
"2021-05-03","400.92"
"2021-05-04","402.8"
"2021-05-05","406.57"
"2021-05-06","399.04"
"2021-05-09","395.9"
"2021-05-10","397.78"
"2021-05-11","400.92"
"2021-05-12","399.04"
"2021-05-13","401.55"
"2021-05-16","431.04"
"2021-05-17","430.41"
"2021-05-18","446.09"
"2021-05-19","439.19"
"2021-05-20","429.15"
"2021-05-23","432.92"
"2021-05-24","436.68"
"2021-05-25","442.33"
"2021-05-27","471.19"
"2021-05-30","467.43"
"2021-05-31","448.6"
"2021-06-01","443.58"
"2021-06-02","454.88"
"2021-06-03","448.6"
"2021-06-06","442.96"
"2021-06-07","444.21"
"2021-06-08","447.35"
"2021-06-09","444.21"
"2021-06-10","451.11"
"2021-06-13","471.82"
"2021-06-14","466.17"
"2021-06-15","454.88"
"2021-06-16","448.6"
"2021-06-17","451.11"
"2021-06-20","436.06"
"2021-06-21","422.88"
"2021-06-22","433.55"
"2021-06-23","424.76"
"2021-06-24","424.13"
"2021-06-27","421.62"
"2021-06-28","421"
"2021-06-29","414.1"
"2021-06-30","411.59"
"2021-07-01","414.1"
"2021-07-04","411.59"
"2021-07-05","409.7"
"2021-07-06","406.57"
"2021-07-07","406.57"
"2021-07-08","419.11"
"2021-07-11","420.37"
"2021-07-12","414.1"
"2021-07-13","418.49"
"2021-07-14","426.64"
"2021-07-15","431.04"
"2021-07-18","435.43"
"2021-07-19","432.29"
"2021-07-20","430.41"
"2021-07-22","429.34"
"2021-07-25","430.41"
"2021-07-26","446.72"
"2021-07-27","451.11"
"2021-07-28","443.58"
"2021-07-29","435.36"
"2021-08-01","436.68"
"2021-08-02","433.23"
"2021-08-03","438.25"
"2021-08-04","459.77"
"2021-08-05","451.74"
"2021-08-08","464.29"
"2021-08-09","459.27"
"2021-08-10","448.6"
"2021-08-11","467.43"
"2021-08-12","461.53"
"2021-08-15","442.33"
"2021-08-16","442.96"
"2021-08-17","442.52"
"2021-08-18","444.21"
"2021-08-19","439.38"
"2021-08-24","426.89"
"2021-08-25","424.2"
"2021-08-26","429.15"
"2021-08-29","421.62"
"2021-08-31","410.96"
"2021-09-01","407.82"
"2021-09-02","392.76"
"2021-09-05","376.45"
"2021-09-06","401.55"
"2021-09-07","390.88"
"2021-09-08","382.1"
"2021-09-09","382.72"
"2021-09-12","399.04"
"2021-09-13","395.34"
"2021-09-14","392.76"
"2021-09-15","385.86"
"2021-09-16","378.33"
"2021-09-20","360.76"
"2021-09-21","370.8"
"2021-09-22","378.33"
"2021-09-23","370.18"
"2021-09-26","362.65"
"2021-09-27","354.49"
"2021-09-28","345.71"
"2021-09-29","355.12"
"2021-09-30","350.1"
"2021-10-03","341.94"
"2021-10-04","338.93"
"2021-10-05","343.2"
"2021-10-06","358.95"
"2021-10-10","378.96"
"2021-10-11","377.71"
"2021-10-17","378.33"
"2021-10-18","373.94"
"2021-10-19","346.33"
"2021-10-20","357.63"
"2021-10-21","356.37"
"2021-10-24","361.46"
"2021-10-25","373.31"
"2021-10-26","376.45"
"2021-10-27","375.2"
"2021-10-28","373.94"
"2021-10-31","385.23"
"2021-11-01","379.59"
"2021-11-02","382.1"
"2021-11-03","389"
"2021-11-08","386.49"
"2021-11-09","380.21"
"2021-11-11","372.06"
"2021-11-14","369.24"
"2021-11-15","370.3"
"2021-11-16","385.23"
"2021-11-17","385.86"
"2021-11-18","373.94"
"2021-11-21","372.06"
"2021-11-22","371.43"
"2021-11-23","365.28"
"2021-11-24","363.96"
"2021-11-25","365.78"
"2021-11-28","355.18"
"2021-11-29","357.63"
"2021-11-30","357.63"
"2021-12-01","357.57"
"2021-12-02","351.98"
"2021-12-05","340.69"
"2021-12-06","345.08"
"2021-12-07","338.81"
"2021-12-08","328.77"
"2021-12-09","330.02"
"2021-12-12","307.56"
"2021-12-13","299.91"
"2021-12-14","315.59"
"2021-12-15","313.71"
"2021-12-16","306.24"
"2021-12-20","302.42"
"2021-12-21","307.5"
"2021-12-22","314.34"
"2021-12-23","316.85"
"2021-12-26","323.68"
"2021-12-27","315.59"
"2021-12-28","313.71"
"2021-12-29","315.53"
"2022-01-02","326.52"
"2022-01-03","329.26"
"2022-01-04","345.69"
"2022-01-05","335.42"
"2022-01-06","340.9"
"2022-01-09","350.48"
"2022-01-10","355.96"
"2022-01-11","366.98"
"2022-01-12","355.96"
"2022-01-13","366.22"
"2022-01-16","379.23"
"2022-01-17","381.97"
"2022-01-18","373.07"
"2022-01-19","366.91"
"2022-01-20","371.02"
"2022-01-23","368.96"
"2022-01-24","354.59"
"2022-01-25","353.22"
"2022-01-26","349.18"
"2022-01-27","348.43"
"2022-01-30","364.17"
"2022-01-31","355.96"
"2022-02-01","365.54"
"2022-02-03","360.75"
"2022-02-06","358.01"
"2022-02-07","359.31"
"2022-02-08","355.96"
"2022-02-09","354.59"
"2022-02-10","352.53"
"2022-02-13","342.27"
"2022-02-14","341.92"
"2022-02-15","347.74"
"2022-02-16","347.06"
"2022-02-17","347.95"
"2022-02-20","342.2"
"2022-02-21","352.53"
"2022-02-22","349.11"
"2022-02-23","349.11"
"2022-02-24","340.9"
"2022-02-27","349.04"
"2022-02-28","345.69"
"2022-03-02","335.42"
"2022-03-06","333.37"
"2022-03-07","331.25"
"2022-03-09","325.84"
"2022-03-10","334.39"
"2022-03-13","340.76"
"2022-03-14","340.9"
"2022-03-15","335.56"
"2022-03-16","335.35"
"2022-03-20","336.79"
"2022-03-21","340.83"
"2022-03-22","341.44"
"2022-03-23","333.37"
"2022-03-24","328.58"
"2022-03-27","326.52"
"2022-03-28","323.85"
"2022-03-29","323.1"
"2022-03-30","327.21"
"2022-03-31","323.03"
"2022-04-03","321.73"
"2022-04-04","321.73"
"2022-04-05","317.69"
"2022-04-06","312.01"
"2022-04-07","313.52"
"2022-04-11","310.09"
"2022-04-12","305.99"
"2022-04-13","308.04"
"2022-04-17","305.99"
"2022-04-18","302.56"
"2022-04-19","303.86"
"2022-04-20","299.83"
"2022-04-21","299.21"
"2022-04-24","314.88"
"2022-04-25","309.41"
"2022-04-26","308.04"
"2022-04-27","312.76"
"2022-04-28","306.67"
"2022-05-02","301.88"
"2022-05-04","297.5"
"2022-05-05","295.72"
"2022-05-08","295.03"
"2022-05-09","295.03"
"2022-05-10","303.25"
"2022-05-11","311.46"
"2022-05-12","310.09"
"2022-05-17","300.78"
"2022-05-18","301.19"
"2022-05-19","301.13"
"2022-05-20","301.88"
"2022-05-23","294.49"
"2022-05-24","297.63"
"2022-05-25","299.48"
"2022-05-26","301.19"
"2022-05-27","299.83"
"2022-05-30","292.98"
"2022-05-31","290.24"
"2022-06-01","291.61"
"2022-06-02","288.87"
"2022-06-03","284.7"
"2022-06-06","284.08"
"2022-06-07","275.18"
"2022-06-08","277.24"
"2022-06-09","275.18"
"2022-06-10","273.74"
"2022-06-13","271.07"
"2022-06-14","264.91"
"2022-06-15","259.44"
"2022-06-16","260.12"
"2022-06-17","259.51"
"2022-06-19","252.59"
"2022-06-20","247.12"
"2022-06-21","251.29"
"2022-06-22","249.85"
"2022-06-23","245.75"
"2022-06-24","246.43"
"2022-06-26","260.81"
"2022-06-27","259.44"
"2022-06-28","262.86"
"2022-06-29","270.39"
"2022-06-30","284.08"
"2022-07-01","282.71"
"2022-07-03","294.35"
"2022-07-04","286.75"
"2022-07-05","278.54"
"2022-07-06","284.08"
"2022-07-07","280.66"
"2022-07-08","276.55"
"2022-07-11","264.91"
"2022-07-12","269.09"
"2022-07-13","277.92"
"2022-07-14","278.54"
"2022-07-15","279.29"
"2022-07-17","275.87"
"2022-07-18","276.55"
"2022-07-19","274.57"
"2022-07-20","277.24"
"2022-07-21","275.52"
"2022-07-22","273.2"
"2022-07-24","280.66"
"2022-07-25","283.33"
"2022-07-26","275.18"
"2022-07-27","275.18"
"2022-07-28","280.66"
"2022-07-29","277.92"
"2022-07-31","282.03"
"2022-08-01","290.86"
"2022-08-02","306.67"
"2022-08-03","303.93"
"2022-08-04","294.42"
"2022-08-05","291.61"
"2022-08-07","292.98"
"2022-08-08","287.44"
"2022-08-09","278.54"
"2022-08-10","275.8"
"2022-08-11","273.13"
"2022-08-14","269.02"
"2022-08-15","281.34"
"2022-08-16","271.21"
"2022-08-17","273.81"
"2022-08-18","278.6"
"2022-08-21","276.55"
"2022-08-22","276.55"
"2022-08-23","276.55"
"2022-08-24","276.35"
"2022-08-25","271.76"
"2022-08-26","271.07"
"2022-08-28","263.55"
"2022-08-29","263.61"
"2022-08-30","264.16"
"2022-08-31","262.18"
"2022-09-01","261.49"
"2022-09-02","268.34"
"2022-09-04","269.71"
"2022-09-05","266.97"
"2022-09-06","263.55"
"2022-09-07","263.55"
"2022-09-08","261.49"
"2022-09-11","256.84"
"2022-09-12","254.65"
"2022-09-13","255.33"
"2022-09-14","260.26"
"2022-09-15","253.28"
"2022-09-16","253.28"
"2022-09-18","249.17"
"2022-09-20","242.39"
"2022-09-21","243.21"
"2022-09-22","245.06"
"2022-09-25","244.38"
"2022-09-27","247.73"
"2022-09-28","245.13"
"2022-09-29","249.85"
"2022-10-09","253.96"
"2022-10-10","249.17"
"2022-10-11","245.75"
"2022-10-12","247.8"
"2022-10-13","253.28"
"2022-10-16","249.85"
"2022-10-17","248.49"
"2022-10-19","246.09"
"2022-10-20","248.49"
"2022-10-23","251.22"
"2022-10-31","255.33"
"2022-11-01","263.2"
"2022-11-02","263.55"
"2022-11-03","258.75"
"2022-11-06","265.26"
"2022-11-07","264.91"
"2022-11-08","264.91"
"2022-11-09","258.07"
"2022-11-10","251.91"
"2022-11-13","249.85"
"2022-11-14","252.04"
"2022-11-15","256.29"
"2022-11-16","256.02"
"2022-11-17","262.86"
"2022-11-22","266.21"
"2022-11-23","261.49"
"2022-11-24","260.81"
"2022-11-27","266.97"
"2022-11-28","265.6"
"2022-11-29","260.88"
"2022-11-30","262.24"
"2022-12-01","266.97"
"2022-12-04","271.76"
"2022-12-05","267.65"
"2022-12-06","264.91"
"2022-12-07","260.81"
"2022-12-11","261.49"
"2022-12-12","262.86"
"2022-12-13","263.55"
"2022-12-14","265.6"
"2022-12-15","266.97"
"2022-12-18","266.63"
"2022-12-19","263.48"
"2022-12-20","265.51"
"2022-12-21","264.23"
"2022-12-22","264.01"
"2022-12-26","274.58"
"2022-12-27","283.58"
"2022-12-28","283.66"
"2022-12-29","292.36"
"2023-01-01","294.08"
"2023-01-02","297.76"
"2023-01-03","296.26"
"2023-01-04","310.58"
"2023-01-05","307.58"
"2023-01-08","311.63"
"2023-01-09","315.16"
"2023-01-10","319.06"
"2023-01-12","311.26"
"2023-01-17","318.76"
"2023-01-18","314.26"
"2023-01-19","315.01"
"2023-01-23","313.51"
"2023-01-24","317.19"
"2023-01-25","315.01"
"2023-01-26","328.51"
"2023-01-29","345.01"
"2023-01-30","336.01"
"2023-01-31","344.94"
"2023-02-01","348.76"
"2023-02-02","349.51"
"2023-02-05","363.76"
"2023-02-06","360.76"
"2023-02-07","369.01"
"2023-02-08","365.26"
"2023-02-09","367.51"
"2023-02-12","358.14"
"2023-02-14","350.64"
"2023-02-15","346.14"
"2023-02-16","343.89"
"2023-02-20","340.51"
"2023-02-22","349.51"
"2023-02-23","345.24"
"2023-02-26","344.26"
"2023-02-27","349.44"
"2023-02-28","355.81"
"2023-03-01","356.49"
"2023-03-02","354.39"
"2023-03-05","347.26"
"2023-03-07","351.54"
"2023-03-09","363.01"
"2023-03-12","356.49"
"2023-03-13","352.44"
"2023-03-14","351.01"
"2023-03-15","351.01"
"2023-03-16","352.44"
"2023-03-19","351.76"
"2023-03-20","359.26"
"2023-03-22","359.34"
"2023-03-23","353.19"
"2023-03-26","351.69"
"2023-03-27","355.51"
"2023-03-28","358.06"
"2023-03-29","359.94"
"2023-03-30","360.01"
"2023-04-02","354.76"
"2023-04-03","350.26"
"2023-04-04","353.19"
"2023-04-05","354.01"
"2023-04-06","351.31"
"2023-04-09","347.26"
"2023-04-10","346.96"
"2023-04-11","351.76"
"2023-04-12","367.51"
"2023-04-13","367.51"
"2023-04-16","366.01"
"2023-04-17","361.29"
"2023-04-18","360.76"
"2023-04-19","363.01"
"2023-04-20","361.51"
"2023-04-23","357.84"
"2023-04-24","358.51"
"2023-04-25","359.26"
"2023-04-26","358.51"
"2023-04-27","356.94"
"2023-04-30","352.14"
"2023-05-02","351.01"
"2023-05-03","352.51"
"2023-05-04","351.76"
"2023-05-07","348.01"
"2023-05-08","345.76"
"2023-05-09","348.01"
"2023-05-10","352.51"
"2023-05-11","354.01"
"2023-05-14","348.01"
"2023-05-15","346.89"
"2023-05-16","345.01"
"2023-05-17","345.69"
"2023-05-18","351.69"
"2023-05-21","349.51"
"2023-05-22","354.01"
"2023-05-23","360.01"
"2023-05-24","356.64"
"2023-05-28","378.01"
"2023-05-30","383.26"
"2023-05-31","373.21"
"2023-06-01","378.76"
"2023-06-04","402.01"
"2023-06-05","411.76"
"2023-06-06","417.01"
"2023-06-07","411.09"
"2023-06-08","405.01"
"2023-06-11","412.96"
"2023-06-12","410.26"
"2023-06-13","423.76"
"2023-06-14","429.01"
"2023-06-15","422.34"
"2023-06-18","441.01"
"2023-06-19","435.76"
"2023-06-20","424.51"
"2023-06-21","425.64"
"2023-06-22","423.76"
"2023-06-25","428.64"
"2023-06-26","429.76"
"2023-06-27","430.59"
"2023-06-28","422.26"
"2023-07-02","408.76"
"2023-07-03","403.59"
"2023-07-04","401.26"
"2023-07-05","393.01"
"2023-07-06","405.76"
"2023-07-09","409.51"
"2023-07-10","401.41"
"2023-07-11","397.51"
"2023-07-12","405.01"
"2023-07-13","403.51"
"2023-07-16","402.54"
"2023-07-17","407.26"
"2023-07-18","405.01"
"2023-07-19","403.59"
"2023-07-20","406.51"
"2023-07-23","416.26"
"2023-07-24","410.86"
"2023-07-25","405.01"
"2023-07-26","399.01"
"2023-07-27","398.26"
"2023-07-30","390.01"
"2023-07-31","385.59"
"2023-08-01","381.01"
"2023-08-02","380.26"
"2023-08-03","379.51"
"2023-08-06","370.29"
"2023-08-07","371.41"
"2023-08-08","366.16"
"2023-08-09","382.51"
"2023-08-10","386.26"
"2023-08-13","392.26"
"2023-08-14","380.26"
"2023-08-15","371.94"
"2023-08-16","369.76"
"2023-08-17","374.64"
"2023-08-20","365.86"
"2023-08-21","359.41"
"2023-08-22","364.51"
"2023-08-23","373.06"
"2023-08-24","369.01"
"2023-08-27","360.76"
"2023-08-28","361.06"
"2023-08-29","360.01"
"2023-08-30","361.44"
"2023-09-03","355.51"
"2023-09-04","359.26"
"2023-09-05","357.01"
"2023-09-07","352.06"
"2023-09-10","354.01"
"2023-09-11","362.26"
"2023-09-12","360.01"
"2023-09-13","367.44"
"2023-09-17","360.09"
"2023-09-18","360.01"
"2023-09-19","364.14"
"2023-09-21","374.94"
"2023-09-24","371.26"
"2023-09-25","369.01"
"2023-09-26","380.26"
"2023-09-27","377.26"
"2023-10-01","371.34"
"2023-10-02","372.39"
"2023-10-03","367.51"
"2023-10-04","365.26"
"2023-10-05","365.94"
"2023-10-08","354.99"
"2023-10-09","354.01"
"2023-10-10","349.51"
"2023-10-11","350.64"
"2023-10-12","351.01"
"2023-10-16","351.76"
"2023-10-17","354.01"
"2023-10-18","363.54"
"2023-10-19","360.76"
"2023-10-29","354.01"
"2023-10-30","351.01"
"2023-10-31","351.76"
"2023-11-01","348.91"
"2023-11-02","348.01"
"2023-11-05","342.76"
"2023-11-06","348.01"
"2023-11-07","348.76"
"2023-11-08","348.76"
"2023-11-09","349.51"
"2023-11-20","352.51"
"2023-11-21","352.36"
"2023-11-22","352.66"
"2023-11-23","357.31"
"2023-11-26","367.44"
"2023-11-27","360.24"
"2023-11-28","360.76"
"2023-11-29","357.39"
"2023-11-30","358.59"
"2023-12-03","357.76"
"2023-12-04","354.91"
"2023-12-05","360.01"
"2023-12-06","354.24"
"2023-12-07","359.26"
"2023-12-10","394.51"
"2023-12-11","386.26"
"2023-12-12","402.01"
"2023-12-13","398.94"
"2023-12-14","401.26"
"2023-12-17","421.74"
"2023-12-18","420.01"
"2023-12-19","418.51"
"2023-12-20","425.26"
"2023-12-21","428.86"
"2023-12-24","426.94"
"2023-12-27","418.62"
"2023-12-28","415.79"
"2024-01-01","404.47"
"2024-01-02","402.22"
"2024-01-03","402.8"
"2024-01-04","415.29"
"2024-01-07","416.12"
"2024-01-08","417.78"
"2024-01-09","421.11"
"2024-01-10","419.45"
"2024-01-11","415.29"
"2024-01-14","431.93"
"2024-01-16","436.93"
"2024-01-17","427.61"
"2024-01-18","423.19"
"2024-01-21","426.11"
"2024-01-22","418.62"
"2024-01-23","414.46"
"2024-01-24","413.54"
"2024-01-25","408.63"
"2024-01-28","411.13"
"2024-01-29","411.04"
"2024-01-30","414.46"
"2024-01-31","410.79"
"2024-02-01","408.63"
"2024-02-04","405.38"
"2024-02-05","406.55"
"2024-02-06","407.8"
"2024-02-07","410.29"
"2024-02-08","411.13"
"2024-02-11","411.88"
"2024-02-12","411.54"
"2024-02-13","406.05"
"2024-02-14","404.05"
"2024-02-15","400.14"
"2024-02-18","394.48"
"2024-02-20","391.99"
"2024-02-21","390.32"
"2024-02-22","391.15"
"2024-02-25","384.5"
"2024-02-26","383.66"
"2024-02-27","385.33"
"2024-02-28","384.5"
"2024-02-29","381.17"
"2024-03-03","379.17"
"2024-03-04","409.13"
"2024-03-05","386.99"
"2024-03-06","390.32"
"2024-03-07","391.99"
"2024-03-10","395.31"
"2024-03-12","400.31"
"2024-03-13","395.31"
"2024-03-14","395.31"
"2024-03-17","391.07"
"2024-03-18","390.32"
"2024-03-19","388.66"
"2024-03-20","388.66"
"2024-03-21","387.82"
"2024-03-25","383"
"2024-03-26","382.83"
"2024-03-27","381.67"
"2024-03-28","384.5"
"2024-03-31","381.17"
"2024-04-01","380.75"
"2024-04-02","376.76"
"2024-04-03","374.67"
"2024-04-04","373.76"
"2024-04-07","377"
"2024-04-09","379.5"
"2024-04-10","377.84"
"2024-04-14","378.25"
"2024-04-15","374.76"
"2024-04-16","367.85"
"2024-04-18","370.35"
"2024-04-21","366.19"
"2024-04-22","364.52"
"2024-04-24","365.19"
"2024-04-25","366.19"
"2024-04-28","362.27"
"2024-04-29","363.69"
"2024-04-30","367.85"
"2024-05-02","362.02"
"2024-05-05","357.95"
"2024-05-06","357.03"
"2024-05-07","356.62"
"2024-05-08","357.86"
"2024-05-09","362.02"
"2024-05-12","359.53"
"2024-05-13","358.86"
"2024-05-14","366.19"
"2024-05-15","361.44"
"2024-05-16","363.69"
"2024-05-19","373.59"
"2024-05-20","372.93"
"2024-05-21","375.34"
"2024-05-22","377.75"
"2024-05-26","373.68"
"2024-05-27","377"
"2024-05-29","372.93"
"2024-05-30","369.51"
"2024-06-02","371.18"
"2024-06-03","369.51"
"2024-06-04","363.86"
"2024-06-05","361.19"
"2024-06-06","359.94"
"2024-06-09","361.94"
"2024-06-10","361.61"
"2024-06-11","367.02"
"2024-06-12","366.19"
"2024-06-13","367.02"
"2024-06-16","366.19"
"2024-06-18","362.86"
"2024-06-19","362.11"
"2024-06-20","360.78"
"2024-06-23","362.86"
"2024-06-24","362.02"
"2024-06-25","367.02"
"2024-06-26","362.02"
"2024-06-27","360.36"
"2024-06-30","358.78"
"2024-07-01","358.7"
"2024-07-02","365.35"
"2024-07-03","364.44"
"2024-07-04","366.19"
"2024-07-07","367.27"
"2024-07-08","364.52"
"2024-07-09","367.85"
"2024-07-10","369.51"
"2024-07-11","369.51"
"2024-07-14","381.08"
"2024-07-15","386.99"
"2024-07-16","414.46"
"2024-07-17","445.25"
"2024-07-18","451.91"
"2024-07-21","452.74"
"2024-07-22","453.49"
"2024-07-23","462.73"
"2024-07-24","455.24"
"2024-07-25","465.22"
"2024-07-28","482.7"
"2024-07-29","495.52"
"2024-07-30","519.32"
"2024-07-31","530.14"
"2024-08-01","520.15"
"2024-08-05","521.81"
"2024-08-06","494.35"
"2024-08-07","542.62"
"2024-08-08","560.1"
"2024-08-11","564.76"
"2024-08-12","563.43"
"2024-08-13","550.94"
"2024-08-14","560.1"
"2024-08-15","551.53"
"2024-08-18","531.8"
"2024-08-21","531.8"
"2024-08-22","528.56"
"2024-08-25","516.74"
"2024-08-27","499.34"
"2024-08-28","489.44"
"2024-08-29","481.03"
"2024-09-01","476.04"
"2024-09-02","496.85"
"2024-09-03","495.18"
"2024-09-04","476.46"
"2024-09-05","472.8"
"2024-09-08","466.47"
"2024-09-09","453.65"
"2024-09-10","454.4"
"2024-09-11","459.65"
"2024-09-12","470.22"
"2024-09-15","461.06"
"2024-09-16","449.41"
"2024-09-18","448.66"
"2024-09-22","460.06"
"2024-09-23","451.91"
"2024-09-24","447.75"
"2024-09-25","459.06"
"2024-09-26","452.74"
"2024-09-29","452.74"
"2024-09-30","457.73"
"2024-10-01","477.71"
"2024-10-02","469.55"
"2024-10-06","480.2"
"2024-10-07","485.78"
"2024-10-08","481.87"
"2024-10-09","488.53"
"2024-10-15","486.03"
"2024-10-16","498.26"
"2024-10-17","495.18"
"2024-10-20","481.87"
"2024-10-21","476.04"
"2024-10-22","480.2"
"2024-10-23","473.46"
"2024-10-24","468.55"
"2024-10-27","468.8"
"2024-10-28","476.04"
"2024-10-29","485.2"
"2024-10-30","486.86"
"2024-11-05","492.44"
"2024-11-06","490.85"
"2024-11-10","501.01"
"2024-11-11","499.34"
"2024-11-12","492.85"
"2024-11-13","486.86"
"2024-11-14","493.52"
"2024-11-17","495.18"
"2024-11-19","482.7"
"2024-11-20","482.7"
"2024-11-21","481.87"
"2024-11-24","492.69"
"2024-11-25","492.69"
"2024-11-26","489.36"
"2024-11-27","494.35"
"2024-11-28","493.44"
"2024-12-01","483.12"
"2024-12-02","484.78"
"2024-12-03","483.53"
"2024-12-04","485.95"
"2024-12-05","476.54"
"2024-12-08","470.38"
"2024-12-09","470.22"
"2024-12-10","466.47"
"2024-12-11","474.38"
"2024-12-12","466.05"
"2024-12-16","463.56"
"2024-12-17","468.97"
"2024-12-18","471.05"
"2024-12-19","469.3"
"2024-12-22","469.3"
"2024-12-23","469.38"
"2024-12-24","473.54"
"2024-12-26","474.38"
"2024-12-29","474.38"
"2024-12-31","463.75"
"2025-01-01","467.15"
"2025-01-02","468.8"
"2025-01-05","467.61"
"2025-01-06","473.39"
"2025-01-07","470.36"
"2025-01-08","469.44"
"2025-01-09","468.98"
"2025-01-12","463.01"
"2025-01-13","460.62"
"2025-01-15","459.71"
"2025-01-16","458.05"
"2025-01-19","459.43"
"2025-01-20","460.26"
"2025-01-21","459.34"
"2025-01-22","473.03"
"2025-01-23","476.79"
"2025-01-26","469.35"
"2025-01-27","467.06"
"2025-01-28","463.93"
"2025-02-02","475.87"
"2025-02-03","483.68"
"2025-02-04","481.39"
"2025-02-05","478.08"
"2025-02-06","491.49"
"2025-02-09","481.48"
"2025-02-10","482.21"
"2025-02-11","482.31"
"2025-02-12","485.98"
"2025-02-13","490.57"
"2025-02-16","489.65"
"2025-02-17","483.22"
"2025-02-18","479.55"
"2025-02-20","475.87"
"2025-02-23","474.86"
"2025-02-24","481.39"
"2025-02-25","482.12"
"2025-02-27","496.09"
"2025-03-02","505.92"
"2025-03-03","495.17"
"2025-03-04","489.65"
"2025-03-05","480.28"
"2025-03-06","486.53"
"2025-03-09","482.31"
"2025-03-10","474.31"
"2025-03-11","471.28"
"2025-03-12","468.52"
"2025-03-16","464.02"
"2025-03-17","462.92"
"2025-03-18","461.45"
"2025-03-19","458.24"
"2025-03-20","451.28"
"2025-03-23","444.04"
"2025-03-24","449.92"
"2025-03-25","438.13"
"2025-03-26","439.61"
"2025-03-27","448.86"
"2025-03-30","450.44"
"2025-04-01","443.76"
"2025-04-02","442.2"
"2025-04-03","442.32"
"2025-04-07","438.42"
"2025-04-08","434.84"
"2025-04-09","436.6"
"2025-04-10","435.39"
"2025-04-13","436.44"
"2025-04-15","444.74"
"2025-04-16","444.13"
"2025-04-17","449.46"
"2025-04-20","454.76"
"2025-04-21","456.32"
"2025-04-22","448.1"
"2025-04-23","436.47"
"2025-04-24","438.27"
"2025-04-27","449.89"
"2025-04-28","443.16"
"2025-04-29","439.61"
"2025-04-30","446.53"
"2025-05-04","452.82"
"2025-05-05","447.12"
"2025-05-06","453.47"
"2025-05-07","479.59"
"2025-05-08","472.93"
"2025-05-11","457.84"
"2025-05-13","450.44"
"2025-05-14","442.82"
"2025-05-15","443.4"
"2025-05-18","440.26"
"2025-05-19","442.91"
"2025-05-20","454.57"
"2025-05-21","450.15"
"2025-05-22","446.58"
"2025-05-25","448.9"
"2025-05-26","447.63"
"2025-05-27","447.51"
"2025-05-28","454.87"
"2025-06-02","448.78"
"2025-06-03","448.65"
"2025-06-04","443.95"
"2025-06-05","447.18"
"2025-06-08","482.99"
"2025-06-09","506.8"
"2025-06-10","510.65"
"2025-06-11","533.86"
"2025-06-12","521.23"
"2025-06-15","534.45"
"2025-06-16","528.19"
"2025-06-17","527.44"
"2025-06-18","528.15"
"2025-06-19","518.46"
"2025-06-22","496.99"
"2025-06-23","498.76"
"2025-06-24","491.72"
"2025-06-25","501.29"
"2025-06-26","497.72"
"2025-06-29","502.21"
"2025-06-30","499.96"
"2025-07-01","504.3"
"2025-07-02","499.68"
"2025-07-03","493.07"
"2025-07-06","491.09"
"2025-07-07","485.13"
"2025-07-08","485.4"
"2025-07-09","484"
"2025-07-10","481.59"
"2025-07-13","479.19"
"2025-07-14","477.71"
"2025-07-15","485.14"
"2025-07-16","490.07"
"2025-07-17","503.09"
"2025-07-20","499.79"
"2025-07-21","501.84"
"2025-07-22","512.7"
"2025-07-23","509.22"
"2025-07-24","526.14"
"2025-07-27","513.64"
"2025-07-28","510.5"
"2025-07-29","509.45"
"2025-07-30","500.61"
"2025-07-31","493.51"
"2025-08-03","494.58"
"2025-08-04","495.93"
"2025-08-05","488.17"
"2025-08-06","486.67"
"2025-08-07","486.52"
"2025-08-11","484"
"2025-08-12","477.82"
"2025-08-13","477.5"
"2025-08-14","480.75"
"2025-08-17","473.88"
"2025-08-18","475.17"
"2025-08-19","474.77"
"2025-08-20","471.54"
"2025-08-21","469.99"
"2025-08-24","464.76"
"2025-08-25","465.09"
"2025-08-26","466.94"
"2025-08-27","475.67"
"2025-08-28","468.67"
"2025-08-31","464.91"
"2025-09-01","466.89"
"2025-09-02","463.67"
"2025-09-03","463.27"
"2025-09-04","462.28"
"2025-09-07","460.71"
"2025-09-08","456.91"
"2025-09-18","426.27"
"2025-09-21","451.69"
"2025-09-23","461.36"
"2025-09-24","455.66"
"2025-09-25","456.58"
"2025-09-28","462.09"
"2025-10-07","456.86"
"2025-10-08","450.15"
"2025-10-09","455.57"
"2025-10-12","442.8"
"2025-10-13","446.48"
"2025-10-14","443.72"
"2025-10-15","443.45"
"2025-10-16","444.64"
"2025-10-19","441.88"
"2025-10-26","441.06"
"2025-10-28","450.15"
"2025-10-29","449.23"
"2025-10-30","463.01"
"2025-11-02","462.09"
"2025-11-03","455.66"
"2025-11-04","454.65"
"2025-11-05","450.15"
"2025-11-06","450.15"
"2025-11-09","447.03"
"2025-11-10","445.47"
"2025-11-11","448.31"
"2025-11-12","450.15"
"2025-11-13","445.19"
"2025-11-16","441.61"
"2025-11-17","444.64"
"2025-11-18","443.26"
"2025-11-19","443.54"
"2025-11-20","444.55"
"2025-11-23","450.79"
"2025-11-24","456.58"
"2025-11-25","460.35"
"2025-11-26","464.85"
"2025-11-27","464.39"
"2025-11-30","455.66"
"2025-12-01","455.57"
"2025-12-02","454.84"
"2025-12-03","450.15"
"2025-12-07","450.15"
"2025-12-08","451.07"
"2025-12-09","454.74"
"2025-12-10","452.17"
"2025-12-11","451.25"
"2025-12-14","451.53"
"2025-12-15","450.15"
"2025-12-16","454.74"
"2025-12-17","455.66"
"2025-12-18","451.53"
"2025-12-21","450.98"
"2025-12-22","451.07"
"2025-12-23","453.92"
"2025-12-24","457.5"
"2025-12-28","463.84"
"2025-12-29","460.72"
"2025-12-31","465.68"
"2026-01-01","471"
"2026-01-04","470.5"
"2026-01-05","470.2"
"2026-01-06","470.9"
"2026-01-07","471"
"2026-01-08","470.9"
"2026-01-12","470"
"2026-01-13","474"
"2026-01-14","470"
"2026-01-18","473"
"2026-01-20","475.4"
"2026-01-21","476.8"
"2026-01-22","473.1"
"2026-01-25","486"
"2026-01-26","483.9"
"2026-01-27","470.4"
"2026-01-28","474.5"
"2026-01-29","474"
"2026-02-01","470.1"
"2026-02-02","472"
"2026-02-03","469"
"2026-02-04","467"
"2026-02-05","470"
"2026-02-08","470"
"2026-02-09","468"
"2026-02-10","468.7"
"2026-02-11","469.9"
"2026-02-12","477"
"2026-02-16","470"
"2026-02-17","466.9"
"2026-02-22","461.9"
"2026-02-23","460.9"
"2026-02-24","462.9"
"2026-02-25","466"
"2026-02-26","468"
"2026-03-01","469"
"2026-03-03","479.9"
"2026-03-09","509"
"2026-03-10","500.1"
"2026-03-11","503"
"2026-03-12","510"
"2026-03-15","508.6"
"2026-03-16","496.9"
"2026-03-17","497.1"
"2026-03-19","509.7"
"2026-03-22","508"
"2026-03-23","510.5"
"2026-03-24","514"
"2026-03-25","511.9"
"2026-03-26","510.5"
"2026-03-29","498"
"2026-03-30","501"
"2026-03-31","507.4"
"2026-04-01","493"
"2026-04-02","493.8"
"2026-04-05","476"
"2026-04-06","486"
"2026-04-07","485.9"
"2026-04-08","490"
"2026-04-09","495"
"2026-04-10","493"
"2026-04-13","495.4"
"2026-04-15","497"
"2026-04-16","491.4"
"2026-04-17","492"
"2026-04-20","487"
"2026-04-21","484"
"2026-04-22","485"
"2026-04-23","482.1"
"2026-04-24","479"
"2026-04-27","480"
"2026-04-28","480"
"2026-04-29","479.1"
"2026-04-30","478.5"
