"2007-01-02","775"
"2007-01-03","750"
"2007-01-04","735"
"2007-01-07","745"
"2007-01-08","790"
"2007-01-09","817"
"2007-01-10","816"
"2007-01-11","775"
"2007-01-17","800"
"2007-01-18","780"
"2007-01-21","790"
"2007-01-25","790"
"2007-01-28","788"
"2007-01-29","756"
"2007-01-31","745"
"2007-02-01","746"
"2007-02-04","751"
"2007-02-05","780"
"2007-02-06","800"
"2007-02-07","790"
"2007-02-08","798"
"2007-02-11","805"
"2007-02-12","805"
"2007-02-13","805"
"2007-02-14","805"
"2007-02-15","790"
"2007-02-18","785"
"2007-02-20","775"
"2007-02-21","760"
"2007-02-25","750"
"2007-02-26","755"
"2007-02-27","750"
"2007-02-28","745"
"2007-03-04","745"
"2007-03-05","730"
"2007-03-06","720"
"2007-03-07","715"
"2007-03-08","710"
"2007-03-11","730"
"2007-03-12","750"
"2007-03-14","760"
"2007-03-15","760"
"2007-03-21","750"
"2007-03-22","741"
"2007-03-25","730"
"2007-03-28","721"
"2007-03-29","710"
"2007-04-01","700"
"2007-04-02","740"
"2007-04-03","730"
"2007-04-05","725"
"2007-04-09","715"
"2007-04-10","710"
"2007-04-11","710"
"2007-04-12","710"
"2007-04-15","725"
"2007-04-16","730"
"2007-04-17","725"
"2007-04-18","725"
"2007-04-19","725"
"2007-04-22","725"
"2007-04-23","720"
"2007-04-25","720"
"2007-04-26","710"
"2007-04-29","720"
"2007-04-30","735"
"2007-05-03","732"
"2007-05-06","735"
"2007-05-07","736"
"2007-05-08","741"
"2007-05-09","760"
"2007-05-10","775"
"2007-05-13","785"
"2007-05-14","790"
"2007-05-15","790"
"2007-05-17","790"
"2007-05-20","785"
"2007-05-21","775"
"2007-05-22","765"
"2007-05-23","755"
"2007-05-24","760"
"2007-05-29","775"
"2007-05-30","780"
"2007-05-31","782"
"2007-06-03","790"
"2007-06-04","790"
"2007-06-05","800"
"2007-06-06","798"
"2007-06-07","800"
"2007-06-10","795"
"2007-06-11","810"
"2007-06-12","830"
"2007-06-13","830"
"2007-06-14","860"
"2007-06-17","820"
"2007-06-18","810"
"2007-06-19","835"
"2007-06-20","851"
"2007-06-21","875"
"2007-06-24","865"
"2007-06-25","890"
"2007-06-26","890"
"2007-06-27","885"
"2007-07-01","885"
"2007-07-02","870"
"2007-07-03","865"
"2007-07-04","870"
"2007-07-05","900"
"2007-07-09","885"
"2007-07-10","900"
"2007-07-11","915"
"2007-07-12","920"
"2007-07-15","915"
"2007-07-16","940"
"2007-07-17","940"
"2007-07-18","986"
"2007-07-19","1,035"
"2007-07-22","1,010"
"2007-07-23","1,020"
"2007-07-24","1,010"
"2007-07-25","1,010"
"2007-07-26","1,010"
"2007-07-29","1,010"
"2007-07-30","1,000"
"2007-07-31","1,000"
"2007-08-01","990"
"2007-08-02","990"
"2007-08-05","1,010"
"2007-08-06","1,020"
"2007-08-07","1,035"
"2007-08-08","1,050"
"2007-08-09","1,105"
"2007-08-13","1,180"
"2007-08-14","1,170"
"2007-08-15","1,155"
"2007-08-16","1,160"
"2007-08-19","1,160"
"2007-08-20","1,170"
"2007-08-21","1,195"
"2007-08-22","1,215"
"2007-08-23","1,220"
"2007-08-24","1,230"
"2007-08-26","1,225"
"2007-08-27","1,240"
"2007-08-30","1,285"
"2007-09-02","1,320"
"2007-09-03","1,352"
"2007-09-05","1,470"
"2007-09-06","1,600"
"2007-09-09","1,630"
"2007-09-10","1,610"
"2007-09-11","1,575"
"2007-09-12","1,550"
"2007-09-13","1,500"
"2007-09-16","1,475"
"2007-09-17","1,480"
"2007-09-18","1,485"
"2007-09-19","1,460"
"2007-09-20","1,475"
"2007-09-23","1,550"
"2007-09-24","1,510"
"2007-09-26","1,500"
"2007-09-27","1,490"
"2007-09-30","1,490"
"2007-10-01","1,466"
"2007-10-02","1,425"
"2007-10-03","1,400"
"2007-10-04","1,460"
"2007-10-07","1,440"
"2007-10-08","1,450"
"2007-10-09","1,400"
"2007-10-10","1,380"
"2007-10-11","1,375"
"2007-10-14","1,428"
"2007-10-15","1,421"
"2007-10-30","1,415"
"2007-10-31","1,400"
"2007-11-01","1,380"
"2007-11-04","1,380"
"2007-11-05","1,380"
"2007-11-06","1,380"
"2007-11-07","1,370"
"2007-11-08","1,365"
"2007-11-12","1,370"
"2007-11-13","1,370"
"2007-11-14","1,350"
"2007-11-15","1,377"
"2007-11-18","1,514"
"2007-11-19","1,665"
"2007-11-20","1,610"
"2007-11-25","1,575"
"2007-11-26","1,560"
"2007-11-27","1,490"
"2007-11-28","1,480"
"2007-11-29","1,480"
"2007-12-02","1,514"
"2007-12-03","1,525"
"2007-12-04","1,600"
"2007-12-05","1,601"
"2007-12-06","1,599"
"2007-12-09","1,605"
"2007-12-10","1,632"
"2007-12-11","1,620"
"2007-12-13","1,817"
"2007-12-16","1,999"
"2007-12-17","2,199"
"2007-12-18","2,180"
"2007-12-19","2,090"
"2007-12-20","2,049"
"2007-12-23","1,930"
"2007-12-24","1,905"
"2007-12-27","1,843"
"2008-01-13","1,764"
"2008-01-16","1,729"
"2008-01-17","1,645"
"2008-01-20","1,531"
"2008-01-21","1,413"
"2008-01-22","1,363"
"2008-01-23","1,335"
"2008-01-24","1,290"
"2008-01-27","1,290"
"2008-01-28","1,275"
"2008-01-29","1,249"
"2008-01-31","1,200"
"2008-02-03","1,153"
"2008-02-04","1,057"
"2008-02-05","1,020"
"2008-02-10","1,129"
"2008-02-11","1,208"
"2008-02-12","1,318"
"2008-02-13","1,369"
"2008-02-14","1,360"
"2008-02-17","1,350"
"2008-02-18","1,295"
"2008-02-20","1,193"
"2008-02-21","1,224"
"2008-02-24","1,205"
"2008-02-25","1,270"
"2008-02-26","1,270"
"2008-02-27","1,260"
"2008-02-28","1,235"
"2008-03-02","1,254"
"2008-03-03","1,279"
"2008-03-04","1,292"
"2008-03-05","1,220"
"2008-03-09","1,220"
"2008-03-10","1,200"
"2008-03-11","1,150"
"2008-03-12","1,133"
"2008-03-13","1,130"
"2008-03-16","1,208"
"2008-03-17","1,240"
"2008-03-18","1,250"
"2008-03-19","1,221"
"2008-03-20","1,200"
"2008-03-23","1,190"
"2008-03-24","1,200"
"2008-03-25","1,205"
"2008-03-26","1,191"
"2008-03-27","1,215"
"2008-03-30","1,200"
"2008-03-31","1,200"
"2008-04-01","1,200"
"2008-04-02","1,181"
"2008-04-03","1,220"
"2008-04-06","1,268"
"2008-04-15","1,270"
"2008-04-16","1,245"
"2008-04-17","1,251"
"2008-04-20","1,252"
"2008-04-21","1,261"
"2008-04-22","1,260"
"2008-04-24","1,240"
"2008-04-27","1,236"
"2008-04-28","1,244"
"2008-04-30","1,245"
"2008-05-04","1,262"
"2008-05-05","1,270"
"2008-05-06","1,290"
"2008-05-07","1,370"
"2008-05-08","1,400"
"2008-05-11","1,360"
"2008-05-12","1,367"
"2008-05-13","1,400"
"2008-05-14","1,410"
"2008-05-15","1,430"
"2008-05-18","1,390"
"2008-05-21","1,380"
"2008-05-22","1,370"
"2008-05-25","1,376"
"2008-05-26","1,376"
"2008-06-02","1,400"
"2008-06-04","1,410"
"2008-06-05","1,440"
"2008-06-08","1,550"
"2008-06-09","1,570"
"2008-06-10","1,570"
"2008-06-11","1,560"
"2008-06-12","1,490"
"2008-06-15","1,500"
"2008-06-16","1,505"
"2008-06-17","1,504"
"2008-06-18","1,510"
"2008-06-19","1,500"
"2008-06-22","1,470"
"2008-06-23","1,470"
"2008-06-24","1,470"
"2008-06-25","1,470"
"2008-06-26","1,479"
"2008-06-29","1,441"
"2008-06-30","1,445"
"2008-07-01","1,435"
"2008-07-02","1,420"
"2008-07-03","1,390"
"2008-07-06","1,330"
"2008-07-07","1,330"
"2008-07-08","1,404"
"2008-07-09","1,435"
"2008-07-10","1,470"
"2008-07-13","1,475"
"2008-07-15","1,445"
"2008-07-16","1,550"
"2008-07-17","1,555"
"2008-07-20","1,520"
"2008-07-21","1,495"
"2008-07-22","1,450"
"2008-07-23","1,430"
"2008-07-27","1,430"
"2008-07-28","1,425"
"2008-07-29","1,432"
"2008-07-31","1,420"
"2008-08-03","1,535"
"2008-08-04","1,575"
"2008-08-05","1,680"
"2008-08-07","1,650"
"2008-08-10","1,630"
"2008-08-11","1,600"
"2008-08-12","1,625"
"2008-08-13","1,594"
"2008-08-18","1,570"
"2008-08-19","1,569"
"2008-08-25","1,538"
"2008-08-27","1,500"
"2008-08-28","1,455"
"2008-08-31","1,450"
"2008-09-01","1,430"
"2008-09-02","1,440"
"2008-09-03","1,390"
"2008-09-04","1,350"
"2008-09-07","1,421"
"2008-09-08","1,450"
"2008-09-09","1,430"
"2008-09-10","1,425"
"2008-09-15","1,400"
"2008-09-16","1,410"
"2008-09-17","1,400"
"2008-09-18","1,415"
"2008-09-21","1,430"
"2008-09-22","1,408"
"2008-09-23","1,435"
"2008-09-24","1,420"
"2008-09-25","1,410"
"2008-09-28","1,412"
"2008-09-29","1,410"
"2008-10-12","1,430"
"2008-10-13","1,415"
"2008-10-15","1,400"
"2008-10-19","1,400"
"2008-10-20","1,372"
"2008-10-21","1,360"
"2008-10-22","1,340"
"2008-10-23","1,304"
"2008-10-26","1,310"
"2008-10-27","1,285"
"2008-11-02","1,200"
"2008-11-05","1,250"
"2008-11-06","1,290"
"2008-11-09","1,240"
"2008-11-10","1,216"
"2008-11-11","1,190"
"2008-11-12","1,210"
"2008-11-13","1,199"
"2008-11-17","1,176"
"2008-11-18","1,140"
"2008-11-19","1,100"
"2008-11-20","1,040"
"2008-11-23","1,049"
"2008-11-24","1,056"
"2008-11-25","1,006"
"2008-11-26","1,025"
"2008-11-27","1,060"
"2008-11-30","1,080"
"2008-12-01","1,134"
"2008-12-02","1,120"
"2008-12-03","1,125"
"2008-12-08","1,140"
"2008-12-10","1,130"
"2008-12-11","1,127"
"2008-12-15","1,105"
"2008-12-16","1,100"
"2008-12-17","1,100"
"2008-12-18","1,100"
"2008-12-21","1,100"
"2008-12-22","1,060"
"2008-12-24","1,045"
"2008-12-28","1,015"
"2008-12-29","1,000"
"2008-12-31","1,020"
"2009-01-01","1,060"
"2009-01-05","1,060"
"2009-01-06","1,070"
"2009-01-08","1,100"
"2009-01-12","1,110"
"2009-01-18","1,100"
"2009-01-21","1,089"
"2009-01-22","1,068"
"2009-01-25","1,027"
"2009-01-26","1,020"
"2009-01-28","1,040"
"2009-02-01","1,029"
"2009-02-02","990"
"2009-02-03","1,000"
"2009-02-04","1,014"
"2009-02-05","1,025"
"2009-02-08","1,020"
"2009-02-09","1,040"
"2009-02-10","1,040"
"2009-02-11","1,055"
"2009-02-12","1,095"
"2009-02-15","1,075"
"2009-02-16","1,071"
"2009-02-17","1,085"
"2009-02-19","1,060"
"2009-02-22","1,072"
"2009-02-24","1,060"
"2009-02-26","1,050"
"2009-03-01","1,045"
"2009-03-03","1,045"
"2009-03-04","1,040"
"2009-03-05","1,040"
"2009-03-08","1,036"
"2009-03-09","1,060"
"2009-03-12","1,035"
"2009-03-15","1,051"
"2009-03-16","1,090"
"2009-03-17","1,100"
"2009-03-18","1,090"
"2009-03-19","1,090"
"2009-03-22","1,134"
"2009-03-23","1,134"
"2009-03-25","1,115"
"2009-03-29","1,080"
"2009-03-30","1,110"
"2009-03-31","1,130"
"2009-04-01","1,100"
"2009-04-02","1,144"
"2009-04-05","1,100"
"2009-04-07","1,105"
"2009-04-08","1,100"
"2009-04-09","1,080"
"2009-04-12","1,100"
"2009-04-13","1,075"
"2009-04-16","1,080"
"2009-04-19","1,080"
"2009-04-20","1,070"
"2009-04-22","1,050"
"2009-04-26","1,080"
"2009-04-27","1,050"
"2009-04-28","1,030"
"2009-04-29","1,040"
"2009-04-30","1,030"
"2009-05-04","1,030"
"2009-05-05","1,050"
"2009-05-06","1,050"
"2009-05-07","1,070"
"2009-05-10","1,089"
"2009-05-11","1,090"
"2009-05-12","1,122"
"2009-05-13","1,100"
"2009-05-14","1,100"
"2009-05-17","1,085"
"2009-05-18","1,100"
"2009-05-19","1,110"
"2009-05-20","1,060"
"2009-05-21","1,060"
"2009-05-24","1,093"
"2009-05-25","1,100"
"2009-05-26","1,110"
"2009-05-27","1,202"
"2009-05-28","1,290"
"2009-05-31","1,190"
"2009-06-01","1,160"
"2009-06-02","1,170"
"2009-06-03","1,170"
"2009-06-04","1,180"
"2009-06-07","1,150"
"2009-06-08","1,180"
"2009-06-09","1,210"
"2009-06-10","1,300"
"2009-06-11","1,245"
"2009-06-14","1,216"
"2009-06-15","1,200"
"2009-06-16","1,200"
"2009-06-17","1,185"
"2009-06-18","1,140"
"2009-06-21","1,150"
"2009-06-22","1,152"
"2009-06-23","1,175"
"2009-06-24","1,145"
"2009-06-25","1,125"
"2009-06-28","1,130"
"2009-06-29","1,110"
"2009-06-30","1,110"
"2009-07-01","1,085"
"2009-07-02","1,115"
"2009-07-05","1,115"
"2009-07-06","1,120"
"2009-07-07","1,120"
"2009-07-08","1,136"
"2009-07-09","1,130"
"2009-07-12","1,150"
"2009-07-13","1,173"
"2009-07-14","1,132"
"2009-07-15","1,248"
"2009-07-16","1,271"
"2009-07-19","1,230"
"2009-07-21","1,210"
"2009-07-23","1,170"
"2009-07-27","1,200"
"2009-07-29","1,200"
"2009-07-30","1,170"
"2009-08-02","1,150"
"2009-08-03","1,150"
"2009-08-04","1,135"
"2009-08-09","1,135"
"2009-08-10","1,125"
"2009-08-11","1,125"
"2009-08-12","1,125"
"2009-08-16","1,167"
"2009-08-17","1,165"
"2009-08-18","1,170"
"2009-08-20","1,162"
"2009-08-23","1,130"
"2009-08-24","1,120"
"2009-08-25","1,125"
"2009-08-26","1,113"
"2009-08-27","1,132"
"2009-08-31","1,127"
"2009-09-01","1,100"
"2009-09-02","1,130"
"2009-09-06","1,111"
"2009-09-07","1,084"
"2009-09-08","1,100"
"2009-09-09","1,080"
"2009-09-10","1,081"
"2009-09-13","1,050"
"2009-09-14","1,039"
"2009-09-15","1,105"
"2009-09-16","1,085"
"2009-09-17","1,075"
"2009-09-20","1,075"
"2009-10-04","1,055"
"2009-10-05","1,045"
"2009-10-06","1,025"
"2009-10-07","1,035"
"2009-10-08","1,047"
"2009-10-12","1,080"
"2009-10-13","1,101"
"2009-10-14","1,040"
"2009-10-22","1,023"
"2009-10-25","1,063"
"2009-10-26","1,058"
"2009-10-27","1,060"
"2009-10-28","1,060"
"2009-10-29","1,070"
"2009-11-02","1,060"
"2009-11-03","1,031"
"2009-11-04","1,030"
"2009-11-05","1,056"
"2009-11-08","1,091"
"2009-11-09","1,085"
"2009-11-10","1,075"
"2009-11-11","1,049"
"2009-11-12","1,065"
"2009-11-19","1,065"
"2009-11-23","1,040"
"2009-11-24","1,025"
"2009-11-26","1,025"
"2009-12-01","1,005"
"2009-12-03","987"
"2009-12-06","999"
"2009-12-09","1,015"
"2009-12-10","1,030"
"2009-12-13","1,025"
"2009-12-14","1,025"
"2009-12-15","1,025"
"2009-12-16","1,010"
"2009-12-17","1,000"
"2009-12-20","1,000"
"2009-12-22","1,010"
"2009-12-23","975"
"2009-12-24","1,009"
"2009-12-27","1,039"
"2009-12-28","1,030"
"2009-12-29","1,040"
"2009-12-31","1,042"
"2010-01-03","1,040"
"2010-01-05","1,025"
"2010-01-06","980"
"2010-01-07","980"
"2010-01-11","980"
"2010-01-14","970"
"2010-01-19","989"
"2010-01-20","1,021"
"2010-01-21","1,020"
"2010-01-24","1,015"
"2010-01-25","1,014"
"2010-01-26","1,030"
"2010-01-27","1,014"
"2010-01-28","1,010"
"2010-01-31","990"
"2010-02-03","970"
"2010-02-04","989"
"2010-02-07","1,010"
"2010-02-08","1,000"
"2010-02-09","1,000"
"2010-02-10","980"
"2010-02-11","1,005"
"2010-02-17","1,010"
"2010-03-01","1,020"
"2010-03-02","980"
"2010-03-03","965"
"2010-03-04","965"
"2010-03-07","970"
"2010-03-10","994"
"2010-03-11","1,000"
"2010-03-14","980"
"2010-03-16","956"
"2010-03-17","989"
"2010-03-22","975"
"2010-03-23","955"
"2010-03-25","925"
"2010-03-28","915"
"2010-03-29","912"
"2010-03-30","894"
"2010-03-31","860"
"2010-04-01","899"
"2010-04-04","946"
"2010-04-05","915"
"2010-04-06","910"
"2010-04-07","905"
"2010-04-08","890"
"2010-04-11","887"
"2010-04-12","890"
"2010-04-13","891"
"2010-04-15","900"
"2010-04-18","885"
"2010-04-19","880"
"2010-04-20","870"
"2010-04-21","843"
"2010-04-22","830"
"2010-04-25","829"
"2010-04-26","829"
"2010-04-27","820"
"2010-04-28","820"
"2010-04-29","840"
"2010-05-09","873"
"2010-05-10","860"
"2010-05-11","860"
"2010-05-12","877"
"2010-05-13","918"
"2010-05-18","886"
"2010-05-19","900"
"2010-05-20","910"
"2010-05-23","900"
"2010-05-25","928"
"2010-05-26","965"
"2010-05-30","974"
"2010-05-31","1,070"
"2010-06-01","1,029"
"2010-06-03","1,009"
"2010-06-06","984"
"2010-06-07","980"
"2010-06-08","995"
"2010-06-09","980"
"2010-06-10","980"
"2010-06-13","980"
"2010-06-14","961"
"2010-06-20","950"
"2010-06-21","950"
"2010-06-22","950"
"2010-06-23","931"
"2010-06-24","920"
"2010-06-28","931"
"2010-06-29","907"
"2010-06-30","911"
"2010-07-04","920"
"2010-07-06","920"
"2010-07-07","911"
"2010-07-08","911"
"2010-07-11","920"
"2010-07-12","915"
"2010-07-13","928"
"2010-07-14","1,002"
"2010-07-15","1,021"
"2010-07-22","1,079"
"2010-07-25","991"
"2010-07-26","935"
"2010-07-27","914"
"2010-07-28","920"
"2010-08-01","921"
"2010-08-03","920"
"2010-08-04","927"
"2010-08-05","940"
"2010-08-08","927"
"2010-08-10","922"
"2010-08-12","922"
"2010-08-17","904"
"2010-08-22","905"
"2010-08-23","916"
"2010-08-26","915"
"2010-08-29","910"
"2010-08-31","910"
"2010-09-05","910"
"2010-09-06","908"
"2010-09-07","900"
"2010-09-09","910"
"2010-09-14","919"
"2010-09-19","920"
"2010-09-20","920"
"2010-09-21","920"
"2010-09-23","915"
"2010-09-26","900"
"2010-09-27","915"
"2010-09-28","918"
"2010-09-29","910"
"2010-09-30","900"
"2010-10-04","900"
"2010-10-05","883"
"2010-10-06","915"
"2010-10-07","900"
"2010-10-12","920"
"2010-10-21","938"
"2010-10-24","950"
"2010-10-25","946"
"2010-10-26","923"
"2010-10-27","935"
"2010-10-28","939"
"2010-10-31","940"
"2010-11-01","940"
"2010-11-02","945"
"2010-11-03","940"
"2010-11-04","931"
"2010-11-11","948"
"2010-11-14","955"
"2010-11-15","955"
"2010-11-16","956"
"2010-11-18","994"
"2010-11-21","994"
"2010-11-22","980"
"2010-11-23","965"
"2010-11-24","965"
"2010-11-25","975"
"2010-11-29","956"
"2010-11-30","960"
"2010-12-01","945"
"2010-12-02","970"
"2010-12-06","924"
"2010-12-08","924"
"2010-12-09","925"
"2010-12-12","930"
"2010-12-13","930"
"2010-12-14","934"
"2010-12-15","938"
"2010-12-19","937"
"2010-12-20","920"
"2010-12-22","936"
"2010-12-26","918"
"2010-12-28","936"
"2010-12-29","937"
"2011-01-02","950"
"2011-01-03","940"
"2011-01-04","922"
"2011-01-05","940"
"2011-01-09","950"
"2011-01-10","955"
"2011-01-11","960"
"2011-01-12","970"
"2011-01-13","953"
"2011-01-16","961"
"2011-01-17","976"
"2011-01-18","1,000"
"2011-01-19","985"
"2011-01-20","1,005"
"2011-01-23","1,005"
"2011-01-24","1,012"
"2011-01-31","1,040"
"2011-02-01","1,044"
"2011-02-02","1,075"
"2011-02-03","1,075"
"2011-02-06","1,083"
"2011-02-07","1,064"
"2011-02-09","1,043"
"2011-02-10","1,025"
"2011-02-13","1,003"
"2011-02-14","993"
"2011-02-15","1,014"
"2011-02-16","1,000"
"2011-02-17","1,030"
"2011-02-20","1,045"
"2011-02-21","1,035"
"2011-02-22","1,025"
"2011-02-23","1,023"
"2011-02-24","1,045"
"2011-02-27","1,030"
"2011-02-28","1,030"
"2011-03-01","1,020"
"2011-03-07","1,010"
"2011-03-10","990"
"2011-03-15","971"
"2011-03-16","885"
"2011-03-22","885"
"2011-03-27","902"
"2011-03-28","920"
"2011-03-29","930"
"2011-03-30","934"
"2011-03-31","930"
"2011-04-04","930"
"2011-04-05","931"
"2011-04-06","941"
"2011-04-07","940"
"2011-04-10","940"
"2011-04-11","935"
"2011-04-13","930"
"2011-04-17","921"
"2011-04-18","921"
"2011-04-19","920"
"2011-04-20","928"
"2011-04-21","910"
"2011-04-27","902"
"2011-04-28","900"
"2011-05-02","885"
"2011-05-03","900"
"2011-05-04","900"
"2011-05-05","898"
"2011-05-10","885"
"2011-05-11","900"
"2011-05-15","900"
"2011-05-16","900"
"2011-05-18","900"
"2011-05-19","900"
"2011-05-22","892"
"2011-05-24","890"
"2011-05-25","900"
"2011-05-26","885"
"2011-05-30","880"
"2011-05-31","880"
"2011-06-01","850"
"2011-06-02","845"
"2011-06-05","850"
"2011-06-06","840"
"2011-06-07","831"
"2011-06-08","815"
"2011-06-09","795"
"2011-06-12","760"
"2011-06-13","745"
"2011-06-14","710"
"2011-06-15","690"
"2011-06-16","690"
"2011-06-19","719"
"2011-06-20","747"
"2011-06-21","822"
"2011-06-23","903"
"2011-06-26","950"
"2011-06-27","849"
"2011-06-29","773"
"2011-07-03","756"
"2011-07-04","771"
"2011-07-05","790"
"2011-07-06","830"
"2011-07-07","832"
"2011-07-10","825"
"2011-07-11","805"
"2011-07-12","795"
"2011-07-13","832"
"2011-07-14","826"
"2011-07-17","825"
"2011-07-18","874"
"2011-07-19","908"
"2011-07-20","890"
"2011-07-21","846"
"2011-07-24","809"
"2011-07-25","789"
"2011-07-26","790"
"2011-07-27","805"
"2011-07-28","790"
"2011-07-31","805"
"2011-08-01","815"
"2011-08-02","825"
"2011-08-03","830"
"2011-08-04","814"
"2011-08-08","815"
"2011-08-09","800"
"2011-08-10","800"
"2011-08-11","812"
"2011-08-16","828"
"2011-08-17","840"
"2011-08-18","856"
"2011-08-22","856"
"2011-08-23","840"
"2011-08-24","818"
"2011-08-25","834"
"2011-08-28","833"
"2011-08-29","817"
"2011-08-30","830"
"2011-09-04","845"
"2011-09-05","845"
"2011-09-06","824"
"2011-09-07","840"
"2011-09-08","840"
"2011-09-12","820"
"2011-09-13","815"
"2011-09-14","800"
"2011-09-15","799"
"2011-09-18","775"
"2011-09-19","781"
"2011-09-20","770"
"2011-09-21","780"
"2011-09-22","785"
"2011-09-25","780"
"2011-09-26","790"
"2011-09-27","780"
"2011-09-29","795"
"2011-10-02","800"
"2011-10-09","800"
"2011-10-10","807"
"2011-10-12","811"
"2011-10-13","818"
"2011-10-16","820"
"2011-10-17","860"
"2011-10-18","860"
"2011-10-19","881"
"2011-10-20","958"
"2011-10-23","882"
"2011-10-24","890"
"2011-10-25","891"
"2011-10-30","902"
"2011-10-31","885"
"2011-11-02","907"
"2011-11-03","925"
"2011-11-06","912"
"2011-11-08","905"
"2011-11-10","887"
"2011-11-13","900"
"2011-11-14","900"
"2011-11-15","900"
"2011-11-16","905"
"2011-11-17","871"
"2011-11-20","865"
"2011-11-21","860"
"2011-11-22","860"
"2011-11-23","840"
"2011-11-24","840"
"2011-11-27","828"
"2011-11-28","784"
"2011-11-29","785"
"2011-11-30","775"
"2011-12-01","772"
"2011-12-04","787"
"2011-12-05","810"
"2011-12-06","815"
"2011-12-07","831"
"2011-12-08","824"
"2011-12-11","819"
"2011-12-12","800"
"2011-12-13","791"
"2011-12-14","785"
"2011-12-15","810"
"2011-12-18","810"
"2011-12-19","810"
"2011-12-20","815"
"2011-12-21","830"
"2011-12-22","829"
"2011-12-26","820"
"2011-12-28","582"
"2011-12-29","590"
"2012-01-01","599"
"2012-01-02","603"
"2012-01-03","599"
"2012-01-04","604"
"2012-01-05","607"
"2012-01-08","610"
"2012-01-09","610"
"2012-01-10","612"
"2012-01-11","610"
"2012-01-12","598"
"2012-01-16","597"
"2012-01-17","579"
"2012-01-18","590"
"2012-01-19","598"
"2012-01-22","611"
"2012-01-23","610"
"2012-01-25","600"
"2012-01-26","610"
"2012-01-29","606"
"2012-01-31","605"
"2012-02-01","610"
"2012-02-02","612"
"2012-02-05","610"
"2012-02-06","608"
"2012-02-07","605"
"2012-02-08","599"
"2012-02-09","597"
"2012-02-12","594"
"2012-02-13","593"
"2012-02-14","591"
"2012-02-15","591"
"2012-02-16","594"
"2012-02-21","600"
"2012-02-23","598"
"2012-02-26","592"
"2012-02-27","590"
"2012-02-28","592"
"2012-02-29","598"
"2012-03-01","595"
"2012-03-04","596"
"2012-03-05","602"
"2012-03-06","599"
"2012-03-11","599"
"2012-03-12","597"
"2012-03-13","597"
"2012-03-14","596"
"2012-03-15","598"
"2012-03-18","597"
"2012-03-19","597"
"2012-03-20","594"
"2012-03-21","596"
"2012-03-25","595"
"2012-03-26","592"
"2012-03-27","580"
"2012-03-28","589"
"2012-03-29","587"
"2012-04-01","588"
"2012-04-02","599"
"2012-04-03","585"
"2012-04-04","596"
"2012-04-05","596"
"2012-04-08","594"
"2012-04-09","605"
"2012-04-10","592"
"2012-04-11","612"
"2012-04-12","611"
"2012-04-15","649"
"2012-04-16","700"
"2012-04-17","714"
"2012-04-18","680"
"2012-04-19","730"
"2012-04-22","740"
"2012-04-24","781"
"2012-04-25","843"
"2012-04-26","927"
"2012-04-29","900"
"2012-04-30","880"
"2012-05-02","834"
"2012-05-03","786"
"2012-05-04","771"
"2012-05-07","801"
"2012-05-08","849"
"2012-05-09","882"
"2012-05-10","866"
"2012-05-13","848"
"2012-05-14","796"
"2012-05-15","781"
"2012-05-16","858"
"2012-05-17","892"
"2012-05-18","882"
"2012-05-20","875"
"2012-05-21","853"
"2012-05-22","868"
"2012-05-23","849"
"2012-05-24","815"
"2012-05-25","860"
"2012-05-27","867"
"2012-05-29","864"
"2012-05-30","778"
"2012-05-31","700"
"2012-06-01","740"
"2012-06-03","754"
"2012-06-04","825"
"2012-06-05","778"
"2012-06-06","766"
"2012-06-07","761"
"2012-06-08","770"
"2012-06-10","775"
"2012-06-11","785"
"2012-06-12","770"
"2012-06-13","795"
"2012-06-14","765"
"2012-06-15","765"
"2012-06-17","779"
"2012-06-18","770"
"2012-06-19","779"
"2012-06-20","794"
"2012-06-21","775"
"2012-06-22","826"
"2012-06-25","801"
"2012-06-26","821"
"2012-06-27","815"
"2012-06-28","824"
"2012-06-29","840"
"2012-07-01","835"
"2012-07-02","835"
"2012-07-03","840"
"2012-07-04","833"
"2012-07-05","850"
"2012-07-06","829"
"2012-07-08","845"
"2012-07-09","847"
"2012-07-10","852"
"2012-07-11","876"
"2012-07-12","880"
"2012-07-13","875"
"2012-07-15","875"
"2012-07-16","862"
"2012-07-17","864"
"2012-07-18","882"
"2012-07-19","900"
"2012-07-20","916"
"2012-07-22","907"
"2012-07-23","952"
"2012-07-24","982"
"2012-07-25","975"
"2012-07-26","985"
"2012-07-27","982"
"2012-07-29","982"
"2012-07-30","966"
"2012-07-31","960"
"2012-08-01","976"
"2012-08-05","999"
"2012-08-06","998"
"2012-08-07","1,040"
"2012-08-08","1,060"
"2012-08-10","1,095"
"2012-08-12","1,079"
"2012-08-13","1,070"
"2012-08-14","1,063"
"2012-08-15","1,050"
"2012-08-16","1,020"
"2012-08-17","1,018"
"2012-08-19","1,020"
"2012-08-21","1,041"
"2012-08-22","1,040"
"2012-08-23","1,036"
"2012-08-24","1,030"
"2012-08-26","1,054"
"2012-08-27","1,030"
"2012-08-28","1,070"
"2012-08-29","1,051"
"2012-08-30","1,075"
"2012-09-02","1,075"
"2012-09-03","1,075"
"2012-09-04","1,105"
"2012-09-05","1,100"
"2012-09-06","1,086"
"2012-09-07","1,081"
"2012-09-09","1,086"
"2012-09-10","1,098"
"2012-09-11","1,098"
"2012-09-12","1,086"
"2012-09-13","1,097"
"2012-09-14","1,078"
"2012-09-16","1,100"
"2012-09-17","1,116"
"2012-09-18","1,161"
"2012-09-19","1,200"
"2012-09-20","1,135"
"2012-09-21","1,135"
"2012-09-23","1,135"
"2012-09-24","1,132"
"2012-09-25","895"
"2012-09-26","871"
"2012-09-27","865"
"2012-09-28","870"
"2012-09-30","857"
"2012-10-01","864"
"2012-10-02","889"
"2012-10-03","896"
"2012-10-04","935"
"2012-10-05","960"
"2012-10-07","989"
"2012-10-08","1,006"
"2012-10-09","1,000"
"2012-10-10","955"
"2012-10-11","952"
"2012-10-12","940"
"2012-10-14","965"
"2012-10-15","956"
"2012-10-17","972"
"2012-10-18","985"
"2012-10-30","1,009"
"2012-10-31","1,030"
"2012-11-01","1,025"
"2012-11-04","1,020"
"2012-11-05","1,055"
"2012-11-06","1,080"
"2012-11-07","1,115"
"2012-11-08","1,146"
"2012-11-11","1,125"
"2012-11-12","1,120"
"2012-11-16","1,140"
"2012-11-18","1,118"
"2012-11-20","1,153"
"2012-11-21","1,190"
"2012-11-22","1,155"
"2012-11-25","1,158"
"2012-11-26","1,122"
"2012-11-27","1,116"
"2012-11-28","1,125"
"2012-11-29","1,126"
"2012-11-30","1,140"
"2012-12-02","1,102"
"2012-12-03","1,105"
"2012-12-04","1,126"
"2012-12-05","1,137"
"2012-12-06","1,135"
"2012-12-09","1,135"
"2012-12-10","1,130"
"2012-12-11","1,102"
"2012-12-12","1,134"
"2012-12-13","1,116"
"2012-12-16","1,150"
"2012-12-17","1,174"
"2012-12-18","1,152"
"2012-12-19","1,165"
"2012-12-20","1,140"
"2012-12-21","1,119"
"2012-12-23","1,145"
"2012-12-24","1,150"
"2012-12-26","1,170"
"2012-12-27","1,160"
"2012-12-31","1,160"
"2013-01-01","1,145"
"2013-01-02","1,145"
"2013-01-03","1,140"
"2013-01-06","1,148"
"2013-01-07","1,143"
"2013-01-08","1,140"
"2013-01-09","1,120"
"2013-01-10","1,127"
"2013-01-11","1,118"
"2013-01-13","1,140"
"2013-01-15","1,125"
"2013-01-16","1,124"
"2013-01-17","1,116"
"2013-01-20","1,115"
"2013-01-21","1,090"
"2013-01-22","1,118"
"2013-01-23","1,110"
"2013-01-24","1,090"
"2013-01-27","1,103"
"2013-01-28","1,080"
"2013-01-30","1,089"
"2013-01-31","1,077"
"2013-02-03","1,060"
"2013-02-04","1,090"
"2013-02-05","1,090"
"2013-02-06","1,080"
"2013-02-07","1,070"
"2013-02-10","1,070"
"2013-02-12","1,085"
"2013-02-13","1,115"
"2013-02-14","1,135"
"2013-02-15","1,105"
"2013-02-17","1,149"
"2013-02-19","1,239"
"2013-02-20","1,167"
"2013-02-21","1,152"
"2013-02-22","1,175"
"2013-02-24","1,175"
"2013-02-25","1,160"
"2013-02-26","1,152"
"2013-02-27","1,179"
"2013-02-28","1,162"
"2013-03-01","1,183"
"2013-03-03","1,160"
"2013-03-04","1,180"
"2013-03-05","1,163"
"2013-03-06","1,170"
"2013-03-07","1,172"
"2013-03-11","1,180"
"2013-03-13","1,180"
"2013-03-14","1,203"
"2013-03-15","1,175"
"2013-03-17","1,186"
"2013-03-18","1,151"
"2013-03-19","1,171"
"2013-03-20","1,173"
"2013-03-21","1,159"
"2013-03-22","1,150"
"2013-03-24","1,146"
"2013-03-25","1,140"
"2013-03-27","1,132"
"2013-03-28","1,111"
"2013-03-29","1,140"
"2013-03-31","1,128"
"2013-04-01","1,100"
"2013-04-02","1,131"
"2013-04-03","1,141"
"2013-04-04","1,145"
"2013-04-05","1,150"
"2013-04-07","1,135"
"2013-04-08","1,150"
"2013-04-09","1,154"
"2013-04-11","1,146"
"2013-04-12","1,150"
"2013-04-15","1,151"
"2013-04-16","1,155"
"2013-04-17","1,152"
"2013-04-18","1,145"
"2013-04-21","1,140"
"2013-04-22","1,121"
"2013-04-23","1,130"
"2013-04-25","1,133"
"2013-04-26","1,116"
"2013-04-28","1,135"
"2013-04-29","1,130"
"2013-04-30","1,129"
"2013-05-02","1,142"
"2013-05-03","1,114"
"2013-05-05","1,105"
"2013-05-06","1,086"
"2013-05-07","1,080"
"2013-05-08","1,105"
"2013-05-09","1,106"
"2013-05-10","1,107"
"2013-05-12","1,100"
"2013-05-13","1,100"
"2013-05-14","1,090"
"2013-05-15","1,115"
"2013-05-16","1,128"
"2013-05-17","1,120"
"2013-05-19","1,144"
"2013-05-20","1,140"
"2013-05-21","1,138"
"2013-05-22","1,136"
"2013-05-23","1,147"
"2013-05-24","1,144"
"2013-05-26","1,124"
"2013-05-27","1,149"
"2013-05-28","1,148"
"2013-05-30","1,135"
"2013-05-31","1,160"
"2013-06-02","1,152"
"2013-06-03","1,150"
"2013-06-04","1,150"
"2013-06-05","1,150"
"2013-06-06","1,145"
"2013-06-09","1,139"
"2013-06-10","1,160"
"2013-06-11","1,149"
"2013-06-12","1,149"
"2013-06-13","1,140"
"2013-06-14","1,150"
"2013-06-16","1,150"
"2013-06-17","1,126"
"2013-06-18","1,115"
"2013-06-19","1,131"
"2013-06-20","1,140"
"2013-06-21","1,130"
"2013-06-23","1,110"
"2013-06-24","1,130"
"2013-06-25","1,135"
"2013-06-26","1,135"
"2013-06-27","1,121"
"2013-06-28","1,130"
"2013-06-30","1,123"
"2013-07-01","1,118"
"2013-07-02","1,125"
"2013-07-03","1,125"
"2013-07-04","1,129"
"2013-07-05","1,130"
"2013-07-07","1,136"
"2013-07-08","1,126"
"2013-07-09","1,128"
"2013-07-10","1,146"
"2013-07-11","1,155"
"2013-07-12","1,138"
"2013-07-14","1,179"
"2013-07-15","1,191"
"2013-07-16","1,175"
"2013-07-17","1,190"
"2013-07-18","1,234"
"2013-07-19","1,270"
"2013-07-21","1,295"
"2013-07-22","1,330"
"2013-07-23","1,322"
"2013-07-24","1,305"
"2013-07-25","1,310"
"2013-07-26","1,310"
"2013-07-28","1,307"
"2013-07-29","1,336"
"2013-07-30","1,375"
"2013-07-31","1,420"
"2013-08-01","1,423"
"2013-08-04","1,406"
"2013-08-05","1,410"
"2013-08-06","1,382"
"2013-08-07","1,400"
"2013-08-08","1,400"
"2013-08-11","1,385"
"2013-08-12","1,395"
"2013-08-13","1,375"
"2013-08-14","1,400"
"2013-08-15","1,386"
"2013-08-16","1,380"
"2013-08-18","1,397"
"2013-08-19","1,400"
"2013-08-20","1,415"
"2013-08-23","1,425"
"2013-08-25","1,425"
"2013-08-26","1,422"
"2013-08-27","1,450"
"2013-08-29","1,490"
"2013-08-30","1,554"
"2013-09-01","1,570"
"2013-09-02","1,570"
"2013-09-03","1,550"
"2013-09-04","1,524"
"2013-09-05","1,509"
"2013-09-06","1,512"
"2013-09-08","1,521"
"2013-09-09","1,570"
"2013-09-10","1,586"
"2013-09-11","1,568"
"2013-09-12","1,580"
"2013-09-13","1,590"
"2013-09-16","1,240"
"2013-09-17","1,265"
"2013-09-19","1,240"
"2013-09-22","1,186"
"2013-09-23","1,156"
"2013-09-24","1,165"
"2013-09-25","1,175"
"2013-09-26","1,200"
"2013-09-29","1,224"
"2013-09-30","1,226"
"2013-10-01","1,230"
"2013-10-02","1,230"
"2013-10-03","1,228"
"2013-10-06","1,215"
"2013-10-07","1,224"
"2013-10-08","1,230"
"2013-10-09","1,240"
"2013-10-10","1,250"
"2013-10-17","1,255"
"2013-10-20","1,240"
"2013-10-21","1,346"
"2013-10-22","1,359"
"2013-10-23","1,338"
"2013-10-24","1,311"
"2013-10-27","1,300"
"2013-10-28","1,276"
"2013-10-29","1,283"
"2013-10-30","1,270"
"2013-10-31","1,280"
"2013-11-06","1,279"
"2013-11-07","1,280"
"2013-11-10","1,275"
"2013-11-11","1,280"
"2013-11-12","1,310"
"2013-11-13","1,314"
"2013-11-14","1,325"
"2013-11-21","1,346"
"2013-11-24","1,426"
"2013-11-25","1,530"
"2013-11-26","1,475"
"2013-11-27","1,475"
"2013-11-28","1,460"
"2013-12-01","1,450"
"2013-12-02","1,451"
"2013-12-03","1,465"
"2013-12-04","1,480"
"2013-12-05","1,530"
"2013-12-08","1,530"
"2013-12-09","1,500"
"2013-12-10","1,500"
"2013-12-11","1,501"
"2013-12-12","1,490"
"2013-12-15","1,505"
"2013-12-16","1,525"
"2013-12-18","1,570"
"2013-12-19","1,634"
"2013-12-22","1,630"
"2013-12-23","1,600"
"2013-12-24","1,575"
"2013-12-26","1,605"
"2013-12-29","1,600"
"2013-12-31","1,586"
"2014-01-01","1,515"
"2014-01-02","1,465"
"2014-01-05","1,499"
"2014-01-06","1,460"
"2014-01-07","1,465"
"2014-01-08","1,490"
"2014-01-09","1,492"
"2014-01-12","1,490"
"2014-01-13","1,515"
"2014-01-14","1,500"
"2014-01-16","1,535"
"2014-01-19","1,510"
"2014-01-20","1,520"
"2014-01-21","1,511"
"2014-01-22","1,505"
"2014-01-23","1,500"
"2014-01-26","1,500"
"2014-01-27","1,486"
"2014-01-28","1,505"
"2014-01-29","1,500"
"2014-02-02","1,505"
"2014-02-03","1,502"
"2014-02-04","1,503"
"2014-02-05","1,490"
"2014-02-06","1,500"
"2014-02-09","1,507"
"2014-02-10","1,535"
"2014-02-11","1,530"
"2014-02-12","1,544"
"2014-02-13","1,540"
"2014-02-16","1,550"
"2014-02-17","1,525"
"2014-02-18","1,537"
"2014-02-20","1,530"
"2014-02-23","1,610"
"2014-02-24","1,734"
"2014-02-25","1,672"
"2014-02-26","1,795"
"2014-03-03","1,760"
"2014-03-04","1,655"
"2014-03-05","1,696"
"2014-03-06","1,722"
"2014-03-09","1,690"
"2014-03-10","1,665"
"2014-03-11","1,670"
"2014-03-12","1,650"
"2014-03-13","1,660"
"2014-03-17","1,650"
"2014-03-18","1,620"
"2014-03-19","1,600"
"2014-03-20","1,620"
"2014-03-23","1,650"
"2014-03-24","1,640"
"2014-03-25","1,690"
"2014-03-26","1,677"
"2014-03-27","1,700"
"2014-03-31","1,760"
"2014-04-01","1,800"
"2014-04-02","1,860"
"2014-04-03","1,900"
"2014-04-06","1,885"
"2014-04-07","1,830"
"2014-04-09","1,830"
"2014-04-10","1,895"
"2014-04-13","1,902"
"2014-04-15","1,910"
"2014-04-16","1,935"
"2014-04-17","1,935"
"2014-04-20","1,940"
"2014-04-21","1,905"
"2014-04-22","1,892"
"2014-04-23","1,890"
"2014-04-27","1,890"
"2014-04-28","1,885"
"2014-04-29","1,885"
"2014-04-30","1,890"
"2014-05-04","1,860"
"2014-05-05","1,870"
"2014-05-06","1,895"
"2014-05-07","1,920"
"2014-05-08","1,875"
"2014-05-11","1,925"
"2014-05-12","1,911"
"2014-05-13","1,902"
"2014-05-15","1,925"
"2014-05-18","1,925"
"2014-05-19","1,950"
"2014-05-20","1,930"
"2014-05-21","2,000"
"2014-05-22","2,006"
"2014-05-25","2,100"
"2014-05-26","2,200"
"2014-05-27","2,190"
"2014-05-28","2,195"
"2014-06-01","2,290"
"2014-06-02","2,399"
"2014-06-03","2,400"
"2014-06-04","2,350"
"2014-06-05","2,350"
"2014-06-08","2,310"
"2014-06-09","2,320"
"2014-06-10","2,335"
"2014-06-11","2,400"
"2014-06-12","2,371"
"2014-06-15","2,400"
"2014-06-16","2,390"
"2014-06-17","2,377"
"2014-06-18","2,375"
"2014-06-19","2,358"
"2014-06-23","2,346"
"2014-06-24","2,340"
"2014-06-25","2,355"
"2014-06-26","2,370"
"2014-06-29","2,400"
"2014-06-30","2,450"
"2014-07-01","2,500"
"2014-07-02","2,565"
"2014-07-03","2,610"
"2014-07-06","2,642"
"2014-07-07","2,650"
"2014-07-08","2,665"
"2014-07-09","2,679"
"2014-07-10","2,670"
"2014-07-13","2,705"
"2014-07-14","2,680"
"2014-07-15","2,650"
"2014-07-16","2,700"
"2014-07-17","2,701"
"2014-07-20","2,684"
"2014-07-21","2,745"
"2014-07-22","2,739"
"2014-07-23","2,730"
"2014-07-24","2,675"
"2014-07-27","2,635"
"2014-07-28","2,570"
"2014-07-30","2,605"
"2014-07-31","2,617"
"2014-08-03","2,685"
"2014-08-04","2,625"
"2014-08-05","2,600"
"2014-08-06","2,580"
"2014-08-07","2,598"
"2014-08-12","2,560"
"2014-08-13","2,530"
"2014-08-14","2,545"
"2014-08-18","2,510"
"2014-08-19","2,400"
"2014-08-20","2,449"
"2014-08-21","2,347"
"2014-08-24","2,240"
"2014-08-25","2,156"
"2014-08-26","2,100"
"2014-08-27","2,137"
"2014-08-28","2,340"
"2014-08-31","2,400"
"2014-09-01","2,273"
"2014-09-03","2,305"
"2014-09-04","2,245"
"2014-09-07","2,230"
"2014-09-09","2,100"
"2014-09-10","2,275"
"2014-09-11","2,150"
"2014-09-14","2,180"
"2014-09-15","2,120"
"2014-09-16","2,135"
"2014-09-17","2,100"
"2014-09-18","2,080"
"2014-09-21","2,049"
"2014-09-22","2,020"
"2014-09-23","1,821"
"2014-09-24","1,749"
"2014-09-28","1,750"
"2014-09-29","1,778"
"2014-09-30","1,918"
"2014-10-08","1,860"
"2014-10-09","1,780"
"2014-10-12","1,840"
"2014-10-13","1,800"
"2014-10-14","1,790"
"2014-10-15","1,790"
"2014-10-16","1,800"
"2014-10-19","1,799"
"2014-10-20","1,805"
"2014-10-21","1,847"
"2014-10-22","1,785"
"2014-10-26","1,786"
"2014-10-27","1,800"
"2014-10-28","1,789"
"2014-10-30","1,750"
"2014-11-02","1,671"
"2014-11-03","1,683"
"2014-11-04","1,615"
"2014-11-05","1,603"
"2014-11-06","1,650"
"2014-11-09","1,651"
"2014-11-10","1,624"
"2014-11-11","1,580"
"2014-11-12","1,610"
"2014-11-13","1,580"
"2014-11-16","1,563"
"2014-11-17","1,540"
"2014-11-18","1,500"
"2014-11-19","1,432"
"2014-11-20","1,495"
"2014-11-23","1,520"
"2014-11-24","1,571"
"2014-11-25","1,560"
"2014-11-30","1,550"
"2014-12-01","1,521"
"2014-12-02","1,525"
"2014-12-03","1,520"
"2014-12-04","1,550"
"2014-12-07","1,525"
"2014-12-08","1,530"
"2014-12-09","1,530"
"2014-12-10","1,532"
"2014-12-11","1,556"
"2014-12-14","1,621"
"2014-12-15","1,739"
"2014-12-16","1,705"
"2014-12-17","1,720"
"2014-12-18","1,680"
"2014-12-21","1,685"
"2014-12-22","1,648"
"2014-12-23","1,660"
"2014-12-24","1,652"
"2014-12-28","1,688"
"2014-12-29","1,671"
"2014-12-31","1,686"
"2015-01-01","1,685"
"2015-01-04","1,651"
"2015-01-05","1,695"
"2015-01-06","1,702"
"2015-01-07","1,700"
"2015-01-08","1,699"
"2015-01-11","1,710"
"2015-01-12","1,690"
"2015-01-13","1,675"
"2015-01-14","1,700"
"2015-01-18","1,690"
"2015-01-19","1,713"
"2015-01-20","1,715"
"2015-01-22","1,700"
"2015-01-25","1,708"
"2015-01-26","1,694"
"2015-01-27","1,690"
"2015-01-28","1,710"
"2015-01-29","1,750"
"2015-02-01","1,726"
"2015-02-02","1,715"
"2015-02-03","1,705"
"2015-02-04","1,691"
"2015-02-05","1,705"
"2015-02-08","1,690"
"2015-02-09","1,695"
"2015-02-10","1,669"
"2015-02-11","1,675"
"2015-02-12","1,680"
"2015-02-15","1,700"
"2015-02-16","1,678"
"2015-02-18","1,650"
"2015-02-22","1,618"
"2015-02-23","1,601"
"2015-02-24","1,610"
"2015-02-25","1,595"
"2015-02-26","1,600"
"2015-03-01","1,612"
"2015-03-02","1,595"
"2015-03-03","1,625"
"2015-03-04","1,621"
"2015-03-09","1,636"
"2015-03-10","1,670"
"2015-03-11","1,655"
"2015-03-12","1,641"
"2015-03-15","1,618"
"2015-03-16","1,605"
"2015-03-17","1,581"
"2015-03-18","1,598"
"2015-03-19","1,606"
"2015-03-22","1,649"
"2015-03-23","1,605"
"2015-03-24","1,600"
"2015-03-25","1,585"
"2015-03-26","1,600"
"2015-03-29","1,569"
"2015-03-30","1,585"
"2015-03-31","1,550"
"2015-04-01","1,580"
"2015-04-02","1,570"
"2015-04-05","1,565"
"2015-04-06","1,550"
"2015-04-07","1,560"
"2015-04-08","1,560"
"2015-04-09","1,580"
"2015-04-12","1,629"
"2015-04-13","1,680"
"2015-04-15","1,620"
"2015-04-16","1,600"
"2015-04-19","1,583"
"2015-04-20","1,605"
"2015-04-21","1,610"
"2015-04-22","1,611"
"2015-04-23","1,605"
"2015-05-24","1,562"
"2015-05-25","1,406"
"2015-05-26","1,266"
"2015-05-27","1,240"
"2015-05-28","1,240"
"2015-05-31","1,282"
"2015-06-01","1,415"
"2015-06-02","1,470"
"2015-06-03","1,500"
"2015-06-04","1,540"
"2015-06-07","1,526"
"2015-06-08","1,536"
"2015-06-09","1,599"
"2015-06-10","1,629"
"2015-06-11","1,595"
"2015-06-14","1,529"
"2015-06-15","1,520"
"2015-06-16","1,570"
"2015-06-17","1,533"
"2015-06-18","1,521"
"2015-06-21","1,525"
"2015-06-22","1,495"
"2015-06-23","1,499"
"2015-06-24","1,500"
"2015-06-25","1,529"
"2015-06-28","1,520"
"2015-06-29","1,530"
"2015-06-30","1,565"
"2015-07-01","1,565"
"2015-07-02","1,546"
"2015-07-05","1,520"
"2015-07-06","1,520"
"2015-07-07","1,520"
"2015-07-08","1,540"
"2015-07-09","1,545"
"2015-07-12","1,549"
"2015-07-13","1,550"
"2015-07-14","1,575"
"2015-07-15","1,603"
"2015-07-16","1,616"
"2015-07-22","1,651"
"2015-07-23","1,650"
"2015-07-26","1,670"
"2015-07-27","1,734"
"2015-07-28","1,600"
"2015-07-29","1,570"
"2015-07-30","1,560"
"2015-08-02","1,551"
"2015-08-03","1,564"
"2015-08-04","1,570"
"2015-08-05","1,561"
"2015-08-06","1,555"
"2015-08-09","1,590"
"2015-08-10","1,586"
"2015-08-11","1,520"
"2015-08-12","1,505"
"2015-08-13","1,501"
"2015-08-16","1,510"
"2015-08-17","1,500"
"2015-08-18","1,514"
"2015-08-19","1,500"
"2015-08-20","1,510"
"2015-08-23","1,500"
"2015-08-24","1,500"
"2015-08-25","1,493"
"2015-08-26","1,490"
"2015-08-27","1,499"
"2015-08-31","1,495"
"2015-09-01","1,495"
"2015-09-02","1,475"
"2015-09-03","1,460"
"2015-09-06","1,455"
"2015-09-07","1,430"
"2015-09-08","1,420"
"2015-09-09","1,422"
"2015-09-10","1,416"
"2015-09-13","1,405"
"2015-09-14","1,468"
"2015-09-15","1,480"
"2015-09-16","1,504"
"2015-09-17","1,520"
"2015-09-22","1,460"
"2015-09-23","1,430"
"2015-09-24","1,460"
"2015-09-28","1,411"
"2015-09-29","1,415"
"2015-09-30","1,410"
"2015-10-01","1,430"
"2015-10-04","1,422"
"2015-10-05","1,415"
"2015-10-06","1,400"
"2015-10-07","1,391"
"2015-10-08","1,385"
"2015-10-11","1,380"
"2015-10-14","1,370"
"2015-10-15","1,390"
"2015-10-18","1,382"
"2015-10-19","1,390"
"2015-10-25","1,375"
"2015-10-27","1,360"
"2015-10-28","1,290"
"2015-10-29","1,300"
"2015-11-01","1,325"
"2015-11-02","1,350"
"2015-11-03","1,350"
"2015-11-04","1,365"
"2015-11-05","1,390"
"2015-11-08","1,409"
"2015-11-09","1,400"
"2015-11-10","1,400"
"2015-11-15","1,420"
"2015-11-16","1,385"
"2015-11-18","1,395"
"2015-11-19","1,380"
"2015-11-22","1,380"
"2015-11-23","1,330"
"2015-11-24","1,325"
"2015-11-25","1,359"
"2015-11-26","1,335"
"2015-11-29","1,325"
"2015-11-30","1,295"
"2015-12-01","1,296"
"2015-12-02","1,315"
"2015-12-03","1,315"
"2015-12-06","1,324"
"2015-12-07","1,345"
"2015-12-08","1,350"
"2015-12-09","1,370"
"2015-12-10","1,369"
"2015-12-13","1,370"
"2015-12-14","1,360"
"2015-12-15","1,350"
"2015-12-16","1,335"
"2015-12-17","1,355"
"2015-12-20","1,170"
"2015-12-21","1,200"
"2015-12-22","1,179"
"2015-12-23","1,150"
"2015-12-24","1,180"
"2015-12-27","1,175"
"2015-12-28","1,175"
"2015-12-29","1,160"
"2015-12-31","1,170"
"2016-01-03","1,174"
"2016-01-04","1,170"
"2016-01-05","1,160"
"2016-01-06","1,151"
"2016-01-07","1,170"
"2016-01-10","1,205"
"2016-01-11","1,250"
"2016-01-12","1,275"
"2016-01-13","1,275"
"2016-01-14","1,402"
"2016-01-17","1,387"
"2016-01-18","1,360"
"2016-01-19","1,340"
"2016-01-20","1,337"
"2016-01-21","1,350"
"2016-01-24","1,300"
"2016-01-25","1,295"
"2016-01-26","1,300"
"2016-01-27","1,290"
"2016-01-28","1,275"
"2016-01-31","1,284"
"2016-02-01","1,290"
"2016-02-02","1,290"
"2016-02-03","1,260"
"2016-02-04","1,290"
"2016-02-07","1,315"
"2016-02-08","1,325"
"2016-02-11","1,360"
"2016-02-14","1,406"
"2016-02-15","1,380"
"2016-02-16","1,380"
"2016-02-17","1,361"
"2016-02-18","1,385"
"2016-02-21","1,400"
"2016-02-22","1,380"
"2016-02-23","1,380"
"2016-02-24","1,384"
"2016-02-25","1,344"
"2016-02-28","1,374"
"2016-02-29","1,355"
"2016-03-01","1,342"
"2016-03-02","1,375"
"2016-03-03","1,335"
"2016-03-06","1,339"
"2016-03-10","1,349"
"2016-03-13","1,296"
"2016-03-14","1,315"
"2016-03-15","1,300"
"2016-03-16","1,315"
"2016-03-17","1,319"
"2016-03-20","1,311"
"2016-03-21","1,324"
"2016-03-23","1,315"
"2016-03-24","1,315"
"2016-03-27","1,325"
"2016-03-28","1,330"
"2016-03-29","1,335"
"2016-03-30","1,325"
"2016-03-31","1,345"
"2016-04-03","1,350"
"2016-04-04","1,336"
"2016-04-05","1,330"
"2016-04-06","1,333"
"2016-04-10","1,325"
"2016-04-11","1,330"
"2016-04-12","1,310"
"2016-04-14","1,313"
"2016-04-17","1,320"
"2016-04-18","1,323"
"2016-04-19","1,335"
"2016-04-20","1,320"
"2016-04-21","1,325"
"2016-04-24","1,322"
"2016-04-25","1,320"
"2016-04-26","1,311"
"2016-04-27","1,315"
"2016-04-28","1,312"
"2016-05-02","1,310"
"2016-05-03","1,310"
"2016-05-04","1,300"
"2016-05-05","1,281"
"2016-05-08","1,299"
"2016-05-09","1,290"
"2016-05-10","1,286"
"2016-05-11","1,261"
"2016-05-12","1,270"
"2016-05-15","1,261"
"2016-05-16","1,265"
"2016-05-17","1,260"
"2016-05-18","1,287"
"2016-05-19","1,286"
"2016-05-22","1,285"
"2016-05-23","1,287"
"2016-05-24","1,281"
"2016-05-25","1,283"
"2016-05-26","1,280"
"2016-05-29","1,326"
"2016-05-30","1,387"
"2016-05-31","1,400"
"2016-06-01","1,560"
"2016-06-02","1,453"
"2016-06-05","1,420"
"2016-06-06","1,397"
"2016-06-07","1,400"
"2016-06-08","1,391"
"2016-06-09","1,381"
"2016-06-12","1,380"
"2016-06-13","1,399"
"2016-06-14","1,390"
"2016-06-15","1,419"
"2016-06-16","1,400"
"2016-06-19","1,385"
"2016-06-20","1,365"
"2016-06-21","1,380"
"2016-06-22","1,397"
"2016-06-23","1,403"
"2016-06-26","1,410"
"2016-06-27","1,420"
"2016-06-28","1,421"
"2016-06-29","1,479"
"2016-06-30","1,475"
"2016-07-03","1,450"
"2016-07-04","1,450"
"2016-07-05","1,432"
"2016-07-06","1,438"
"2016-07-10","1,435"
"2016-07-11","1,420"
"2016-07-12","1,410"
"2016-07-13","1,395"
"2016-07-14","1,400"
"2016-07-17","1,435"
"2016-07-18","1,440"
"2016-07-19","1,400"
"2016-07-20","1,405"
"2016-07-21","1,383"
"2016-07-25","1,395"
"2016-07-26","1,392"
"2016-07-27","1,390"
"2016-07-28","1,380"
"2016-07-31","1,401"
"2016-08-01","1,386"
"2016-08-02","1,375"
"2016-08-03","1,379"
"2016-08-04","1,355"
"2016-08-07","1,345"
"2016-08-08","1,315"
"2016-08-09","1,311"
"2016-08-10","1,350"
"2016-08-11","1,311"
"2016-08-14","1,330"
"2016-08-15","1,280"
"2016-08-16","1,280"
"2016-08-17","1,306"
"2016-08-21","1,300"
"2016-08-22","1,290"
"2016-08-23","1,250"
"2016-08-24","1,258"
"2016-08-28","1,260"
"2016-08-29","1,258"
"2016-08-30","1,222"
"2016-08-31","1,294"
"2016-09-01","1,275"
"2016-09-04","1,270"
"2016-09-05","1,260"
"2016-09-06","1,262"
"2016-09-07","1,290"
"2016-09-08","1,280"
"2016-09-11","1,354"
"2016-09-12","1,365"
"2016-09-14","1,330"
"2016-09-18","1,346"
"2016-09-20","1,320"
"2016-09-21","1,281"
"2016-09-22","1,270"
"2016-09-25","1,285"
"2016-09-26","1,252"
"2016-09-27","1,270"
"2016-09-28","1,240"
"2016-09-29","1,265"
"2016-10-02","1,255"
"2016-10-03","1,251"
"2016-10-04","1,250"
"2016-10-05","1,261"
"2016-10-06","1,272"
"2016-10-16","1,280"
"2016-10-17","1,245"
"2016-10-18","1,250"
"2016-10-19","1,250"
"2016-10-20","1,250"
"2016-10-23","1,270"
"2016-10-24","1,245"
"2016-10-25","1,235"
"2016-10-26","1,250"
"2016-10-27","1,235"
"2016-11-03","1,249"
"2016-11-07","1,248"
"2016-11-08","1,236"
"2016-11-09","1,220"
"2016-11-10","1,225"
"2016-11-13","1,213"
"2016-11-14","1,205"
"2016-11-15","1,200"
"2016-11-16","1,180"
"2016-11-17","1,175"
"2016-11-20","1,125"
"2016-11-21","1,090"
"2016-11-22","1,073"
"2016-11-23","1,085"
"2016-11-24","1,080"
"2016-11-27","1,055"
"2016-11-28","982"
"2016-11-29","1,009"
"2016-11-30","1,081"
"2016-12-01","1,101"
"2016-12-04","1,055"
"2016-12-05","1,043"
"2016-12-06","1,000"
"2016-12-07","1,005"
"2016-12-08","1,039"
"2016-12-11","1,005"
"2016-12-12","1,000"
"2016-12-14","991"
"2016-12-15","980"
"2016-12-18","975"
"2016-12-19","975"
"2016-12-20","945"
"2016-12-21","929"
"2016-12-22","920"
"2016-12-26","810"
"2016-12-27","790"
"2016-12-28","780"
"2016-12-29","810"
"2017-01-01","815"
"2017-01-02","818"
"2017-01-03","812"
"2017-01-04","801"
"2017-01-05","805"
"2017-01-08","798"
"2017-01-09","797"
"2017-01-10","802"
"2017-01-11","821"
"2017-01-12","819"
"2017-01-15","812"
"2017-01-16","815"
"2017-01-17","805"
"2017-01-18","793"
"2017-01-19","802"
"2017-01-22","810"
"2017-01-23","820"
"2017-01-24","810"
"2017-01-25","779"
"2017-01-26","758"
"2017-01-30","780"
"2017-01-31","758"
"2017-02-01","765"
"2017-02-02","786"
"2017-02-05","761"
"2017-02-06","758"
"2017-02-07","756"
"2017-02-08","750"
"2017-02-09","750"
"2017-02-12","740"
"2017-02-13","700"
"2017-02-14","715"
"2017-02-15","714"
"2017-02-16","725"
"2017-02-19","721"
"2017-02-20","730"
"2017-02-21","740"
"2017-02-22","720"
"2017-02-23","721"
"2017-02-26","726"
"2017-02-28","700"
"2017-03-01","719"
"2017-03-02","719"
"2017-03-05","743"
"2017-03-06","753"
"2017-03-07","740"
"2017-03-09","730"
"2017-03-13","730"
"2017-03-14","725"
"2017-03-15","727"
"2017-03-16","760"
"2017-03-19","755"
"2017-03-20","804"
"2017-03-21","800"
"2017-03-22","815"
"2017-03-23","818"
"2017-03-26","826"
"2017-03-28","928"
"2017-03-29","970"
"2017-03-30","900"
"2017-04-02","920"
"2017-04-03","950"
"2017-04-04","920"
"2017-04-06","910"
"2017-04-09","910"
"2017-04-10","900"
"2017-04-11","910"
"2017-04-12","931"
"2017-04-13","910"
"2017-04-16","900"
"2017-04-18","860"
"2017-04-19","826"
"2017-04-20","852"
"2017-04-23","880"
"2017-04-24","880"
"2017-04-25","870"
"2017-04-26","841"
"2017-04-27","856"
"2017-04-30","850"
"2017-05-02","858"
"2017-05-03","860"
"2017-05-04","848"
"2017-05-07","835"
"2017-05-08","821"
"2017-05-09","845"
"2017-05-11","892"
"2017-05-15","910"
"2017-05-16","896"
"2017-05-17","885"
"2017-05-18","866"
"2017-05-21","861"
"2017-05-22","870"
"2017-05-23","860"
"2017-05-24","860"
"2017-05-28","848"
"2017-05-30","845"
"2017-05-31","830"
"2017-06-01","825"
"2017-06-04","845"
"2017-06-05","835"
"2017-06-06","824"
"2017-06-07","872"
"2017-06-08","841"
"2017-06-11","842"
"2017-06-12","823"
"2017-06-13","825"
"2017-06-14","832"
"2017-06-15","835"
"2017-06-18","830"
"2017-06-19","825"
"2017-06-20","825"
"2017-06-21","812"
"2017-06-22","816"
"2017-06-25","833"
"2017-06-27","835"
"2017-06-28","819"
"2017-07-02","795"
"2017-07-03","801"
"2017-07-04","800"
"2017-07-05","800"
"2017-07-06","826"
"2017-07-09","810"
"2017-07-10","800"
"2017-07-11","777"
"2017-07-12","801"
"2017-07-13","808"
"2017-07-16","801"
"2017-07-17","797"
"2017-07-18","808"
"2017-07-19","810"
"2017-07-20","812"
"2017-07-23","815"
"2017-07-24","818"
"2017-07-25","824"
"2017-07-26","810"
"2017-07-27","811"
"2017-07-30","800"
"2017-07-31","800"
"2017-08-01","811"
"2017-08-02","811"
"2017-08-03","825"
"2017-08-06","805"
"2017-08-07","800"
"2017-08-09","810"
"2017-08-10","797"
"2017-08-13","810"
"2017-08-15","775"
"2017-08-16","781"
"2017-08-17","785"
"2017-08-20","790"
"2017-08-21","780"
"2017-08-22","790"
"2017-08-23","785"
"2017-08-24","785"
"2017-08-27","785"
"2017-08-28","781"
"2017-08-30","789"
"2017-08-31","780"
"2017-09-04","770"
"2017-09-06","763"
"2017-09-07","772"
"2017-09-10","765"
"2017-09-11","760"
"2017-09-12","755"
"2017-09-13","741"
"2017-09-14","770"
"2017-09-17","750"
"2017-09-18","770"
"2017-09-20","770"
"2017-09-24","780"
"2017-09-25","780"
"2017-09-26","801"
"2017-10-03","810"
"2017-10-04","880"
"2017-10-08","840"
"2017-10-09","830"
"2017-10-10","800"
"2017-10-11","836"
"2017-10-12","848"
"2017-10-15","845"
"2017-10-16","855"
"2017-10-17","876"
"2017-10-18","876"
"2017-10-22","902"
"2017-10-23","803"
"2017-10-24","785"
"2017-10-25","769"
"2017-10-29","755"
"2017-10-30","749"
"2017-10-31","760"
"2017-11-01","765"
"2017-11-02","760"
"2017-11-05","772"
"2017-11-06","755"
"2017-11-07","777"
"2017-11-08","775"
"2017-11-09","770"
"2017-11-12","780"
"2017-11-13","795"
"2017-11-14","871"
"2017-11-15","890"
"2017-11-16","844"
"2017-11-19","853"
"2017-11-20","835"
"2017-11-21","823"
"2017-11-22","830"
"2017-11-23","868"
"2017-11-26","883"
"2017-11-27","917"
"2017-11-28","940"
"2017-11-29","965"
"2017-11-30","940"
"2017-12-04","960"
"2017-12-05","935"
"2017-12-06","945"
"2017-12-10","951"
"2017-12-11","965"
"2017-12-12","944"
"2017-12-13","945"
"2017-12-14","950"
"2017-12-17","950"
"2017-12-18","945"
"2017-12-19","946"
"2017-12-20","948"
"2017-12-21","935"
"2017-12-24","926"
"2017-12-26","906"
"2017-12-27","889"
"2017-12-28","888"
"2017-12-31","871"
"2018-01-01","888"
"2018-01-02","915"
"2018-01-03","895"
"2018-01-04","885"
"2018-01-07","870"
"2018-01-08","890"
"2018-01-09","905"
"2018-01-10","893"
"2018-01-14","885"
"2018-01-16","935"
"2018-01-17","882"
"2018-01-21","872"
"2018-01-22","894"
"2018-01-23","890"
"2018-01-24","880"
"2018-01-25","881"
"2018-01-28","890"
"2018-01-29","880"
"2018-01-31","875"
"2018-02-01","880"
"2018-02-04","875"
"2018-02-05","877"
"2018-02-06","865"
"2018-02-07","862"
"2018-02-08","851"
"2018-02-11","866"
"2018-02-12","850"
"2018-02-14","868"
"2018-02-15","865"
"2018-02-18","890"
"2018-02-20","865"
"2018-02-21","860"
"2018-02-22","850"
"2018-02-25","849"
"2018-02-26","845"
"2018-02-27","835"
"2018-02-28","835"
"2018-03-04","811"
"2018-03-05","792"
"2018-03-06","773"
"2018-03-07","800"
"2018-03-11","788"
"2018-03-12","760"
"2018-03-13","759"
"2018-03-14","760"
"2018-03-15","760"
"2018-03-18","777"
"2018-03-19","760"
"2018-03-20","744"
"2018-03-21","740"
"2018-03-22","720"
"2018-03-26","712"
"2018-03-27","672"
"2018-03-28","710"
"2018-03-29","714"
"2018-04-01","720"
"2018-04-02","704"
"2018-04-03","700"
"2018-04-04","710"
"2018-04-05","739"
"2018-04-08","740"
"2018-04-09","809"
"2018-04-10","774"
"2018-04-11","760"
"2018-04-12","770"
"2018-04-15","770"
"2018-04-16","756"
"2018-04-17","766"
"2018-04-18","799"
"2018-04-19","850"
"2018-04-22","882"
"2018-04-23","909"
"2018-04-24","870"
"2018-04-25","870"
"2018-04-26","875"
"2018-04-29","820"
"2018-05-02","828"
"2018-05-03","841"
"2018-05-06","874"
"2018-05-07","852"
"2018-05-08","855"
"2018-05-09","854"
"2018-05-10","840"
"2018-05-14","830"
"2018-05-15","830"
"2018-05-16","814"
"2018-05-17","841"
"2018-05-20","845"
"2018-05-21","850"
"2018-05-22","857"
"2018-05-23","831"
"2018-05-24","836"
"2018-05-27","823"
"2018-05-28","820"
"2018-05-29","835"
"2018-05-30","826"
"2018-05-31","834"
"2018-06-03","820"
"2018-06-04","794"
"2018-06-06","810"
"2018-06-07","805"
"2018-06-10","771"
"2018-06-11","765"
"2018-06-12","765"
"2018-06-13","770"
"2018-06-14","779"
"2018-06-17","770"
"2018-06-18","747"
"2018-06-19","758"
"2018-06-20","760"
"2018-06-21","760"
"2018-06-24","765"
"2018-06-25","755"
"2018-06-26","750"
"2018-06-27","735"
"2018-06-28","750"
"2018-07-01","751"
"2018-07-02","746"
"2018-07-03","734"
"2018-07-04","727"
"2018-07-05","745"
"2018-07-08","775"
"2018-07-09","745"
"2018-07-10","750"
"2018-07-11","756"
"2018-07-12","748"
"2018-07-15","730"
"2018-07-16","744"
"2018-07-17","775"
"2018-07-18","738"
"2018-07-19","742"
"2018-07-22","736"
"2018-07-23","731"
"2018-07-24","750"
"2018-07-25","750"
"2018-07-26","750"
"2018-07-29","750"
"2018-07-30","740"
"2018-07-31","740"
"2018-08-01","742"
"2018-08-02","750"
"2018-08-05","740"
"2018-08-06","742"
"2018-08-07","730"
"2018-08-08","749"
"2018-08-09","735"
"2018-08-12","730"
"2018-08-13","715"
"2018-08-14","717"
"2018-08-15","728"
"2018-08-16","749"
"2018-08-19","719"
"2018-08-20","727"
"2018-08-21","715"
"2018-08-22","715"
"2018-08-23","715"
"2018-08-26","710"
"2018-08-28","707"
"2018-08-29","708"
"2018-08-30","708"
"2018-09-02","711"
"2018-09-03","720"
"2018-09-04","723"
"2018-09-05","720"
"2018-09-06","740"
"2018-09-09","746"
"2018-09-10","725"
"2018-09-11","720"
"2018-09-12","720"
"2018-09-13","725"
"2018-09-16","725"
"2018-09-17","725"
"2018-09-18","720"
"2018-09-20","720"
"2018-09-23","721"
"2018-09-25","730"
"2018-09-26","750"
"2018-09-27","726"
"2018-09-30","720"
"2018-10-01","730"
"2018-10-02","725"
"2018-10-03","714"
"2018-10-04","714"
"2018-10-07","715"
"2018-10-08","715"
"2018-10-09","720"
"2018-10-10","715"
"2018-10-11","720"
"2018-10-14","723"
"2018-10-15","720"
"2018-10-21","720"
"2018-10-22","712"
"2018-10-23","715"
"2018-10-24","714"
"2018-10-25","723"
"2018-10-28","718"
"2018-10-29","710"
"2018-10-30","710"
"2018-10-31","706"
"2018-11-01","697"
"2018-11-04","699"
"2018-11-05","700"
"2018-11-06","710"
"2018-11-11","697"
"2018-11-12","690"
"2018-11-13","690"
"2018-11-14","700"
"2018-11-15","690"
"2018-11-18","685"
"2018-11-19","673"
"2018-11-20","675"
"2018-11-21","656"
"2018-11-22","654"
"2018-11-25","665"
"2018-11-26","633"
"2018-11-27","640"
"2018-11-28","642"
"2018-11-29","636"
"2018-12-02","628"
"2018-12-03","621"
"2018-12-04","622"
"2018-12-05","618"
"2018-12-06","601"
"2018-12-09","600"
"2018-12-10","604"
"2018-12-11","614"
"2018-12-12","620"
"2018-12-13","650"
"2018-12-16","664"
"2018-12-17","650"
"2018-12-18","655"
"2018-12-19","657"
"2018-12-20","665"
"2018-12-23","670"
"2018-12-24","683"
"2018-12-25","671"
"2018-12-26","673"
"2018-12-27","693"
"2018-12-30","692"
"2018-12-31","680"
"2019-01-01","695"
"2019-01-02","690"
"2019-01-03","555"
"2019-01-06","552"
"2019-01-07","546"
"2019-01-08","549"
"2019-01-09","550"
"2019-01-10","538"
"2019-01-13","545"
"2019-01-14","543"
"2019-01-15","544"
"2019-01-16","543"
"2019-01-17","536"
"2019-01-20","535"
"2019-01-21","535"
"2019-01-22","532"
"2019-01-23","532"
"2019-01-24","536"
"2019-01-27","535"
"2019-01-28","528"
"2019-01-29","532"
"2019-01-30","530"
"2019-01-31","529"
"2019-02-03","523"
"2019-02-04","512"
"2019-02-05","511"
"2019-02-06","515"
"2019-02-07","520"
"2019-02-10","516"
"2019-02-11","505"
"2019-02-12","503"
"2019-02-13","502"
"2019-02-14","505"
"2019-02-17","501"
"2019-02-18","504"
"2019-02-19","510"
"2019-02-20","505"
"2019-02-21","500"
"2019-02-24","510"
"2019-02-25","500"
"2019-02-26","495"
"2019-02-27","493"
"2019-03-03","505"
"2019-03-05","500"
"2019-03-06","501"
"2019-03-07","503"
"2019-03-10","500"
"2019-03-11","504"
"2019-03-12","516"
"2019-03-13","516"
"2019-03-14","511"
"2019-03-17","518"
"2019-03-18","517"
"2019-03-19","505"
"2019-03-21","504"
"2019-03-24","504"
"2019-03-25","505"
"2019-03-26","500"
"2019-03-27","504"
"2019-03-28","501"
"2019-03-31","503"
"2019-04-01","503"
"2019-04-02","504"
"2019-04-03","500"
"2019-04-04","506"
"2019-04-07","503"
"2019-04-08","505"
"2019-04-09","505"
"2019-04-10","504"
"2019-04-11","504"
"2019-04-15","501"
"2019-04-16","510"
"2019-04-17","509"
"2019-04-18","510"
"2019-04-21","510"
"2019-04-22","515"
"2019-04-23","520"
"2019-04-24","515"
"2019-04-25","506"
"2019-04-28","511"
"2019-04-29","550"
"2019-04-30","546"
"2019-05-02","572"
"2019-05-05","566"
"2019-05-06","530"
"2019-05-07","536"
"2019-05-08","526"
"2019-05-09","530"
"2019-05-12","521"
"2019-05-13","528"
"2019-05-14","543"
"2019-05-15","530"
"2019-05-16","528"
"2019-05-19","526"
"2019-05-20","525"
"2019-05-21","532"
"2019-05-22","534"
"2019-05-23","545"
"2019-05-26","538"
"2019-05-27","533"
"2019-05-28","528"
"2019-05-29","530"
"2019-05-30","541"
"2019-06-02","532"
"2019-06-03","533"
"2019-06-04","522"
"2019-06-06","522"
"2019-06-10","522"
"2019-06-11","517"
"2019-06-12","520"
"2019-06-13","506"
"2019-06-16","517"
"2019-06-17","518"
"2019-06-18","536"
"2019-06-19","515"
"2019-06-20","511"
"2019-06-23","513"
"2019-06-24","517"
"2019-06-25","511"
"2019-06-26","515"
"2019-06-27","512"
"2019-06-30","508"
"2019-07-01","505"
"2019-07-02","505"
"2019-07-03","507"
"2019-07-04","514"
"2019-07-07","511"
"2019-07-08","514"
"2019-07-09","510"
"2019-07-10","513"
"2019-07-11","509"
"2019-07-14","520"
"2019-07-15","520"
"2019-07-16","544"
"2019-07-17","515"
"2019-07-18","520"
"2019-07-21","517"
"2019-07-22","516"
"2019-07-23","520"
"2019-07-24","514"
"2019-07-25","510"
"2019-07-28","511"
"2019-07-29","512"
"2019-07-30","510"
"2019-07-31","512"
"2019-08-01","510"
"2019-08-04","510"
"2019-08-05","513"
"2019-08-06","510"
"2019-08-07","501"
"2019-08-08","500"
"2019-08-11","494"
"2019-08-12","477"
"2019-08-13","480"
"2019-08-14","482"
"2019-08-15","480"
"2019-08-18","475"
"2019-08-19","457"
"2019-08-20","449"
"2019-08-21","458"
"2019-08-22","451"
"2019-08-25","443"
"2019-08-26","443"
"2019-08-27","450"
"2019-08-28","446"
"2019-08-29","441"
"2019-09-01","437"
"2019-09-02","429"
"2019-09-03","430"
"2019-09-04","438"
"2019-09-05","450"
"2019-09-08","442"
"2019-09-09","448"
"2019-09-10","435"
"2019-09-11","435"
"2019-09-12","442"
"2019-09-15","436"
"2019-09-16","425"
"2019-09-17","424"
"2019-09-18","431"
"2019-09-19","433"
"2019-09-22","427"
"2019-09-23","420"
"2019-09-24","425"
"2019-09-25","412"
"2019-09-26","414"
"2019-09-29","410"
"2019-09-30","405"
"2019-10-01","424"
"2019-10-02","423"
"2019-10-03","421"
"2019-10-10","417"
"2019-10-14","425"
"2019-10-15","415"
"2019-10-16","419"
"2019-10-17","427"
"2019-10-21","419"
"2019-10-22","415"
"2019-10-23","410"
"2019-10-24","419"
"2019-10-31","416"
"2019-11-03","422"
"2019-11-04","435"
"2019-11-05","461"
"2019-11-06","458"
"2019-11-07","460"
"2019-11-10","448"
"2019-11-11","453"
"2019-11-12","460"
"2019-11-13","369"
"2019-11-14","370"
"2019-11-17","366"
"2019-11-18","355"
"2019-11-19","353"
"2019-11-20","350"
"2019-11-21","350"
"2019-11-24","350"
"2019-11-25","349"
"2019-11-26","355"
"2019-11-27","356"
"2019-11-28","353"
"2019-12-01","355"
"2019-12-02","356"
"2019-12-03","355"
"2019-12-04","363"
"2019-12-05","353"
"2019-12-08","355"
"2019-12-09","354"
"2019-12-10","362"
"2019-12-11","358"
"2019-12-12","355"
"2019-12-15","365"
"2019-12-16","363"
"2019-12-17","364"
"2019-12-18","354"
"2019-12-19","357"
"2019-12-22","356"
"2019-12-23","363"
"2019-12-24","357"
"2019-12-25","365"
"2019-12-26","361"
"2019-12-29","358"
"2019-12-30","358"
"2019-12-31","356"
"2020-01-01","359"
"2020-01-02","362"
"2020-01-05","365"
"2020-01-06","373"
"2020-01-07","360"
"2020-01-08","371"
"2020-01-09","380"
"2020-01-12","379"
"2020-01-13","399"
"2020-01-14","418"
"2020-01-15","425"
"2020-01-16","420"
"2020-01-19","425"
"2020-01-20","454"
"2020-01-21","430"
"2020-01-22","427"
"2020-01-23","427"
"2020-01-26","417"
"2020-01-27","405"
"2020-01-28","427"
"2020-01-29","420"
"2020-01-30","418"
"2020-02-02","423"
"2020-02-03","428"
"2020-02-04","464"
"2020-02-05","442"
"2020-02-06","442"
"2020-02-09","432"
"2020-02-10","432"
"2020-02-11","429"
"2020-02-12","424"
"2020-02-13","424"
"2020-02-16","425"
"2020-02-17","430"
"2020-02-18","436"
"2020-02-19","420"
"2020-02-20","430"
"2020-02-23","433"
"2020-02-24","445"
"2020-02-25","468"
"2020-02-26","470"
"2020-02-27","470"
"2020-03-01","458"
"2020-03-02","450"
"2020-03-03","415"
"2020-03-04","430"
"2020-03-05","412"
"2020-03-10","401"
"2020-03-11","396"
"2020-03-12","412"
"2020-03-15","395"
"2020-03-16","373"
"2020-03-17","375"
"2020-03-18","368"
"2020-03-19","367"
"2020-03-22","379"
"2020-05-12","361"
"2020-05-13","358"
"2020-06-29","344"
"2020-06-30","352"
"2020-07-01","375"
"2020-07-02","380"
"2020-07-05","360"
"2020-07-06","351"
"2020-07-07","375"
"2020-07-08","380"
"2020-07-09","387"
"2020-07-12","392"
"2020-07-13","390"
"2020-07-14","382"
"2020-07-15","393"
"2020-07-16","399"
"2020-07-19","412"
"2020-07-20","457"
"2020-07-21","410"
"2020-07-22","410"
"2020-07-23","395"
"2020-07-26","410"
"2020-07-27","405"
"2020-07-28","404"
"2020-07-29","399"
"2020-07-30","396"
"2020-08-02","391"
"2020-08-03","385"
"2020-08-05","382"
"2020-08-06","382"
"2020-08-09","379"
"2020-08-10","390"
"2020-08-11","409"
"2020-08-12","398"
"2020-08-13","395"
"2020-08-16","383"
"2020-08-17","382"
"2020-08-18","386"
"2020-08-19","383"
"2020-08-20","390"
"2020-08-23","400"
"2020-08-24","398"
"2020-08-25","400"
"2020-08-26","395"
"2020-08-27","408"
"2020-08-30","396"
"2020-08-31","409"
"2020-09-02","431"
"2020-09-03","460"
"2020-09-06","446"
"2020-09-07","428"
"2020-09-08","440"
"2020-09-09","470"
"2020-09-10","465"
"2020-09-13","467"
"2020-09-14","491"
"2020-09-15","480"
"2020-09-16","470"
"2020-09-17","515"
"2020-09-20","531"
"2020-09-21","511"
"2020-09-22","508"
"2020-09-23","512"
"2020-09-24","504"
"2020-09-27","515"
"2020-09-28","511"
"2020-09-29","510"
"2020-09-30","510"
"2020-10-01","500"
"2020-10-04","514"
"2020-10-05","510"
"2020-10-06","504"
"2020-10-07","526"
"2020-10-08","533"
"2020-10-11","519"
"2020-10-12","507"
"2020-10-13","515"
"2020-10-14","506"
"2020-10-15","512"
"2020-10-18","496"
"2020-10-19","510"
"2020-10-20","527"
"2020-10-21","520"
"2020-10-22","546"
"2020-10-28","520"
"2020-10-29","525"
"2020-11-01","538"
"2020-11-02","519"
"2020-11-03","517"
"2020-11-04","511"
"2020-11-05","515"
"2020-11-08","510"
"2020-11-09","517"
"2020-11-10","515"
"2020-11-11","515"
"2020-11-12","520"
"2020-11-18","515"
"2020-11-19","516"
"2020-11-22","530"
"2020-11-23","516"
"2020-11-24","517"
"2020-11-25","520"
"2020-11-26","540"
"2020-11-29","565"
"2020-11-30","613"
"2020-12-01","632"
"2020-12-02","621"
"2020-12-03","702"
"2020-12-06","661"
"2020-12-07","620"
"2020-12-08","673"
"2020-12-09","659"
"2020-12-10","635"
"2020-12-13","630"
"2020-12-14","598"
"2020-12-15","559"
"2020-12-16","535"
"2020-12-17","535"
"2020-12-20","525"
"2020-12-21","486"
"2020-12-22","510"
"2020-12-23","542"
"2020-12-24","510"
"2020-12-27","530"
"2020-12-28","495"
"2020-12-29","500"
"2020-12-30","491"
"2020-12-31","497"
"2021-01-03","494"
"2021-01-04","530"
"2021-01-05","540"
"2021-01-06","569"
"2021-01-07","535"
"2021-01-10","570"
"2021-01-11","595"
"2021-01-12","600"
"2021-01-13","593"
"2021-01-17","597"
"2021-01-18","588"
"2021-01-19","584"
"2021-01-20","565"
"2021-01-21","595"
"2021-01-24","600"
"2021-01-25","592"
"2021-01-26","595"
"2021-01-27","598"
"2021-01-28","595"
"2021-01-31","580"
"2021-02-01","569"
"2021-02-02","586"
"2021-02-03","590"
"2021-02-04","584"
"2021-02-07","589"
"2021-02-08","632"
"2021-02-09","625"
"2021-02-10","599"
"2021-02-11","590"
"2021-02-14","585"
"2021-02-15","587"
"2021-02-16","600"
"2021-02-17","575"
"2021-02-18","585"
"2021-02-21","582"
"2021-02-22","588"
"2021-02-23","584"
"2021-02-24","590"
"2021-02-25","571"
"2021-02-28","575"
"2021-03-01","558"
"2021-03-02","568"
"2021-03-03","555"
"2021-03-04","542"
"2021-03-07","554"
"2021-03-09","555"
"2021-03-10","550"
"2021-03-14","550"
"2021-03-15","541"
"2021-03-16","539"
"2021-03-17","532"
"2021-03-18","543"
"2021-03-21","550"
"2021-03-22","551"
"2021-03-23","575"
"2021-03-24","600"
"2021-03-25","616"
"2021-03-29","578"
"2021-03-30","570"
"2021-03-31","624"
"2021-04-01","618"
"2021-04-04","619"
"2021-04-05","615"
"2021-04-06","630"
"2021-04-07","700"
"2021-04-08","700"
"2021-04-12","672"
"2021-04-13","661"
"2021-04-15","668"
"2021-04-18","650"
"2021-04-19","642"
"2021-04-20","644"
"2021-04-21","638"
"2021-04-22","635"
"2021-04-25","635"
"2021-04-26","611"
"2021-04-27","580"
"2021-04-28","635"
"2021-04-29","652"
"2021-05-02","631"
"2021-05-03","683"
"2021-05-04","640"
"2021-05-05","640"
"2021-05-06","650"
"2021-05-09","632"
"2021-05-10","640"
"2021-05-11","634"
"2021-05-12","635"
"2021-05-13","638"
"2021-05-16","650"
"2021-05-17","695"
"2021-05-18","721"
"2021-05-19","720"
"2021-05-20","700"
"2021-05-23","675"
"2021-05-24","656"
"2021-05-25","664"
"2021-05-27","700"
"2021-05-30","778"
"2021-05-31","782"
"2021-06-01","712"
"2021-06-02","707"
"2021-06-03","725"
"2021-06-06","750"
"2021-06-07","741"
"2021-06-08","743"
"2021-06-09","748"
"2021-06-10","743"
"2021-06-13","720"
"2021-06-14","760"
"2021-06-15","742"
"2021-06-16","700"
"2021-06-17","750"
"2021-06-20","715"
"2021-06-21","705"
"2021-06-22","687"
"2021-06-23","695"
"2021-06-24","672"
"2021-06-27","709"
"2021-06-28","675"
"2021-06-29","682"
"2021-06-30","670"
"2021-07-01","658"
"2021-07-04","665"
"2021-07-05","688"
"2021-07-06","655"
"2021-07-07","650"
"2021-07-08","648"
"2021-07-11","668"
"2021-07-12","680"
"2021-07-13","650"
"2021-07-14","665"
"2021-07-15","700"
"2021-07-18","698"
"2021-07-19","701"
"2021-07-20","687"
"2021-07-22","690"
"2021-07-25","689"
"2021-07-26","691"
"2021-07-27","715"
"2021-07-28","733.3"
"2021-07-29","707"
"2021-08-01","696"
"2021-08-02","709.9"
"2021-08-03","690"
"2021-08-04","712.4"
"2021-08-05","735"
"2021-08-08","720"
"2021-08-09","740"
"2021-08-10","740"
"2021-08-11","729"
"2021-08-12","759.9"
"2021-08-15","721"
"2021-08-16","705"
"2021-08-17","709.1"
"2021-08-18","710"
"2021-08-19","708"
"2021-08-24","695"
"2021-08-25","667"
"2021-08-26","689"
"2021-08-29","684"
"2021-08-31","685.4"
"2021-09-01","668"
"2021-09-02","650"
"2021-09-05","615"
"2021-09-06","600"
"2021-09-07","652"
"2021-09-08","630"
"2021-09-09","611"
"2021-09-12","622"
"2021-09-13","647.9"
"2021-09-14","635"
"2021-09-15","618.1"
"2021-09-16","610"
"2021-09-20","600"
"2021-09-21","586.5"
"2021-09-22","591"
"2021-09-23","610"
"2021-09-26","601"
"2021-09-27","589.5"
"2021-09-28","570"
"2021-09-29","551"
"2021-09-30","577.3"
"2021-10-03","549"
"2021-10-04","545"
"2021-10-05","548"
"2021-10-06","557"
"2021-10-10","582"
"2021-10-11","616"
"2021-10-17","602"
"2021-10-18","591"
"2021-10-19","587"
"2021-10-20","563"
"2021-10-21","579"
"2021-10-24","568"
"2021-10-25","587.6"
"2021-10-26","606"
"2021-10-27","610"
"2021-10-28","609.9"
"2021-10-31","600"
"2021-11-01","626"
"2021-11-02","601"
"2021-11-03","609.1"
"2021-11-08","629.7"
"2021-11-09","615"
"2021-11-11","594.2"
"2021-11-14","593"
"2021-11-15","576.8"
"2021-11-16","587"
"2021-11-17","625"
"2021-11-18","604"
"2021-11-21","600"
"2021-11-22","598"
"2021-11-23","585"
"2021-11-24","582"
"2021-11-25","590"
"2021-11-28","582"
"2021-11-29","565"
"2021-11-30","572"
"2021-12-01","571"
"2021-12-02","570"
"2021-12-05","551"
"2021-12-06","543"
"2021-12-07","555"
"2021-12-08","536"
"2021-12-09","516"
"2021-12-12","520"
"2021-12-13","485"
"2021-12-14","487.5"
"2021-12-15","513"
"2021-12-16","510"
"2021-12-20","495"
"2021-12-21","490"
"2021-12-22","490.1"
"2021-12-23","501"
"2021-12-26","506"
"2021-12-27","518"
"2021-12-28","500"
"2021-12-29","509"
"2022-01-02","470"
"2022-01-03","471"
"2022-01-04","475.1"
"2022-01-05","505"
"2022-01-06","490"
"2022-01-09","507.9"
"2022-01-10","513"
"2022-01-11","520.5"
"2022-01-12","540"
"2022-01-13","514"
"2022-01-16","540"
"2022-01-17","564"
"2022-01-18","566.9"
"2022-01-19","555.9"
"2022-01-20","536"
"2022-01-23","546"
"2022-01-24","529"
"2022-01-25","518"
"2022-01-26","516"
"2022-01-27","514"
"2022-01-30","519"
"2022-01-31","540"
"2022-02-01","515"
"2022-02-03","539.5"
"2022-02-06","523"
"2022-02-07","525"
"2022-02-08","535.3"
"2022-02-09","520"
"2022-02-10","520"
"2022-02-13","509.6"
"2022-02-14","490.1"
"2022-02-15","502"
"2022-02-16","508.1"
"2022-02-17","507"
"2022-02-20","498.5"
"2022-02-21","509"
"2022-02-22","516"
"2022-02-23","500.3"
"2022-02-24","505"
"2022-02-27","490"
"2022-02-28","520"
"2022-03-02","495"
"2022-03-06","480.2"
"2022-03-07","483"
"2022-03-09","485"
"2022-03-10","476"
"2022-03-13","498.2"
"2022-03-14","499"
"2022-03-15","495"
"2022-03-16","498.9"
"2022-03-20","489.9"
"2022-03-21","492"
"2022-03-22","500"
"2022-03-23","495"
"2022-03-24","495"
"2022-03-27","489.6"
"2022-03-28","478"
"2022-03-29","471.5"
"2022-03-30","474"
"2022-03-31","487.5"
"2022-04-03","472"
"2022-04-04","470"
"2022-04-05","479.4"
"2022-04-06","461"
"2022-04-07","460"
"2022-04-11","458"
"2022-04-12","454"
"2022-04-13","445"
"2022-04-17","452"
"2022-04-18","450"
"2022-04-19","445"
"2022-04-20","437.1"
"2022-04-21","446.7"
"2022-04-24","440"
"2022-04-25","460"
"2022-04-26","450"
"2022-04-27","459"
"2022-04-28","460"
"2022-05-02","448"
"2022-05-04","440"
"2022-05-05","431.2"
"2022-05-08","440.6"
"2022-05-09","435"
"2022-05-10","435"
"2022-05-11","450"
"2022-05-12","456"
"2022-05-17","452.9"
"2022-05-18","439.2"
"2022-05-19","440"
"2022-05-20","435.3"
"2022-05-23","436"
"2022-05-24","425"
"2022-05-25","443.4"
"2022-05-26","438.1"
"2022-05-27","447"
"2022-05-30","438"
"2022-05-31","425"
"2022-06-01","420"
"2022-06-02","417.7"
"2022-06-03","420"
"2022-06-06","412"
"2022-06-07","413"
"2022-06-08","410"
"2022-06-09","400"
"2022-06-10","395.3"
"2022-06-13","395.1"
"2022-06-14","400"
"2022-06-15","394"
"2022-06-16","373.2"
"2022-06-17","380"
"2022-06-19","380"
"2022-06-20","369"
"2022-06-21","365"
"2022-06-22","369"
"2022-06-23","364"
"2022-06-24","355"
"2022-06-26","367.2"
"2022-06-27","385"
"2022-06-28","379.1"
"2022-06-29","381.1"
"2022-06-30","402"
"2022-07-01","418"
"2022-07-03","413"
"2022-07-04","435"
"2022-07-05","411"
"2022-07-06","410"
"2022-07-07","423"
"2022-07-08","410"
"2022-07-11","400"
"2022-07-12","383"
"2022-07-13","399"
"2022-07-14","411"
"2022-07-15","400"
"2022-07-17","404"
"2022-07-18","400"
"2022-07-19","400.1"
"2022-07-20","407"
"2022-07-21","401"
"2022-07-22","402"
"2022-07-24","404"
"2022-07-25","406"
"2022-07-26","414"
"2022-07-27","402"
"2022-07-28","410"
"2022-07-29","410"
"2022-07-31","414"
"2022-08-01","419.9"
"2022-08-02","432"
"2022-08-03","456"
"2022-08-04","444"
"2022-08-05","435"
"2022-08-07","434"
"2022-08-08","436.5"
"2022-08-09","428.2"
"2022-08-10","415"
"2022-08-11","402"
"2022-08-14","392"
"2022-08-15","400"
"2022-08-16","415.9"
"2022-08-17","397.1"
"2022-08-18","401.2"
"2022-08-21","413"
"2022-08-22","405"
"2022-08-23","410"
"2022-08-24","407"
"2022-08-25","411"
"2022-08-26","401"
"2022-08-28","399"
"2022-08-29","392.7"
"2022-08-30","389"
"2022-08-31","393"
"2022-09-01","390"
"2022-09-02","389"
"2022-09-04","399"
"2022-09-05","394"
"2022-09-06","384"
"2022-09-07","385"
"2022-09-08","392"
"2022-09-11","377.7"
"2022-09-12","376"
"2022-09-13","378"
"2022-09-14","373"
"2022-09-15","378"
"2022-09-16","366"
"2022-09-18","365"
"2022-09-20","360"
"2022-09-21","354"
"2022-09-22","355"
"2022-09-25","354"
"2022-09-27","364.1"
"2022-09-28","369.1"
"2022-09-29","352"
"2022-10-09","365"
"2022-10-10","371"
"2022-10-11","360"
"2022-10-12","354.2"
"2022-10-13","362"
"2022-10-16","365"
"2022-10-17","368"
"2022-10-19","362"
"2022-10-20","353.2"
"2022-10-23","370"
"2022-10-31","374.3"
"2022-11-01","377"
"2022-11-02","392"
"2022-11-03","377.5"
"2022-11-06","385.1"
"2022-11-07","395"
"2022-11-08","385"
"2022-11-09","394"
"2022-11-10","377"
"2022-11-13","361.3"
"2022-11-14","372.3"
"2022-11-15","375.5"
"2022-11-16","378"
"2022-11-17","381.4"
"2022-11-22","391"
"2022-11-23","396"
"2022-11-24","379"
"2022-11-27","387"
"2022-11-28","390"
"2022-11-29","388"
"2022-11-30","381.1"
"2022-12-01","389"
"2022-12-04","390"
"2022-12-05","395"
"2022-12-06","391"
"2022-12-07","390"
"2022-12-11","383"
"2022-12-12","380"
"2022-12-13","390"
"2022-12-14","380.3"
"2022-12-15","382"
"2022-12-18","356"
"2022-12-19","351"
"2022-12-20","358"
"2022-12-21","354"
"2022-12-22","353.1"
"2022-12-26","359"
"2022-12-27","372"
"2022-12-28","385.6"
"2022-12-29","378"
"2023-01-01","386"
"2023-01-02","395"
"2023-01-03","397"
"2023-01-04","395"
"2023-01-05","415"
"2023-01-08","410"
"2023-01-09","418"
"2023-01-10","422"
"2023-01-12","420"
"2023-01-17","418"
"2023-01-18","426"
"2023-01-19","425.5"
"2023-01-23","424.9"
"2023-01-24","416"
"2023-01-25","425"
"2023-01-26","421"
"2023-01-29","438"
"2023-01-30","460"
"2023-01-31","444"
"2023-02-01","465"
"2023-02-02","460.2"
"2023-02-05","470"
"2023-02-06","494.7"
"2023-02-07","481.4"
"2023-02-08","498"
"2023-02-09","490"
"2023-02-12","481"
"2023-02-14","475"
"2023-02-15","466"
"2023-02-16","455.2"
"2023-02-20","455"
"2023-02-22","451"
"2023-02-23","461"
"2023-02-26","455"
"2023-02-27","460"
"2023-02-28","461"
"2023-03-01","472.1"
"2023-03-02","472"
"2023-03-05","465.1"
"2023-03-07","455.4"
"2023-03-09","477.7"
"2023-03-12","485"
"2023-03-13","468.7"
"2023-03-14","465.1"
"2023-03-15","469.4"
"2023-03-16","465"
"2023-03-19","470"
"2023-03-20","466"
"2023-03-22","479"
"2023-03-23","479"
"2023-03-26","462"
"2023-03-27","466"
"2023-03-28","475"
"2023-03-29","479"
"2023-03-30","484.5"
"2023-04-02","483"
"2023-04-03","465"
"2023-04-04","466.2"
"2023-04-05","470"
"2023-04-06","473"
"2023-04-09","465.1"
"2023-04-10","462"
"2023-04-11","460.1"
"2023-04-12","469"
"2023-04-13","491"
"2023-04-16","485"
"2023-04-17","490"
"2023-04-18","474.1"
"2023-04-19","482"
"2023-04-20","485"
"2023-04-23","480"
"2023-04-24","473"
"2023-04-25","472.1"
"2023-04-26","477.2"
"2023-04-27","475.4"
"2023-04-30","470"
"2023-05-02","465"
"2023-05-03","465"
"2023-05-04","470"
"2023-05-07","460.1"
"2023-05-08","465"
"2023-05-09","468.9"
"2023-05-10","464"
"2023-05-11","466"
"2023-05-14","477.5"
"2023-05-15","463"
"2023-05-16","461"
"2023-05-17","459"
"2023-05-18","470.1"
"2023-05-21","473"
"2023-05-22","462"
"2023-05-23","472"
"2023-05-24","480"
"2023-05-28","482"
"2023-05-30","507"
"2023-05-31","509"
"2023-06-01","500"
"2023-06-04","507"
"2023-06-05","536"
"2023-06-06","555"
"2023-06-07","560"
"2023-06-08","548.1"
"2023-06-11","545"
"2023-06-12","555"
"2023-06-13","550"
"2023-06-14","567"
"2023-06-15","562.1"
"2023-06-18","570"
"2023-06-19","586"
"2023-06-20","580"
"2023-06-21","567.1"
"2023-06-22","566"
"2023-06-25","563.1"
"2023-06-26","580"
"2023-06-27","574"
"2023-06-28","576"
"2023-07-02","556"
"2023-07-03","536"
"2023-07-04","531"
"2023-07-05","540"
"2023-07-06","526.1"
"2023-07-09","548.9"
"2023-07-10","542.1"
"2023-07-11","533.1"
"2023-07-12","521"
"2023-07-13","549"
"2023-07-16","548"
"2023-07-17","538"
"2023-07-18","553"
"2023-07-19","540"
"2023-07-20","548"
"2023-07-23","552.8"
"2023-07-24","555"
"2023-07-25","545"
"2023-07-26","535"
"2023-07-27","534"
"2023-07-30","530"
"2023-07-31","528"
"2023-08-01","524"
"2023-08-02","515"
"2023-08-03","500"
"2023-08-06","516.1"
"2023-08-07","483.9"
"2023-08-08","490"
"2023-08-09","496.1"
"2023-08-10","501"
"2023-08-13","515"
"2023-08-14","518"
"2023-08-15","510"
"2023-08-16","491.2"
"2023-08-17","493"
"2023-08-20","500"
"2023-08-21","485"
"2023-08-22","480"
"2023-08-23","483.2"
"2023-08-24","504"
"2023-08-27","491"
"2023-08-28","481"
"2023-08-29","481"
"2023-08-30","482"
"2023-09-03","476.1"
"2023-09-04","471"
"2023-09-05","478"
"2023-09-07","469.3"
"2023-09-10","470"
"2023-09-11","475"
"2023-09-12","480.3"
"2023-09-13","480"
"2023-09-17","483.1"
"2023-09-18","485"
"2023-09-19","486"
"2023-09-21","495"
"2023-09-24","509.8"
"2023-09-25","499"
"2023-09-26","495"
"2023-09-27","502"
"2023-10-01","496"
"2023-10-02","495"
"2023-10-03","496.6"
"2023-10-04","493"
"2023-10-05","489"
"2023-10-08","488"
"2023-10-09","470"
"2023-10-10","481"
"2023-10-11","466"
"2023-10-12","467"
"2023-10-16","461.1"
"2023-10-17","475"
"2023-10-18","472.3"
"2023-10-19","476"
"2023-10-29","481"
"2023-10-30","462.8"
"2023-10-31","461"
"2023-11-01","470"
"2023-11-02","465"
"2023-11-05","463.5"
"2023-11-06","455"
"2023-11-07","464"
"2023-11-08","465"
"2023-11-09","460.5"
"2023-11-20","470"
"2023-11-21","479.4"
"2023-11-22","462"
"2023-11-23","470.2"
"2023-11-26","485"
"2023-11-27","499"
"2023-11-28","473.5"
"2023-11-29","488"
"2023-11-30","467"
"2023-12-03","475"
"2023-12-04","474"
"2023-12-05","477"
"2023-12-06","480"
"2023-12-07","472.3"
"2023-12-10","488.5"
"2023-12-11","536"
"2023-12-12","516"
"2023-12-13","536"
"2023-12-14","531"
"2023-12-17","524.3"
"2023-12-18","570"
"2023-12-19","562"
"2023-12-20","569"
"2023-12-21","568"
"2023-12-24","530.2"
"2023-12-27","503"
"2023-12-28","500.2"
"2024-01-01","493"
"2024-01-02","483"
"2024-01-03","484"
"2024-01-04","493"
"2024-01-07","508.9"
"2024-01-08","505"
"2024-01-09","508"
"2024-01-10","496.1"
"2024-01-11","494"
"2024-01-14","508.9"
"2024-01-16","525"
"2024-01-17","526.1"
"2024-01-18","510"
"2024-01-21","508"
"2024-01-22","504.1"
"2024-01-23","504"
"2024-01-24","507.9"
"2024-01-25","496"
"2024-01-28","490"
"2024-01-29","495"
"2024-01-30","500.1"
"2024-01-31","498"
"2024-02-01","494"
"2024-02-04","485.1"
"2024-02-05","487"
"2024-02-06","497"
"2024-02-07","495"
"2024-02-08","488"
"2024-02-11","502.9"
"2024-02-12","494"
"2024-02-13","494"
"2024-02-14","481"
"2024-02-15","480.7"
"2024-02-18","477"
"2024-02-20","468"
"2024-02-21","474"
"2024-02-22","468"
"2024-02-25","478.3"
"2024-02-26","462"
"2024-02-27","466.5"
"2024-02-28","464"
"2024-02-29","460"
"2024-03-03","454.5"
"2024-03-04","464.7"
"2024-03-05","485"
"2024-03-06","464"
"2024-03-07","472.4"
"2024-03-10","472"
"2024-03-12","480.9"
"2024-03-13","477.1"
"2024-03-14","471"
"2024-03-17","467"
"2024-03-18","465"
"2024-03-19","464.1"
"2024-03-20","462"
"2024-03-21","472"
"2024-03-25","467"
"2024-03-26","458"
"2024-03-27","460"
"2024-03-28","457.3"
"2024-03-31","464"
"2024-04-01","458"
"2024-04-02","458"
"2024-04-03","453.5"
"2024-04-04","450"
"2024-04-07","446"
"2024-04-09","461.9"
"2024-04-10","460"
"2024-04-14","455"
"2024-04-15","460"
"2024-04-16","446"
"2024-04-18","438.2"
"2024-04-21","447"
"2024-04-22","440.5"
"2024-04-24","438.1"
"2024-04-25","439.1"
"2024-04-28","437.5"
"2024-04-29","430.5"
"2024-04-30","444.9"
"2024-05-02","450.8"
"2024-05-05","431"
"2024-05-06","435"
"2024-05-07","437"
"2024-05-08","430"
"2024-05-09","438"
"2024-05-12","435"
"2024-05-13","439"
"2024-05-14","439"
"2024-05-15","441"
"2024-05-16","442.9"
"2024-05-19","437"
"2024-05-20","450"
"2024-05-21","457"
"2024-05-22","451"
"2024-05-26","450.1"
"2024-05-27","450"
"2024-05-29","462"
"2024-05-30","444"
"2024-06-02","444"
"2024-06-03","453.9"
"2024-06-04","442"
"2024-06-05","440"
"2024-06-06","434"
"2024-06-09","441.1"
"2024-06-10","443.5"
"2024-06-11","443.1"
"2024-06-12","441"
"2024-06-13","446"
"2024-06-16","442"
"2024-06-18","439.9"
"2024-06-19","442"
"2024-06-20","443.8"
"2024-06-23","432"
"2024-06-24","437"
"2024-06-25","430.1"
"2024-06-26","436"
"2024-06-27","432"
"2024-06-30","432"
"2024-07-01","428"
"2024-07-02","439.6"
"2024-07-03","433"
"2024-07-04","435"
"2024-07-07","440"
"2024-07-08","445"
"2024-07-09","438.1"
"2024-07-10","443.6"
"2024-07-11","450"
"2024-07-14","450"
"2024-07-15","460"
"2024-07-16","456.3"
"2024-07-17","500"
"2024-07-18","543"
"2024-07-21","543"
"2024-07-22","545"
"2024-07-23","551.2"
"2024-07-24","567.1"
"2024-07-25","540"
"2024-07-28","570"
"2024-07-29","568.5"
"2024-07-30","600"
"2024-07-31","624"
"2024-08-01","638"
"2024-08-05","625"
"2024-08-06","630"
"2024-08-07","582.2"
"2024-08-08","665"
"2024-08-11","673"
"2024-08-12","678.6"
"2024-08-13","685"
"2024-08-14","663.3"
"2024-08-15","673"
"2024-08-18","668"
"2024-08-21","651.7"
"2024-08-22","643.9"
"2024-08-25","647"
"2024-08-27","621"
"2024-08-28","602.2"
"2024-08-29","598.9"
"2024-09-01","567"
"2024-09-02","561"
"2024-09-03","600"
"2024-09-04","606.9"
"2024-09-05","572"
"2024-09-08","579"
"2024-09-09","561"
"2024-09-10","555"
"2024-09-11","545.1"
"2024-09-12","551.4"
"2024-09-15","565"
"2024-09-16","549"
"2024-09-18","536"
"2024-09-22","539"
"2024-09-23","563.8"
"2024-09-24","540.1"
"2024-09-25","538"
"2024-09-26","553"
"2024-09-29","540"
"2024-09-30","542"
"2024-10-01","551"
"2024-10-02","575.1"
"2024-10-06","575.4"
"2024-10-07","578"
"2024-10-08","595"
"2024-10-09","579"
"2024-10-15","590"
"2024-10-16","595.6"
"2024-10-17","595"
"2024-10-20","583.1"
"2024-10-21","568.6"
"2024-10-22","572"
"2024-10-23","570"
"2024-10-24","563"
"2024-10-27","560.3"
"2024-10-28","563"
"2024-10-29","578.9"
"2024-10-30","592"
"2024-11-05","592"
"2024-11-06","592"
"2024-11-10","585.1"
"2024-11-11","610"
"2024-11-12","605"
"2024-11-13","604"
"2024-11-14","596.7"
"2024-11-17","597.2"
"2024-11-19","595"
"2024-11-20","576"
"2024-11-21","580"
"2024-11-24","589"
"2024-11-25","598.9"
"2024-11-26","603.8"
"2024-11-27","587.1"
"2024-11-28","600"
"2024-12-01","583"
"2024-12-02","580.1"
"2024-12-03","587.2"
"2024-12-04","571.1"
"2024-12-05","578"
"2024-12-08","572"
"2024-12-09","560"
"2024-12-10","556"
"2024-12-11","561.2"
"2024-12-12","570"
"2024-12-16","550.2"
"2024-12-17","568"
"2024-12-18","569"
"2024-12-19","567.1"
"2024-12-22","558"
"2024-12-23","563.1"
"2024-12-24","564"
"2024-12-26","557.7"
"2024-12-29","570"
"2024-12-31","517"
"2025-01-01","500"
"2025-01-02","509"
"2025-01-05","519.8"
"2025-01-06","501"
"2025-01-07","525.6"
"2025-01-08","522.2"
"2025-01-09","511"
"2025-01-12","520.7"
"2025-01-13","500"
"2025-01-15","511.4"
"2025-01-16","500.4"
"2025-01-19","501"
"2025-01-20","509.9"
"2025-01-21","498"
"2025-01-22","500"
"2025-01-23","520"
"2025-01-26","510"
"2025-01-27","511"
"2025-01-28","505"
"2025-02-02","507"
"2025-02-03","511"
"2025-02-04","527"
"2025-02-05","527.6"
"2025-02-06","526.5"
"2025-02-09","535.1"
"2025-02-10","531"
"2025-02-11","516.5"
"2025-02-12","515.6"
"2025-02-13","520.1"
"2025-02-16","528.3"
"2025-02-17","535"
"2025-02-18","530.2"
"2025-02-20","520.1"
"2025-02-23","516"
"2025-02-24","513.1"
"2025-02-25","517"
"2025-02-27","528.4"
"2025-03-02","540"
"2025-03-03","556.2"
"2025-03-04","540"
"2025-03-05","533"
"2025-03-06","525.5"
"2025-03-09","530"
"2025-03-10","532"
"2025-03-11","517"
"2025-03-12","507.1"
"2025-03-16","511"
"2025-03-17","506"
"2025-03-18","504.2"
"2025-03-19","501"
"2025-03-20","499"
"2025-03-23","496"
"2025-03-24","485.3"
"2025-03-25","485"
"2025-03-26","482"
"2025-03-27","478"
"2025-03-30","485"
"2025-04-01","490"
"2025-04-02","480.3"
"2025-04-03","481.5"
"2025-04-07","481"
"2025-04-08","478"
"2025-04-09","482"
"2025-04-10","474"
"2025-04-13","480"
"2025-04-15","475"
"2025-04-16","485.1"
"2025-04-17","483"
"2025-04-20","488"
"2025-04-21","504.9"
"2025-04-22","499.8"
"2025-04-23","486"
"2025-04-24","476"
"2025-04-27","480.1"
"2025-04-28","491"
"2025-04-29","472.8"
"2025-04-30","485"
"2025-05-04","493"
"2025-05-05","500"
"2025-05-06","494"
"2025-05-07","500"
"2025-05-08","519"
"2025-05-11","515"
"2025-05-13","489"
"2025-05-14","490"
"2025-05-15","473"
"2025-05-18","485"
"2025-05-19","488"
"2025-05-20","489"
"2025-05-21","503"
"2025-05-22","490"
"2025-05-25","489.9"
"2025-05-26","498.4"
"2025-05-27","489.9"
"2025-05-28","483"
"2025-06-02","501.5"
"2025-06-03","490"
"2025-06-04","485"
"2025-06-05","489.9"
"2025-06-08","496.5"
"2025-06-09","530"
"2025-06-10","562"
"2025-06-11","566"
"2025-06-12","582"
"2025-06-15","578"
"2025-06-16","575"
"2025-06-17","570"
"2025-06-18","577"
"2025-06-19","563.6"
"2025-06-22","570"
"2025-06-23","541"
"2025-06-24","553.7"
"2025-06-25","536"
"2025-06-26","547"
"2025-06-29","545"
"2025-06-30","542"
"2025-07-01","550"
"2025-07-02","559.9"
"2025-07-03","554.7"
"2025-07-06","538.1"
"2025-07-07","535"
"2025-07-08","538.6"
"2025-07-09","525"
"2025-07-10","526"
"2025-07-13","534.7"
"2025-07-14","523"
"2025-07-15","520"
"2025-07-16","530"
"2025-07-17","538"
"2025-07-20","553.8"
"2025-07-21","544"
"2025-07-22","554"
"2025-07-23","560"
"2025-07-24","560"
"2025-07-27","580"
"2025-07-28","565"
"2025-07-29","565.9"
"2025-07-30","563.9"
"2025-07-31","545"
"2025-08-03","537"
"2025-08-04","540"
"2025-08-05","549.8"
"2025-08-06","532"
"2025-08-07","530"
"2025-08-11","539.8"
"2025-08-12","530"
"2025-08-13","520"
"2025-08-14","520"
"2025-08-17","524.1"
"2025-08-18","516"
"2025-08-19","517.1"
"2025-08-20","520"
"2025-08-21","511.1"
"2025-08-24","510.2"
"2025-08-25","514"
"2025-08-26","506.8"
"2025-08-27","518.4"
"2025-08-28","519"
"2025-08-31","510"
"2025-09-01","516.1"
"2025-09-02","518.3"
"2025-09-03","501"
"2025-09-04","502"
"2025-09-07","493.2"
"2025-09-08","491.5"
"2025-09-18","488"
"2025-09-21","460"
"2025-09-23","500"
"2025-09-24","505"
"2025-09-25","487"
"2025-09-28","500"
"2025-10-07","505"
"2025-10-08","496"
"2025-10-09","499.8"
"2025-10-12","498"
"2025-10-13","491"
"2025-10-14","490"
"2025-10-15","483"
"2025-10-16","489"
"2025-10-19","478"
"2025-10-26","475.5"
"2025-10-28","480"
"2025-10-29","491"
"2025-10-30","482.3"
"2025-11-02","514"
"2025-11-03","500"
"2025-11-04","498"
"2025-11-05","486.1"
"2025-11-06","487.1"
"2025-11-09","482"
"2025-11-10","486"
"2025-11-11","480.2"
"2025-11-12","488"
"2025-11-13","484"
"2025-11-16","486.1"
"2025-11-17","477.1"
"2025-11-18","477"
"2025-11-19","485"
"2025-11-20","480"
"2025-11-23","481.1"
"2025-11-24","497.2"
"2025-11-25","496.2"
"2025-11-26","511"
"2025-11-27","510"
"2025-11-30","506"
"2025-12-01","505.9"
"2025-12-02","501"
"2025-12-03","500"
"2025-12-07","494.9"
"2025-12-08","499.8"
"2025-12-09","492"
"2025-12-10","492"
"2025-12-11","493"
"2025-12-14","491.2"
"2025-12-15","489"
"2025-12-16","493"
"2025-12-17","495"
"2025-12-18","496"
"2025-12-21","490"
"2025-12-22","495"
"2025-12-23","499"
"2025-12-24","494.5"
"2025-12-28","501"
"2025-12-29","506"
"2025-12-31","505"
"2026-01-01","464"
"2026-01-04","472"
"2026-01-05","473.9"
"2026-01-06","473"
"2026-01-07","473"
"2026-01-08","471"
"2026-01-12","480.3"
"2026-01-13","479"
"2026-01-14","479"
"2026-01-18","470"
"2026-01-20","478"
"2026-01-21","484.9"
"2026-01-22","476.8"
"2026-01-25","475"
"2026-01-26","486"
"2026-01-27","480"
"2026-01-28","479"
"2026-01-29","479"
"2026-02-01","480"
"2026-02-02","475.9"
"2026-02-03","474"
"2026-02-04","460"
"2026-02-05","466.1"
"2026-02-08","470"
"2026-02-09","472"
"2026-02-10","465.5"
"2026-02-11","478"
"2026-02-12","474"
"2026-02-16","478"
"2026-02-17","474"
"2026-02-22","470"
"2026-02-23","462"
"2026-02-24","461"
"2026-02-25","460"
"2026-02-26","475.3"
"2026-03-01","468"
"2026-03-03","478.3"
"2026-03-09","489.4"
"2026-03-10","519.1"
"2026-03-11","510"
"2026-03-12","503"
"2026-03-15","500"
"2026-03-16","508.6"
"2026-03-17","499.9"
"2026-03-19","506"
"2026-03-22","517"
"2026-03-23","500"
"2026-03-24","510"
"2026-03-25","514"
"2026-03-26","510"
"2026-03-29","520.7"
"2026-03-30","496"
"2026-03-31","491.1"
"2026-04-01","499.1"
"2026-04-02","495"
"2026-04-05","489"
"2026-04-06","476"
"2026-04-07","495.5"
"2026-04-08","488.5"
"2026-04-09","490"
"2026-04-10","498"
"2026-04-13","502.8"
"2026-04-15","495.1"
"2026-04-16","502.9"
"2026-04-17","501.2"
"2026-04-20","497.1"
"2026-04-21","494"
"2026-04-22","482.2"
"2026-04-23","483"
"2026-04-24","486.9"
"2026-04-27","480.1"
"2026-04-28","480"
"2026-04-29","483"
"2026-04-30","477"
