"2007-01-02","7,590"
"2007-01-03","12,390"
"2007-01-04","6,940"
"2007-01-07","300"
"2007-01-08","10,610"
"2007-01-09","6,250"
"2007-01-10","2,560"
"2007-01-11","9,130"
"2007-01-17","1,610"
"2007-01-18","2,270"
"2007-01-21","1,350"
"2007-01-25","400"
"2007-01-28","4,170"
"2007-01-29","2,860"
"2007-01-31","2,910"
"2007-02-01","400"
"2007-02-04","3,340"
"2007-02-05","6,010"
"2007-02-06","2,530"
"2007-02-07","4,010"
"2007-02-08","1,680"
"2007-02-11","5,000"
"2007-02-12","570"
"2007-02-13","200"
"2007-02-14","1,330"
"2007-02-15","1,710"
"2007-02-18","6,270"
"2007-02-20","150"
"2007-02-21","2,890"
"2007-02-25","690"
"2007-02-26","7,770"
"2007-02-27","1,920"
"2007-02-28","1,900"
"2007-03-04","100"
"2007-03-05","130"
"2007-03-06","4,160"
"2007-03-07","2,710"
"2007-03-08","1,720"
"2007-03-11","670"
"2007-03-12","370"
"2007-03-14","3,560"
"2007-03-15","5,630"
"2007-03-21","610"
"2007-03-22","620"
"2007-03-25","420"
"2007-03-28","5,590"
"2007-03-29","10,350"
"2007-04-01","2,480"
"2007-04-02","5,060"
"2007-04-03","4,870"
"2007-04-05","410"
"2007-04-09","920"
"2007-04-10","320"
"2007-04-11","4,280"
"2007-04-12","230"
"2007-04-15","750"
"2007-04-16","520"
"2007-04-17","620"
"2007-04-18","130"
"2007-04-19","980"
"2007-04-22","1,290"
"2007-04-23","220"
"2007-04-25","1,470"
"2007-04-26","4,570"
"2007-04-29","5,170"
"2007-04-30","260"
"2007-05-03","5,110"
"2007-05-06","10,930"
"2007-05-07","5,400"
"2007-05-08","900"
"2007-05-09","9,570"
"2007-05-10","7,840"
"2007-05-13","4,370"
"2007-05-14","2,200"
"2007-05-15","860"
"2007-05-17","100"
"2007-05-20","490"
"2007-05-21","1,700"
"2007-05-22","1,810"
"2007-05-23","1,200"
"2007-05-24","5,400"
"2007-05-29","980"
"2007-05-30","1,420"
"2007-05-31","3,070"
"2007-06-03","1,110"
"2007-06-04","2,830"
"2007-06-05","2,330"
"2007-06-06","1,150"
"2007-06-07","1,930"
"2007-06-10","8,610"
"2007-06-11","4,340"
"2007-06-12","810"
"2007-06-13","4,150"
"2007-06-14","530"
"2007-06-17","1,150"
"2007-06-18","2,540"
"2007-06-19","6,460"
"2007-06-20","2,080"
"2007-06-21","5,320"
"2007-06-24","4,480"
"2007-06-25","100"
"2007-06-26","380"
"2007-06-27","1,680"
"2007-07-01","3,540"
"2007-07-02","1,580"
"2007-07-03","610"
"2007-07-04","16,580"
"2007-07-05","1,590"
"2007-07-09","4,620"
"2007-07-10","8,730"
"2007-07-11","2,730"
"2007-07-12","1,840"
"2007-07-15","10,930"
"2007-07-16","490"
"2007-07-17","4,620"
"2007-07-18","11,080"
"2007-07-19","5,880"
"2007-07-22","6,120"
"2007-07-23","2,660"
"2007-07-24","5,800"
"2007-07-25","4,050"
"2007-07-26","4,570"
"2007-07-29","1,260"
"2007-07-30","5,090"
"2007-07-31","500"
"2007-08-01","2,380"
"2007-08-02","2,330"
"2007-08-05","3,950"
"2007-08-06","9,480"
"2007-08-07","700"
"2007-08-08","3,440"
"2007-08-09","6,770"
"2007-08-13","12,140"
"2007-08-14","7,500"
"2007-08-15","1,620"
"2007-08-16","3,560"
"2007-08-19","2,460"
"2007-08-20","3,800"
"2007-08-21","4,310"
"2007-08-22","5,140"
"2007-08-23","4,900"
"2007-08-24","1,820"
"2007-08-26","2,690"
"2007-08-27","4,440"
"2007-08-30","760"
"2007-09-02","1,820"
"2007-09-03","7,090"
"2007-09-05","7,030"
"2007-09-06","13,050"
"2007-09-09","14,650"
"2007-09-10","10,500"
"2007-09-11","2,300"
"2007-09-12","1,350"
"2007-09-13","14,600"
"2007-09-16","3,640"
"2007-09-17","7,560"
"2007-09-18","1,250"
"2007-09-19","1,050"
"2007-09-20","12,070"
"2007-09-23","470"
"2007-09-24","1,040"
"2007-09-26","1,550"
"2007-09-27","910"
"2007-09-30","1,350"
"2007-10-01","2,230"
"2007-10-02","3,880"
"2007-10-03","5,150"
"2007-10-04","600"
"2007-10-07","4,590"
"2007-10-08","1,160"
"2007-10-09","700"
"2007-10-10","2,990"
"2007-10-11","1,720"
"2007-10-14","2,000"
"2007-10-15","1,400"
"2007-10-30","100"
"2007-10-31","1,340"
"2007-11-01","500"
"2007-11-04","450"
"2007-11-05","260"
"2007-11-06","350"
"2007-11-07","480"
"2007-11-08","680"
"2007-11-12","990"
"2007-11-13","3,730"
"2007-11-14","100"
"2007-11-15","2,430"
"2007-11-18","6,050"
"2007-11-19","4,130"
"2007-11-20","500"
"2007-11-25","12,090"
"2007-11-26","3,470"
"2007-11-27","5,030"
"2007-11-28","1,230"
"2007-11-29","2,450"
"2007-12-02","10,680"
"2007-12-03","17,980"
"2007-12-04","5,170"
"2007-12-05","2,720"
"2007-12-06","4,400"
"2007-12-09","1,490"
"2007-12-10","5,630"
"2007-12-11","25,130"
"2007-12-13","8,950"
"2007-12-16","8,280"
"2007-12-17","6,630"
"2007-12-18","2,240"
"2007-12-19","200"
"2007-12-20","6,480"
"2007-12-23","100"
"2007-12-24","1,690"
"2007-12-27","2,150"
"2008-01-13","50"
"2008-01-16","100"
"2008-01-17","470"
"2008-01-20","1,120"
"2008-01-21","1,100"
"2008-01-22","200"
"2008-01-23","2,680"
"2008-01-24","1,310"
"2008-01-27","1,760"
"2008-01-28","1,980"
"2008-01-29","2,350"
"2008-01-31","3,400"
"2008-02-03","1,750"
"2008-02-04","1,780"
"2008-02-05","3,220"
"2008-02-10","60"
"2008-02-11","120"
"2008-02-12","9,480"
"2008-02-13","9,450"
"2008-02-14","3,950"
"2008-02-17","4,850"
"2008-02-18","6,790"
"2008-02-20","3,210"
"2008-02-21","220"
"2008-02-24","2,030"
"2008-02-25","5,600"
"2008-02-26","500"
"2008-02-27","2,550"
"2008-02-28","2,590"
"2008-03-02","1,000"
"2008-03-03","8,090"
"2008-03-04","3,780"
"2008-03-05","1,500"
"2008-03-09","2,000"
"2008-03-10","1,050"
"2008-03-11","6,550"
"2008-03-12","300"
"2008-03-13","1,190"
"2008-03-16","530"
"2008-03-17","1,360"
"2008-03-18","3,120"
"2008-03-19","1,220"
"2008-03-20","1,280"
"2008-03-23","1,700"
"2008-03-24","2,000"
"2008-03-25","3,750"
"2008-03-26","2,950"
"2008-03-27","2,350"
"2008-03-30","1,100"
"2008-03-31","800"
"2008-04-01","860"
"2008-04-02","3,200"
"2008-04-03","1,000"
"2008-04-06","4,860"
"2008-04-15","400"
"2008-04-16","1,460"
"2008-04-17","700"
"2008-04-20","1,970"
"2008-04-21","1,650"
"2008-04-22","780"
"2008-04-24","730"
"2008-04-27","2,160"
"2008-04-28","3,500"
"2008-04-30","2,230"
"2008-05-04","2,670"
"2008-05-05","3,380"
"2008-05-06","3,000"
"2008-05-07","5,990"
"2008-05-08","5,820"
"2008-05-11","1,560"
"2008-05-12","1,760"
"2008-05-13","1,020"
"2008-05-14","2,480"
"2008-05-15","2,010"
"2008-05-18","260"
"2008-05-21","900"
"2008-05-22","1,970"
"2008-05-25","1,500"
"2008-05-26","1,280"
"2008-06-02","5,520"
"2008-06-04","800"
"2008-06-05","950"
"2008-06-08","790"
"2008-06-09","4,880"
"2008-06-10","1,080"
"2008-06-11","1,410"
"2008-06-12","500"
"2008-06-15","2,110"
"2008-06-16","1,170"
"2008-06-17","1,980"
"2008-06-18","1,120"
"2008-06-19","1,350"
"2008-06-22","400"
"2008-06-23","320"
"2008-06-24","150"
"2008-06-25","300"
"2008-06-26","450"
"2008-06-29","830"
"2008-06-30","300"
"2008-07-01","150"
"2008-07-02","200"
"2008-07-03","1,230"
"2008-07-06","2,220"
"2008-07-07","1,150"
"2008-07-08","1,580"
"2008-07-09","750"
"2008-07-10","300"
"2008-07-13","2,220"
"2008-07-15","7,490"
"2008-07-16","530"
"2008-07-17","880"
"2008-07-20","3,480"
"2008-07-21","4,730"
"2008-07-22","4,140"
"2008-07-23","1,530"
"2008-07-27","200"
"2008-07-28","320"
"2008-07-29","150"
"2008-07-31","720"
"2008-08-03","2,120"
"2008-08-04","1,700"
"2008-08-05","50"
"2008-08-07","1,120"
"2008-08-10","390"
"2008-08-11","1,100"
"2008-08-12","50"
"2008-08-13","550"
"2008-08-18","330"
"2008-08-19","150"
"2008-08-25","90"
"2008-08-27","820"
"2008-08-28","630"
"2008-08-31","3,000"
"2008-09-01","1,680"
"2008-09-02","2,650"
"2008-09-03","4,470"
"2008-09-04","2,030"
"2008-09-07","450"
"2008-09-08","1,230"
"2008-09-09","950"
"2008-09-10","4,100"
"2008-09-15","860"
"2008-09-16","350"
"2008-09-17","3,240"
"2008-09-18","920"
"2008-09-21","2,000"
"2008-09-22","2,280"
"2008-09-23","3,970"
"2008-09-24","440"
"2008-09-25","1,250"
"2008-09-28","1,000"
"2008-09-29","1,000"
"2008-10-12","670"
"2008-10-13","1,340"
"2008-10-15","1,210"
"2008-10-19","620"
"2008-10-20","500"
"2008-10-21","1,510"
"2008-10-22","1,000"
"2008-10-23","1,100"
"2008-10-26","3,330"
"2008-10-27","12,650"
"2008-11-02","6,020"
"2008-11-05","2,130"
"2008-11-06","450"
"2008-11-09","150"
"2008-11-10","300"
"2008-11-11","4,920"
"2008-11-12","2,340"
"2008-11-13","520"
"2008-11-17","750"
"2008-11-18","450"
"2008-11-19","2,100"
"2008-11-20","3,040"
"2008-11-23","3,180"
"2008-11-24","1,400"
"2008-11-25","110"
"2008-11-26","870"
"2008-11-27","970"
"2008-11-30","960"
"2008-12-01","2,820"
"2008-12-02","200"
"2008-12-03","630"
"2008-12-08","300"
"2008-12-10","240"
"2008-12-11","790"
"2008-12-15","40"
"2008-12-16","350"
"2008-12-17","1,200"
"2008-12-18","1,830"
"2008-12-21","1,210"
"2008-12-22","50"
"2008-12-24","1,270"
"2008-12-28","700"
"2008-12-29","1,270"
"2008-12-31","350"
"2009-01-01","100"
"2009-01-05","1,870"
"2009-01-06","420"
"2009-01-08","500"
"2009-01-12","280"
"2009-01-18","200"
"2009-01-21","200"
"2009-01-22","80"
"2009-01-25","750"
"2009-01-26","2,000"
"2009-01-28","600"
"2009-02-01","3,600"
"2009-02-02","130"
"2009-02-03","800"
"2009-02-04","650"
"2009-02-05","630"
"2009-02-08","130"
"2009-02-09","200"
"2009-02-10","640"
"2009-02-11","430"
"2009-02-12","100"
"2009-02-15","1,030"
"2009-02-16","250"
"2009-02-17","1,170"
"2009-02-19","1,100"
"2009-02-22","220"
"2009-02-24","800"
"2009-02-26","2,040"
"2009-03-01","940"
"2009-03-03","50"
"2009-03-04","200"
"2009-03-05","350"
"2009-03-08","350"
"2009-03-09","700"
"2009-03-12","3,200"
"2009-03-15","1,580"
"2009-03-16","300"
"2009-03-17","5,900"
"2009-03-18","1,940"
"2009-03-19","1,690"
"2009-03-22","630"
"2009-03-23","250"
"2009-03-25","520"
"2009-03-29","1,650"
"2009-03-30","1,350"
"2009-03-31","2,400"
"2009-04-01","4,350"
"2009-04-02","1,020"
"2009-04-05","250"
"2009-04-07","200"
"2009-04-08","350"
"2009-04-09","650"
"2009-04-12","730"
"2009-04-13","2,210"
"2009-04-16","100"
"2009-04-19","600"
"2009-04-20","170"
"2009-04-22","250"
"2009-04-26","400"
"2009-04-27","1,200"
"2009-04-28","500"
"2009-04-29","150"
"2009-04-30","500"
"2009-05-04","230"
"2009-05-05","200"
"2009-05-06","1,850"
"2009-05-07","100"
"2009-05-10","50"
"2009-05-11","250"
"2009-05-12","600"
"2009-05-13","1,900"
"2009-05-14","600"
"2009-05-17","2,750"
"2009-05-18","1,410"
"2009-05-19","410"
"2009-05-20","1,930"
"2009-05-21","1,620"
"2009-05-24","200"
"2009-05-25","500"
"2009-05-26","4,070"
"2009-05-27","2,040"
"2009-05-28","1,610"
"2009-05-31","400"
"2009-06-01","170"
"2009-06-02","2,910"
"2009-06-03","1,700"
"2009-06-04","1,700"
"2009-06-07","1,380"
"2009-06-08","1,470"
"2009-06-09","1,770"
"2009-06-10","4,810"
"2009-06-11","2,090"
"2009-06-14","440"
"2009-06-15","1,550"
"2009-06-16","50"
"2009-06-17","1,800"
"2009-06-18","3,000"
"2009-06-21","1,590"
"2009-06-22","100"
"2009-06-23","200"
"2009-06-24","1,150"
"2009-06-25","1,000"
"2009-06-28","350"
"2009-06-29","1,410"
"2009-06-30","930"
"2009-07-01","260"
"2009-07-02","350"
"2009-07-05","280"
"2009-07-06","1,780"
"2009-07-07","700"
"2009-07-08","3,810"
"2009-07-09","1,310"
"2009-07-12","200"
"2009-07-13","650"
"2009-07-14","650"
"2009-07-15","1,180"
"2009-07-16","180"
"2009-07-19","100"
"2009-07-21","1,300"
"2009-07-23","2,190"
"2009-07-27","650"
"2009-07-29","600"
"2009-07-30","100"
"2009-08-02","20"
"2009-08-03","450"
"2009-08-04","1,250"
"2009-08-09","250"
"2009-08-10","200"
"2009-08-11","130"
"2009-08-12","1,870"
"2009-08-16","800"
"2009-08-17","450"
"2009-08-18","5,230"
"2009-08-20","1,720"
"2009-08-23","1,620"
"2009-08-24","620"
"2009-08-25","850"
"2009-08-26","2,450"
"2009-08-27","1,700"
"2009-08-31","1,460"
"2009-09-01","350"
"2009-09-02","3,330"
"2009-09-06","320"
"2009-09-07","1,800"
"2009-09-08","610"
"2009-09-09","3,480"
"2009-09-10","1,710"
"2009-09-13","410"
"2009-09-14","1,300"
"2009-09-15","1,460"
"2009-09-16","450"
"2009-09-17","1,050"
"2009-09-20","200"
"2009-10-04","500"
"2009-10-05","30"
"2009-10-06","320"
"2009-10-07","200"
"2009-10-08","700"
"2009-10-12","350"
"2009-10-13","1,120"
"2009-10-14","460"
"2009-10-22","1,200"
"2009-10-25","1,140"
"2009-10-26","1,610"
"2009-10-27","150"
"2009-10-28","580"
"2009-10-29","310"
"2009-11-02","1,480"
"2009-11-03","600"
"2009-11-04","630"
"2009-11-05","1,150"
"2009-11-08","100"
"2009-11-09","1,150"
"2009-11-10","250"
"2009-11-11","350"
"2009-11-12","20"
"2009-11-19","780"
"2009-11-23","880"
"2009-11-24","350"
"2009-11-26","250"
"2009-12-01","420"
"2009-12-03","770"
"2009-12-06","120"
"2009-12-09","1,300"
"2009-12-10","520"
"2009-12-13","520"
"2009-12-14","200"
"2009-12-15","430"
"2009-12-16","100"
"2009-12-17","700"
"2009-12-20","350"
"2009-12-22","840"
"2009-12-23","1,250"
"2009-12-24","1,180"
"2009-12-27","1,200"
"2009-12-28","630"
"2009-12-29","570"
"2009-12-31","490"
"2010-01-03","230"
"2010-01-05","900"
"2010-01-06","300"
"2010-01-07","220"
"2010-01-11","130"
"2010-01-14","70"
"2010-01-19","1,360"
"2010-01-20","300"
"2010-01-21","1,130"
"2010-01-24","100"
"2010-01-25","240"
"2010-01-26","170"
"2010-01-27","1,820"
"2010-01-28","1,200"
"2010-01-31","220"
"2010-02-03","3,430"
"2010-02-04","450"
"2010-02-07","630"
"2010-02-08","1,820"
"2010-02-09","590"
"2010-02-10","2,150"
"2010-02-11","3,240"
"2010-02-17","50"
"2010-03-01","500"
"2010-03-02","100"
"2010-03-03","1,050"
"2010-03-04","250"
"2010-03-07","850"
"2010-03-10","2,090"
"2010-03-11","3,900"
"2010-03-14","2,070"
"2010-03-16","1,200"
"2010-03-17","2,630"
"2010-03-22","3,000"
"2010-03-23","980"
"2010-03-25","2,150"
"2010-03-28","2,050"
"2010-03-29","400"
"2010-03-30","800"
"2010-03-31","1,160"
"2010-04-01","2,760"
"2010-04-04","1,550"
"2010-04-05","400"
"2010-04-06","5,750"
"2010-04-07","500"
"2010-04-08","2,980"
"2010-04-11","2,730"
"2010-04-12","1,220"
"2010-04-13","1,520"
"2010-04-15","1,210"
"2010-04-18","300"
"2010-04-19","2,460"
"2010-04-20","1,420"
"2010-04-21","5,700"
"2010-04-22","1,830"
"2010-04-25","200"
"2010-04-26","750"
"2010-04-27","220"
"2010-04-28","3,280"
"2010-04-29","1,710"
"2010-05-09","300"
"2010-05-10","100"
"2010-05-11","400"
"2010-05-12","970"
"2010-05-13","690"
"2010-05-18","30"
"2010-05-19","530"
"2010-05-20","100"
"2010-05-23","3,700"
"2010-05-25","1,080"
"2010-05-26","300"
"2010-05-30","900"
"2010-05-31","1,440"
"2010-06-01","100"
"2010-06-03","1,420"
"2010-06-06","40"
"2010-06-07","400"
"2010-06-08","1,270"
"2010-06-09","400"
"2010-06-10","1,000"
"2010-06-13","100"
"2010-06-14","920"
"2010-06-20","270"
"2010-06-21","820"
"2010-06-22","100"
"2010-06-23","500"
"2010-06-24","220"
"2010-06-28","130"
"2010-06-29","500"
"2010-06-30","230"
"2010-07-04","100"
"2010-07-06","340"
"2010-07-07","3,330"
"2010-07-08","600"
"2010-07-11","2,580"
"2010-07-12","2,050"
"2010-07-13","300"
"2010-07-14","200"
"2010-07-15","3,740"
"2010-07-22","190"
"2010-07-25","450"
"2010-07-26","2,170"
"2010-07-27","470"
"2010-07-28","1,700"
"2010-08-01","550"
"2010-08-03","1,510"
"2010-08-04","80"
"2010-08-05","600"
"2010-08-08","980"
"2010-08-10","1,050"
"2010-08-12","400"
"2010-08-17","1,550"
"2010-08-22","940"
"2010-08-23","200"
"2010-08-26","700"
"2010-08-29","390"
"2010-08-31","150"
"2010-09-05","1,460"
"2010-09-06","350"
"2010-09-07","1,360"
"2010-09-09","350"
"2010-09-14","310"
"2010-09-19","200"
"2010-09-20","100"
"2010-09-21","100"
"2010-09-23","350"
"2010-09-26","860"
"2010-09-27","300"
"2010-09-28","430"
"2010-09-29","3,450"
"2010-09-30","380"
"2010-10-04","400"
"2010-10-05","1,090"
"2010-10-06","500"
"2010-10-07","300"
"2010-10-12","120"
"2010-10-21","1,080"
"2010-10-24","980"
"2010-10-25","1,130"
"2010-10-26","1,000"
"2010-10-27","380"
"2010-10-28","590"
"2010-10-31","440"
"2010-11-01","100"
"2010-11-02","510"
"2010-11-03","5,830"
"2010-11-04","430"
"2010-11-11","820"
"2010-11-14","400"
"2010-11-15","1,160"
"2010-11-16","150"
"2010-11-18","200"
"2010-11-21","370"
"2010-11-22","1,090"
"2010-11-23","50"
"2010-11-24","490"
"2010-11-25","580"
"2010-11-29","840"
"2010-11-30","650"
"2010-12-01","480"
"2010-12-02","1,850"
"2010-12-06","130"
"2010-12-08","900"
"2010-12-09","100"
"2010-12-12","1,400"
"2010-12-13","100"
"2010-12-14","600"
"2010-12-15","200"
"2010-12-19","100"
"2010-12-20","2,000"
"2010-12-22","80"
"2010-12-26","3,640"
"2010-12-28","200"
"2010-12-29","330"
"2011-01-02","870"
"2011-01-03","200"
"2011-01-04","530"
"2011-01-05","240"
"2011-01-09","980"
"2011-01-10","650"
"2011-01-11","2,310"
"2011-01-12","100"
"2011-01-13","650"
"2011-01-16","1,100"
"2011-01-17","3,840"
"2011-01-18","200"
"2011-01-19","180"
"2011-01-20","80"
"2011-01-23","3,130"
"2011-01-24","1,550"
"2011-01-31","130"
"2011-02-01","1,390"
"2011-02-02","1,680"
"2011-02-03","300"
"2011-02-06","670"
"2011-02-07","100"
"2011-02-09","220"
"2011-02-10","990"
"2011-02-13","300"
"2011-02-14","2,080"
"2011-02-15","320"
"2011-02-16","1,000"
"2011-02-17","1,050"
"2011-02-20","420"
"2011-02-21","1,080"
"2011-02-22","1,520"
"2011-02-23","1,230"
"2011-02-24","2,810"
"2011-02-27","2,750"
"2011-02-28","3,060"
"2011-03-01","8,130"
"2011-03-07","10"
"2011-03-10","10"
"2011-03-15","650"
"2011-03-16","180"
"2011-03-22","170"
"2011-03-27","50"
"2011-03-28","2,350"
"2011-03-29","2,170"
"2011-03-30","1,350"
"2011-03-31","2,150"
"2011-04-04","2,000"
"2011-04-05","370"
"2011-04-06","720"
"2011-04-07","620"
"2011-04-10","950"
"2011-04-11","1,100"
"2011-04-13","420"
"2011-04-17","870"
"2011-04-18","2,380"
"2011-04-19","2,450"
"2011-04-20","650"
"2011-04-21","1,190"
"2011-04-27","930"
"2011-04-28","1,580"
"2011-05-02","950"
"2011-05-03","680"
"2011-05-04","6,100"
"2011-05-05","450"
"2011-05-10","5,970"
"2011-05-11","700"
"2011-05-15","50"
"2011-05-16","470"
"2011-05-18","2,780"
"2011-05-19","2,870"
"2011-05-22","500"
"2011-05-24","1,550"
"2011-05-25","300"
"2011-05-26","1,440"
"2011-05-30","3,170"
"2011-05-31","3,280"
"2011-06-01","1,480"
"2011-06-02","1,120"
"2011-06-05","4,370"
"2011-06-06","1,480"
"2011-06-07","1,300"
"2011-06-08","4,150"
"2011-06-09","12,220"
"2011-06-12","5,600"
"2011-06-13","5,460"
"2011-06-14","750"
"2011-06-15","2,700"
"2011-06-16","1,530"
"2011-06-19","220"
"2011-06-20","90"
"2011-06-21","4,080"
"2011-06-23","2,970"
"2011-06-26","2,330"
"2011-06-27","1,640"
"2011-06-29","310"
"2011-07-03","100"
"2011-07-04","700"
"2011-07-05","1,460"
"2011-07-06","120"
"2011-07-07","750"
"2011-07-10","1,080"
"2011-07-11","1,880"
"2011-07-12","2,280"
"2011-07-13","1,430"
"2011-07-14","900"
"2011-07-17","720"
"2011-07-18","440"
"2011-07-19","100"
"2011-07-20","1,370"
"2011-07-21","2,710"
"2011-07-24","5,900"
"2011-07-25","1,040"
"2011-07-26","330"
"2011-07-27","2,220"
"2011-07-28","980"
"2011-07-31","790"
"2011-08-01","100"
"2011-08-02","350"
"2011-08-03","650"
"2011-08-04","230"
"2011-08-08","500"
"2011-08-09","400"
"2011-08-10","370"
"2011-08-11","230"
"2011-08-16","1,070"
"2011-08-17","350"
"2011-08-18","1,360"
"2011-08-22","300"
"2011-08-23","750"
"2011-08-24","200"
"2011-08-25","780"
"2011-08-28","180"
"2011-08-29","100"
"2011-08-30","780"
"2011-09-04","1,190"
"2011-09-05","900"
"2011-09-06","300"
"2011-09-07","740"
"2011-09-08","550"
"2011-09-12","550"
"2011-09-13","300"
"2011-09-14","3,330"
"2011-09-15","2,670"
"2011-09-18","6,700"
"2011-09-19","5,480"
"2011-09-20","500"
"2011-09-21","800"
"2011-09-22","3,030"
"2011-09-25","1,200"
"2011-09-26","1,320"
"2011-09-27","290"
"2011-09-29","840"
"2011-10-02","200"
"2011-10-09","700"
"2011-10-10","820"
"2011-10-12","1,030"
"2011-10-13","410"
"2011-10-16","1,850"
"2011-10-17","800"
"2011-10-18","850"
"2011-10-19","8,170"
"2011-10-20","9,070"
"2011-10-23","3,610"
"2011-10-24","4,970"
"2011-10-25","3,320"
"2011-10-30","4,320"
"2011-10-31","2,960"
"2011-11-02","50"
"2011-11-03","3,530"
"2011-11-06","1,790"
"2011-11-08","3,430"
"2011-11-10","630"
"2011-11-13","1,100"
"2011-11-14","970"
"2011-11-15","980"
"2011-11-16","800"
"2011-11-17","2,680"
"2011-11-20","2,890"
"2011-11-21","650"
"2011-11-22","1,650"
"2011-11-23","1,980"
"2011-11-24","2,020"
"2011-11-27","4,440"
"2011-11-28","21,660"
"2011-11-29","16,590"
"2011-11-30","18,440"
"2011-12-01","15,120"
"2011-12-04","12,640"
"2011-12-05","15,380"
"2011-12-06","15,510"
"2011-12-07","15,400"
"2011-12-08","9,840"
"2011-12-11","13,930"
"2011-12-12","10,670"
"2011-12-13","9,280"
"2011-12-14","12,980"
"2011-12-15","8,030"
"2011-12-18","16,040"
"2011-12-19","17,870"
"2011-12-20","16,250"
"2011-12-21","20,490"
"2011-12-22","34,460"
"2011-12-26","48,010"
"2011-12-28","890"
"2011-12-29","450"
"2012-01-01","2,090"
"2012-01-02","1,110"
"2012-01-03","4,810"
"2012-01-04","5,290"
"2012-01-05","1,180"
"2012-01-08","2,090"
"2012-01-09","1,320"
"2012-01-10","1,700"
"2012-01-11","1,950"
"2012-01-12","1,930"
"2012-01-16","2,020"
"2012-01-17","80"
"2012-01-18","2,950"
"2012-01-19","1,380"
"2012-01-22","2,310"
"2012-01-23","3,430"
"2012-01-25","150"
"2012-01-26","2,660"
"2012-01-29","5,440"
"2012-01-31","1,280"
"2012-02-01","2,860"
"2012-02-02","4,880"
"2012-02-05","2,530"
"2012-02-06","1,900"
"2012-02-07","3,180"
"2012-02-08","1,530"
"2012-02-09","2,620"
"2012-02-12","2,210"
"2012-02-13","5,040"
"2012-02-14","2,410"
"2012-02-15","1,980"
"2012-02-16","510"
"2012-02-21","500"
"2012-02-23","1,460"
"2012-02-26","1,700"
"2012-02-27","1,130"
"2012-02-28","1,900"
"2012-02-29","1,140"
"2012-03-01","2,720"
"2012-03-04","3,350"
"2012-03-05","2,390"
"2012-03-06","2,360"
"2012-03-11","6,530"
"2012-03-12","9,890"
"2012-03-13","800"
"2012-03-14","1,890"
"2012-03-15","1,240"
"2012-03-18","2,090"
"2012-03-19","2,410"
"2012-03-20","2,260"
"2012-03-21","1,960"
"2012-03-25","1,800"
"2012-03-26","2,580"
"2012-03-27","1,100"
"2012-03-28","2,390"
"2012-03-29","2,920"
"2012-04-01","820"
"2012-04-02","720"
"2012-04-03","4,140"
"2012-04-04","560"
"2012-04-05","1,460"
"2012-04-08","1,980"
"2012-04-09","4,360"
"2012-04-10","630"
"2012-04-11","5,120"
"2012-04-12","4,100"
"2012-04-15","3,040"
"2012-04-16","10"
"2012-04-17","10,410"
"2012-04-18","6,290"
"2012-04-19","4,230"
"2012-04-22","6,270"
"2012-04-24","590"
"2012-04-25","1,660"
"2012-04-26","16,192"
"2012-04-29","11,728"
"2012-04-30","5,692"
"2012-05-02","4,996"
"2012-05-03","12"
"2012-05-04","92"
"2012-05-07","126"
"2012-05-08","10,080"
"2012-05-09","9,050"
"2012-05-10","7,862"
"2012-05-13","4,768"
"2012-05-14","7,552"
"2012-05-15","4,918"
"2012-05-16","40"
"2012-05-17","12,500"
"2012-05-18","16"
"2012-05-20","7,492"
"2012-05-21","6,120"
"2012-05-22","7,062"
"2012-05-23","5,506"
"2012-05-24","6,274"
"2012-05-25","114"
"2012-05-27","9,076"
"2012-05-29","260"
"2012-05-30","14,732"
"2012-05-31","9,490"
"2012-06-01","64"
"2012-06-03","14,662"
"2012-06-04","7,772"
"2012-06-05","4,222"
"2012-06-06","3,270"
"2012-06-07","4,402"
"2012-06-08","16"
"2012-06-10","4,096"
"2012-06-11","686"
"2012-06-12","1,580"
"2012-06-13","3,332"
"2012-06-14","2,602"
"2012-06-15","40"
"2012-06-17","2,292"
"2012-06-18","2,932"
"2012-06-19","3,212"
"2012-06-20","2,554"
"2012-06-21","4,500"
"2012-06-22","56"
"2012-06-25","5,504"
"2012-06-26","7,064"
"2012-06-27","6,216"
"2012-06-28","5,440"
"2012-06-29","124"
"2012-07-01","7,440"
"2012-07-02","3,918"
"2012-07-03","3,798"
"2012-07-04","5,560"
"2012-07-05","12,308"
"2012-07-06","80"
"2012-07-08","6,982"
"2012-07-09","18,312"
"2012-07-10","15,294"
"2012-07-11","6,534"
"2012-07-12","16,062"
"2012-07-13","352"
"2012-07-15","7,380"
"2012-07-16","4,481"
"2012-07-17","8,952"
"2012-07-18","8,086"
"2012-07-19","11,222"
"2012-07-20","4"
"2012-07-22","12,652"
"2012-07-23","10,834"
"2012-07-24","13,712"
"2012-07-25","13,874"
"2012-07-26","5,808"
"2012-07-27","56"
"2012-07-29","9,978"
"2012-07-30","9,630"
"2012-07-31","5,272"
"2012-08-01","10,496"
"2012-08-05","14,232"
"2012-08-06","15,310"
"2012-08-07","14,072"
"2012-08-08","24,956"
"2012-08-10","12"
"2012-08-12","17,090"
"2012-08-13","8,774"
"2012-08-14","6,978"
"2012-08-15","17,522"
"2012-08-16","16,196"
"2012-08-17","160"
"2012-08-19","5,446"
"2012-08-21","7,802"
"2012-08-22","4,794"
"2012-08-23","8,822"
"2012-08-24","204"
"2012-08-26","4,822"
"2012-08-27","10,390"
"2012-08-28","6,108"
"2012-08-29","5,652"
"2012-08-30","5,784"
"2012-09-02","7,944"
"2012-09-03","7,448"
"2012-09-04","15,002"
"2012-09-05","10,702"
"2012-09-06","9,316"
"2012-09-07","20"
"2012-09-09","7,580"
"2012-09-10","6,932"
"2012-09-11","8,912"
"2012-09-12","5,382"
"2012-09-13","16,632"
"2012-09-14","8"
"2012-09-16","13,492"
"2012-09-17","9,210"
"2012-09-18","19,316"
"2012-09-19","17,176"
"2012-09-20","20,656"
"2012-09-21","36"
"2012-09-23","45,792"
"2012-09-24","30,478"
"2012-09-25","1,412"
"2012-09-26","1,798"
"2012-09-27","2,348"
"2012-09-28","32"
"2012-09-30","1,388"
"2012-10-01","3,356"
"2012-10-02","1,482"
"2012-10-03","2,274"
"2012-10-04","4,452"
"2012-10-05","4"
"2012-10-07","8,450"
"2012-10-08","4,272"
"2012-10-09","4,530"
"2012-10-10","1,044"
"2012-10-11","4,344"
"2012-10-12","4"
"2012-10-14","718"
"2012-10-15","1,894"
"2012-10-17","558"
"2012-10-18","754"
"2012-10-30","1,644"
"2012-10-31","3,578"
"2012-11-01","3,814"
"2012-11-04","1,720"
"2012-11-05","2,418"
"2012-11-06","4,552"
"2012-11-07","4,864"
"2012-11-08","5,066"
"2012-11-11","6,130"
"2012-11-12","5,408"
"2012-11-16","8"
"2012-11-18","7,350"
"2012-11-20","9,484"
"2012-11-21","9,308"
"2012-11-22","4,580"
"2012-11-25","4,928"
"2012-11-26","1,856"
"2012-11-27","3,028"
"2012-11-28","5,478"
"2012-11-29","806"
"2012-11-30","16"
"2012-12-02","2,446"
"2012-12-03","5,620"
"2012-12-04","6,578"
"2012-12-05","7,042"
"2012-12-06","6,590"
"2012-12-09","4,766"
"2012-12-10","5,510"
"2012-12-11","11,292"
"2012-12-12","2,180"
"2012-12-13","4,728"
"2012-12-16","9,116"
"2012-12-17","15,880"
"2012-12-18","5,589"
"2012-12-19","7,462"
"2012-12-20","7,510"
"2012-12-21","88"
"2012-12-23","7,129"
"2012-12-24","4,872"
"2012-12-26","6,692"
"2012-12-27","7,566"
"2012-12-31","5,060"
"2013-01-01","7,990"
"2013-01-02","4,354"
"2013-01-03","4,944"
"2013-01-06","4,630"
"2013-01-07","4,254"
"2013-01-08","496"
"2013-01-09","2,234"
"2013-01-10","4,852"
"2013-01-11","12"
"2013-01-13","2,520"
"2013-01-15","4,641"
"2013-01-16","4,810"
"2013-01-17","5,522"
"2013-01-20","4,082"
"2013-01-21","3,948"
"2013-01-22","2,670"
"2013-01-23","1,718"
"2013-01-24","4,288"
"2013-01-27","7,448"
"2013-01-28","3,546"
"2013-01-30","2,878"
"2013-01-31","13,248"
"2013-02-03","2,280"
"2013-02-04","1,548"
"2013-02-05","1,548"
"2013-02-06","9,328"
"2013-02-07","3,145"
"2013-02-10","1,537"
"2013-02-12","10,178"
"2013-02-13","9,089"
"2013-02-14","6,265"
"2013-02-15","4"
"2013-02-17","15,472"
"2013-02-19","19,611"
"2013-02-20","7,956"
"2013-02-21","3,672"
"2013-02-22","134"
"2013-02-24","5,328"
"2013-02-25","7,910"
"2013-02-26","7,135"
"2013-02-27","1,654"
"2013-02-28","3,196"
"2013-03-01","100"
"2013-03-03","3,762"
"2013-03-04","3,203"
"2013-03-05","4,297"
"2013-03-06","5,813"
"2013-03-07","4,759"
"2013-03-11","9,702"
"2013-03-13","6,469"
"2013-03-14","6,625"
"2013-03-15","65"
"2013-03-17","5,366"
"2013-03-18","6,741"
"2013-03-19","8,405"
"2013-03-20","4,089"
"2013-03-21","5,424"
"2013-03-22","8"
"2013-03-24","5,729"
"2013-03-25","2,207"
"2013-03-27","1,962"
"2013-03-28","3,979"
"2013-03-29","29"
"2013-03-31","5,397"
"2013-04-01","4,138"
"2013-04-02","4,698"
"2013-04-03","5,128"
"2013-04-04","4,844"
"2013-04-05","24"
"2013-04-07","1,680"
"2013-04-08","3,199"
"2013-04-09","2,800"
"2013-04-11","3,828"
"2013-04-12","20"
"2013-04-15","2,898"
"2013-04-16","1,660"
"2013-04-17","1,200"
"2013-04-18","1,879"
"2013-04-21","28,063"
"2013-04-22","8,094"
"2013-04-23","3,174"
"2013-04-25","825"
"2013-04-26","8"
"2013-04-28","2,107"
"2013-04-29","3,259"
"2013-04-30","4,710"
"2013-05-02","5,468"
"2013-05-03","76"
"2013-05-05","2,016"
"2013-05-06","2,125"
"2013-05-07","2,233"
"2013-05-08","2,832"
"2013-05-09","8,322"
"2013-05-10","16"
"2013-05-12","2,338"
"2013-05-13","1,566"
"2013-05-14","5,675"
"2013-05-15","3,114"
"2013-05-16","983"
"2013-05-17","18"
"2013-05-19","3,823"
"2013-05-20","3,711"
"2013-05-21","2,082"
"2013-05-22","14,625"
"2013-05-23","6,164"
"2013-05-24","79"
"2013-05-26","6,380"
"2013-05-27","2,653"
"2013-05-28","5,854"
"2013-05-30","6,943"
"2013-05-31","24"
"2013-06-02","2,657"
"2013-06-03","2,653"
"2013-06-04","876"
"2013-06-05","2,929"
"2013-06-06","3,147"
"2013-06-09","1,403"
"2013-06-10","1,916"
"2013-06-11","3,223"
"2013-06-12","1,729"
"2013-06-13","2,361"
"2013-06-14","16"
"2013-06-16","835"
"2013-06-17","1,895"
"2013-06-18","1,170"
"2013-06-19","2,543"
"2013-06-20","9,331"
"2013-06-21","23"
"2013-06-23","4,240"
"2013-06-24","4,591"
"2013-06-25","14,512"
"2013-06-26","9,508"
"2013-06-27","5,239"
"2013-06-28","5"
"2013-06-30","4,096"
"2013-07-01","25,500"
"2013-07-02","3,687"
"2013-07-03","3,437"
"2013-07-04","7,218"
"2013-07-05","124"
"2013-07-07","8,117"
"2013-07-08","23,111"
"2013-07-09","13,272"
"2013-07-10","8,730"
"2013-07-11","3,209"
"2013-07-12","9"
"2013-07-14","8,774"
"2013-07-15","3,209"
"2013-07-16","2,216"
"2013-07-17","4,418"
"2013-07-18","18,040"
"2013-07-19","12"
"2013-07-21","17,185"
"2013-07-22","4,790"
"2013-07-23","6,093"
"2013-07-24","9,877"
"2013-07-25","6,581"
"2013-07-26","9"
"2013-07-28","11,147"
"2013-07-29","8,123"
"2013-07-30","9,370"
"2013-07-31","13,227"
"2013-08-01","15,692"
"2013-08-04","5,947"
"2013-08-05","6,825"
"2013-08-06","7,233"
"2013-08-07","5,985"
"2013-08-08","3,503"
"2013-08-11","5,190"
"2013-08-12","5,936"
"2013-08-13","4,670"
"2013-08-14","6,808"
"2013-08-15","7,801"
"2013-08-16","24"
"2013-08-18","7,054"
"2013-08-19","8,188"
"2013-08-20","3,218"
"2013-08-23","42"
"2013-08-25","7,800"
"2013-08-26","8,374"
"2013-08-27","13,960"
"2013-08-29","25,322"
"2013-08-30","10"
"2013-09-01","27,314"
"2013-09-02","8,132"
"2013-09-03","7,146"
"2013-09-04","6,016"
"2013-09-05","7,102"
"2013-09-06","124"
"2013-09-08","38,505"
"2013-09-09","19,800"
"2013-09-10","26,380"
"2013-09-11","27,055"
"2013-09-12","51,479"
"2013-09-13","32"
"2013-09-16","5,384"
"2013-09-17","3,419"
"2013-09-19","2,715"
"2013-09-22","9,719"
"2013-09-23","4,505"
"2013-09-24","3,971"
"2013-09-25","2,356"
"2013-09-26","2,917"
"2013-09-29","5,688"
"2013-09-30","3,288"
"2013-10-01","5,489"
"2013-10-02","4,502"
"2013-10-03","6,529"
"2013-10-06","2,698"
"2013-10-07","4,212"
"2013-10-08","3,970"
"2013-10-09","1,846"
"2013-10-10","3,933"
"2013-10-17","3,514"
"2013-10-20","5,580"
"2013-10-21","7,784"
"2013-10-22","4,726"
"2013-10-23","2,515"
"2013-10-24","4,253"
"2013-10-27","6,224"
"2013-10-28","4,971"
"2013-10-29","3,962"
"2013-10-30","6,686"
"2013-10-31","2,920"
"2013-11-06","1,212"
"2013-11-07","6,500"
"2013-11-10","3,710"
"2013-11-11","8,525"
"2013-11-12","7,491"
"2013-11-13","9,800"
"2013-11-14","7,961"
"2013-11-21","34"
"2013-11-24","11,753"
"2013-11-25","8,896"
"2013-11-26","8,955"
"2013-11-27","2,548"
"2013-11-28","6,521"
"2013-12-01","12,245"
"2013-12-02","11,694"
"2013-12-03","14,017"
"2013-12-04","24,430"
"2013-12-05","11,681"
"2013-12-08","10,320"
"2013-12-09","2,843"
"2013-12-10","2,460"
"2013-12-11","5,936"
"2013-12-12","3,087"
"2013-12-15","13,063"
"2013-12-16","2,136"
"2013-12-18","4,793"
"2013-12-19","17,518"
"2013-12-22","14,672"
"2013-12-23","5,526"
"2013-12-24","8,149"
"2013-12-26","8,969"
"2013-12-29","8,642"
"2013-12-31","6,341"
"2014-01-01","11,201"
"2014-01-02","13,559"
"2014-01-05","13,051"
"2014-01-06","5,202"
"2014-01-07","4,780"
"2014-01-08","9,242"
"2014-01-09","15,786"
"2014-01-12","8,672"
"2014-01-13","12,696"
"2014-01-14","6,395"
"2014-01-16","9,152"
"2014-01-19","8,696"
"2014-01-20","4,935"
"2014-01-21","6,582"
"2014-01-22","14,000"
"2014-01-23","5,113"
"2014-01-26","7,787"
"2014-01-27","4,637"
"2014-01-28","8,799"
"2014-01-29","9,139"
"2014-02-02","5,263"
"2014-02-03","6,516"
"2014-02-04","6,889"
"2014-02-05","9,219"
"2014-02-06","4,660"
"2014-02-09","8,417"
"2014-02-10","13,732"
"2014-02-11","8,059"
"2014-02-12","7,657"
"2014-02-13","9,500"
"2014-02-16","6,474"
"2014-02-17","9,975"
"2014-02-18","11,868"
"2014-02-20","11,275"
"2014-02-23","26,476"
"2014-02-24","29,225"
"2014-02-25","23,472"
"2014-02-26","19,764"
"2014-03-03","15,363"
"2014-03-04","13,748"
"2014-03-05","16,767"
"2014-03-06","11,001"
"2014-03-09","10,352"
"2014-03-10","20,668"
"2014-03-11","9,871"
"2014-03-12","8,700"
"2014-03-13","9,782"
"2014-03-17","10,862"
"2014-03-18","14,253"
"2014-03-19","26,440"
"2014-03-20","10,288"
"2014-03-23","33,041"
"2014-03-24","9,487"
"2014-03-25","18,022"
"2014-03-26","20,032"
"2014-03-27","33,137"
"2014-03-31","37,259"
"2014-04-01","36,649"
"2014-04-02","48,087"
"2014-04-03","39,116"
"2014-04-06","16,809"
"2014-04-07","24,569"
"2014-04-09","12,153"
"2014-04-10","25,822"
"2014-04-13","17,411"
"2014-04-15","16,059"
"2014-04-16","17,166"
"2014-04-17","11,871"
"2014-04-20","16,372"
"2014-04-21","13,653"
"2014-04-22","15,189"
"2014-04-23","11,103"
"2014-04-27","15,943"
"2014-04-28","14,963"
"2014-04-29","9,921"
"2014-04-30","9,034"
"2014-05-04","17,225"
"2014-05-05","18,084"
"2014-05-06","20,240"
"2014-05-07","23,531"
"2014-05-08","14,890"
"2014-05-11","15,774"
"2014-05-12","11,081"
"2014-05-13","13,546"
"2014-05-15","13,330"
"2014-05-18","34,393"
"2014-05-19","15,397"
"2014-05-20","15,829"
"2014-05-21","30,883"
"2014-05-22","32,465"
"2014-05-25","34,142"
"2014-05-26","30,386"
"2014-05-27","22,580"
"2014-05-28","28,691"
"2014-06-01","36,002"
"2014-06-02","30,441"
"2014-06-03","26,131"
"2014-06-04","13,875"
"2014-06-05","15,013"
"2014-06-08","17,972"
"2014-06-09","14,751"
"2014-06-10","17,387"
"2014-06-11","17,338"
"2014-06-12","9,312"
"2014-06-15","11,027"
"2014-06-16","12,910"
"2014-06-17","13,538"
"2014-06-18","16,096"
"2014-06-19","10,424"
"2014-06-23","9,341"
"2014-06-24","22,329"
"2014-06-25","16,339"
"2014-06-26","16,829"
"2014-06-29","23,105"
"2014-06-30","13,698"
"2014-07-01","31,054"
"2014-07-02","21,985"
"2014-07-03","25,767"
"2014-07-06","16,236"
"2014-07-07","12,516"
"2014-07-08","23,598"
"2014-07-09","12,595"
"2014-07-10","14,997"
"2014-07-13","16,776"
"2014-07-14","23,217"
"2014-07-15","43,854"
"2014-07-16","17,046"
"2014-07-17","36,051"
"2014-07-20","31,542"
"2014-07-21","10,386"
"2014-07-22","14,532"
"2014-07-23","14,997"
"2014-07-24","24,293"
"2014-07-27","20,731"
"2014-07-28","12,034"
"2014-07-30","18,898"
"2014-07-31","15,395"
"2014-08-03","10,276"
"2014-08-04","5,823"
"2014-08-05","12,932"
"2014-08-06","13,744"
"2014-08-07","15,943"
"2014-08-12","12,332"
"2014-08-13","18,722"
"2014-08-14","12,542"
"2014-08-18","21,741"
"2014-08-19","19,296"
"2014-08-20","23,940"
"2014-08-21","60,888"
"2014-08-24","21,942"
"2014-08-25","39,519"
"2014-08-26","27,592"
"2014-08-27","30,371"
"2014-08-28","24,506"
"2014-08-31","16,368"
"2014-09-01","21,413"
"2014-09-03","6,513"
"2014-09-04","12,656"
"2014-09-07","17,860"
"2014-09-09","25,835"
"2014-09-10","14,735"
"2014-09-11","13,871"
"2014-09-14","20,062"
"2014-09-15","10,618"
"2014-09-16","9,547"
"2014-09-17","9,187"
"2014-09-18","17,957"
"2014-09-21","23,464"
"2014-09-22","49,134"
"2014-09-23","4,459"
"2014-09-24","3,639"
"2014-09-28","2,307"
"2014-09-29","5,196"
"2014-09-30","4,908"
"2014-10-08","2,278"
"2014-10-09","2,790"
"2014-10-12","8,325"
"2014-10-13","1,319"
"2014-10-14","2,301"
"2014-10-15","2,094"
"2014-10-16","4,600"
"2014-10-19","5,587"
"2014-10-20","2,568"
"2014-10-21","6,154"
"2014-10-22","2,475"
"2014-10-26","696"
"2014-10-27","3,552"
"2014-10-28","2,826"
"2014-10-30","10,432"
"2014-11-02","16,641"
"2014-11-03","11,686"
"2014-11-04","11,943"
"2014-11-05","7,928"
"2014-11-06","7,747"
"2014-11-09","9,213"
"2014-11-10","10,518"
"2014-11-11","13,103"
"2014-11-12","7,880"
"2014-11-13","10,094"
"2014-11-16","6,697"
"2014-11-17","15,256"
"2014-11-18","19,072"
"2014-11-19","13,333"
"2014-11-20","16,736"
"2014-11-23","15,235"
"2014-11-24","7,812"
"2014-11-25","6,216"
"2014-11-30","5,799"
"2014-12-01","5,443"
"2014-12-02","6,150"
"2014-12-03","6,184"
"2014-12-04","6,876"
"2014-12-07","4,277"
"2014-12-08","3,869"
"2014-12-09","6,504"
"2014-12-10","6,166"
"2014-12-11","8,593"
"2014-12-14","15,541"
"2014-12-15","12,852"
"2014-12-16","12,371"
"2014-12-17","6,206"
"2014-12-18","3,638"
"2014-12-21","7,519"
"2014-12-22","1,923"
"2014-12-23","7,729"
"2014-12-24","5,609"
"2014-12-28","9,915"
"2014-12-29","9,577"
"2014-12-31","5,078"
"2015-01-01","2,885"
"2015-01-04","10,141"
"2015-01-05","5,997"
"2015-01-06","4,233"
"2015-01-07","3,194"
"2015-01-08","6,057"
"2015-01-11","5,658"
"2015-01-12","6,543"
"2015-01-13","3,764"
"2015-01-14","3,228"
"2015-01-18","4,258"
"2015-01-19","18,358"
"2015-01-20","6,557"
"2015-01-22","4,675"
"2015-01-25","7,508"
"2015-01-26","5,119"
"2015-01-27","5,164"
"2015-01-28","3,413"
"2015-01-29","5,420"
"2015-02-01","2,689"
"2015-02-02","7,165"
"2015-02-03","6,849"
"2015-02-04","7,354"
"2015-02-05","3,995"
"2015-02-08","4,903"
"2015-02-09","4,741"
"2015-02-10","3,569"
"2015-02-11","3,173"
"2015-02-12","8,866"
"2015-02-15","2,163"
"2015-02-16","8,220"
"2015-02-18","8,435"
"2015-02-22","9,384"
"2015-02-23","4,938"
"2015-02-24","6,168"
"2015-02-25","7,842"
"2015-02-26","5,640"
"2015-03-01","6,081"
"2015-03-02","2,414"
"2015-03-03","5,973"
"2015-03-04","5,468"
"2015-03-09","5,187"
"2015-03-10","5,643"
"2015-03-11","5,980"
"2015-03-12","6,413"
"2015-03-15","2,971"
"2015-03-16","7,768"
"2015-03-17","5,584"
"2015-03-18","2,837"
"2015-03-19","4,245"
"2015-03-22","6,769"
"2015-03-23","6,849"
"2015-03-24","7,694"
"2015-03-25","2,788"
"2015-03-26","5,207"
"2015-03-29","3,338"
"2015-03-30","2,827"
"2015-03-31","5,649"
"2015-04-01","5,434"
"2015-04-02","3,669"
"2015-04-05","7,498"
"2015-04-06","10,692"
"2015-04-07","2,964"
"2015-04-08","3,947"
"2015-04-09","6,641"
"2015-04-12","5,586"
"2015-04-13","5,963"
"2015-04-15","3,600"
"2015-04-16","3,781"
"2015-04-19","8,188"
"2015-04-20","5,303"
"2015-04-21","5,048"
"2015-04-22","4,079"
"2015-04-23","5,154"
"2015-05-24","78"
"2015-05-25","687"
"2015-05-26","14,190"
"2015-05-27","15,629"
"2015-05-28","15,144"
"2015-05-31","14,083"
"2015-06-01","19,184"
"2015-06-02","12,889"
"2015-06-03","10,448"
"2015-06-04","8,422"
"2015-06-07","6,559"
"2015-06-08","14,817"
"2015-06-09","10,364"
"2015-06-10","10,793"
"2015-06-11","8,408"
"2015-06-14","9,087"
"2015-06-15","4,702"
"2015-06-16","3,093"
"2015-06-17","2,833"
"2015-06-18","1,706"
"2015-06-21","9,155"
"2015-06-22","8,027"
"2015-06-23","5,533"
"2015-06-24","5,663"
"2015-06-25","5,599"
"2015-06-28","23,550"
"2015-06-29","11,855"
"2015-06-30","5,101"
"2015-07-01","4,359"
"2015-07-02","7,448"
"2015-07-05","3,241"
"2015-07-06","7,651"
"2015-07-07","12,648"
"2015-07-08","4,622"
"2015-07-09","4,955"
"2015-07-12","7,716"
"2015-07-13","5,902"
"2015-07-14","5,198"
"2015-07-15","5,359"
"2015-07-16","6,146"
"2015-07-22","6,486"
"2015-07-23","5,826"
"2015-07-26","1,097"
"2015-07-27","5,283"
"2015-07-28","10,792"
"2015-07-29","6,964"
"2015-07-30","12,761"
"2015-08-02","4,888"
"2015-08-03","10,520"
"2015-08-04","6,581"
"2015-08-05","5,377"
"2015-08-06","7,725"
"2015-08-09","11,716"
"2015-08-10","20,089"
"2015-08-11","22,143"
"2015-08-12","17,240"
"2015-08-13","14,629"
"2015-08-16","14,744"
"2015-08-17","16,751"
"2015-08-18","22,529"
"2015-08-19","21,026"
"2015-08-20","21,635"
"2015-08-23","15,266"
"2015-08-24","19,792"
"2015-08-25","9,907"
"2015-08-26","9,292"
"2015-08-27","11,486"
"2015-08-31","17,950"
"2015-09-01","15,240"
"2015-09-02","22,485"
"2015-09-03","9,773"
"2015-09-06","11,638"
"2015-09-07","8,389"
"2015-09-08","16,462"
"2015-09-09","10,797"
"2015-09-10","12,209"
"2015-09-13","15,715"
"2015-09-14","9,413"
"2015-09-15","14,655"
"2015-09-16","15,336"
"2015-09-17","10,423"
"2015-09-22","7,460"
"2015-09-23","6,212"
"2015-09-24","8,454"
"2015-09-28","6,539"
"2015-09-29","7,109"
"2015-09-30","4,392"
"2015-10-01","3,972"
"2015-10-04","6,890"
"2015-10-05","4,438"
"2015-10-06","4,504"
"2015-10-07","6,100"
"2015-10-08","16,924"
"2015-10-11","4,734"
"2015-10-14","1,706"
"2015-10-15","1,097"
"2015-10-18","3,259"
"2015-10-19","8,342"
"2015-10-25","594"
"2015-10-27","4,523"
"2015-10-28","8,715"
"2015-10-29","3,504"
"2015-11-01","3,954"
"2015-11-02","3,760"
"2015-11-03","3,807"
"2015-11-04","3,333"
"2015-11-05","13,636"
"2015-11-08","9,539"
"2015-11-09","7,141"
"2015-11-10","3,560"
"2015-11-15","3,736"
"2015-11-16","2,608"
"2015-11-18","3,793"
"2015-11-19","3,899"
"2015-11-22","4,757"
"2015-11-23","4,937"
"2015-11-24","2,926"
"2015-11-25","11,043"
"2015-11-26","11,093"
"2015-11-29","9,834"
"2015-11-30","10,459"
"2015-12-01","6,250"
"2015-12-02","5,639"
"2015-12-03","6,245"
"2015-12-06","6,435"
"2015-12-07","12,758"
"2015-12-08","8,368"
"2015-12-09","9,028"
"2015-12-10","4,823"
"2015-12-13","6,608"
"2015-12-14","5,770"
"2015-12-15","6,640"
"2015-12-16","10,890"
"2015-12-17","32,247"
"2015-12-20","277"
"2015-12-21","3,103"
"2015-12-22","1,467"
"2015-12-23","1,163"
"2015-12-24","3,112"
"2015-12-27","2,954"
"2015-12-28","1,913"
"2015-12-29","1,327"
"2015-12-31","2,594"
"2016-01-03","6,394"
"2016-01-04","4,385"
"2016-01-05","5,242"
"2016-01-06","2,925"
"2016-01-07","5,932"
"2016-01-10","4,527"
"2016-01-11","5,873"
"2016-01-12","6,777"
"2016-01-13","3,070"
"2016-01-14","2,970"
"2016-01-17","3,340"
"2016-01-18","1,717"
"2016-01-19","984"
"2016-01-20","2,271"
"2016-01-21","3,304"
"2016-01-24","1,696"
"2016-01-25","2,150"
"2016-01-26","951"
"2016-01-27","919"
"2016-01-28","1,346"
"2016-01-31","2,684"
"2016-02-01","2,687"
"2016-02-02","1,274"
"2016-02-03","7,781"
"2016-02-04","1,164"
"2016-02-07","9,723"
"2016-02-08","6,467"
"2016-02-11","12,677"
"2016-02-14","8,093"
"2016-02-15","2,057"
"2016-02-16","1,647"
"2016-02-17","10,399"
"2016-02-18","9,468"
"2016-02-21","3,985"
"2016-02-22","7,730"
"2016-02-23","1,212"
"2016-02-24","2,349"
"2016-02-25","3,577"
"2016-02-28","4,144"
"2016-02-29","2,955"
"2016-03-01","6,760"
"2016-03-02","7,193"
"2016-03-03","3,343"
"2016-03-06","1,469"
"2016-03-10","3,051"
"2016-03-13","5,617"
"2016-03-14","7,586"
"2016-03-15","5,799"
"2016-03-16","3,347"
"2016-03-17","4,623"
"2016-03-20","15,320"
"2016-03-21","6,546"
"2016-03-23","6,726"
"2016-03-24","3,383"
"2016-03-27","12,256"
"2016-03-28","19,299"
"2016-03-29","17,364"
"2016-03-30","10,208"
"2016-03-31","13,219"
"2016-04-03","4,764"
"2016-04-04","7,023"
"2016-04-05","10,942"
"2016-04-06","5,438"
"2016-04-10","6,736"
"2016-04-11","5,353"
"2016-04-12","7,456"
"2016-04-14","3,113"
"2016-04-17","15,559"
"2016-04-18","5,492"
"2016-04-19","8,954"
"2016-04-20","11,231"
"2016-04-21","6,431"
"2016-04-24","27,535"
"2016-04-25","10,566"
"2016-04-26","8,164"
"2016-04-27","5,356"
"2016-04-28","4,314"
"2016-05-02","11,370"
"2016-05-03","14,387"
"2016-05-04","9,644"
"2016-05-05","6,342"
"2016-05-08","4,890"
"2016-05-09","11,658"
"2016-05-10","5,344"
"2016-05-11","5,017"
"2016-05-12","10,746"
"2016-05-15","16,595"
"2016-05-16","4,536"
"2016-05-17","18,874"
"2016-05-18","14,156"
"2016-05-19","12,986"
"2016-05-22","9,192"
"2016-05-23","20,537"
"2016-05-24","10,290"
"2016-05-25","14,530"
"2016-05-26","14,393"
"2016-05-29","23,985"
"2016-05-30","48,838"
"2016-05-31","97,255"
"2016-06-01","45,817"
"2016-06-02","18,850"
"2016-06-05","13,542"
"2016-06-06","13,522"
"2016-06-07","7,497"
"2016-06-08","10,193"
"2016-06-09","10,897"
"2016-06-12","13,432"
"2016-06-13","6,798"
"2016-06-14","13,551"
"2016-06-15","13,377"
"2016-06-16","14,575"
"2016-06-19","16,926"
"2016-06-20","10,664"
"2016-06-21","10,614"
"2016-06-22","24,505"
"2016-06-23","25,156"
"2016-06-26","14,717"
"2016-06-27","8,307"
"2016-06-28","18,336"
"2016-06-29","13,171"
"2016-06-30","12,874"
"2016-07-03","18,925"
"2016-07-04","12,735"
"2016-07-05","7,051"
"2016-07-06","15,686"
"2016-07-10","13,140"
"2016-07-11","13,098"
"2016-07-12","11,200"
"2016-07-13","14,484"
"2016-07-14","11,973"
"2016-07-17","3,562"
"2016-07-18","8,608"
"2016-07-19","7,528"
"2016-07-20","9,133"
"2016-07-21","5,974"
"2016-07-25","12,816"
"2016-07-26","15,897"
"2016-07-27","23,604"
"2016-07-28","6,657"
"2016-07-31","10,000"
"2016-08-01","7,615"
"2016-08-02","7,978"
"2016-08-03","6,283"
"2016-08-04","9,382"
"2016-08-07","6,949"
"2016-08-08","6,257"
"2016-08-09","170"
"2016-08-10","5,908"
"2016-08-11","3,058"
"2016-08-14","7,570"
"2016-08-15","7,776"
"2016-08-16","8,063"
"2016-08-17","7,449"
"2016-08-21","5,047"
"2016-08-22","6,770"
"2016-08-23","6,572"
"2016-08-24","7,442"
"2016-08-28","5,282"
"2016-08-29","11,341"
"2016-08-30","71,011"
"2016-08-31","9,813"
"2016-09-01","4,037"
"2016-09-04","9,147"
"2016-09-05","6,650"
"2016-09-06","5,232"
"2016-09-07","6,388"
"2016-09-08","34,560"
"2016-09-11","38,150"
"2016-09-12","12,258"
"2016-09-14","10,744"
"2016-09-18","18,274"
"2016-09-20","7,947"
"2016-09-21","11,773"
"2016-09-22","5,403"
"2016-09-25","6,551"
"2016-09-26","4,093"
"2016-09-27","3,900"
"2016-09-28","13,888"
"2016-09-29","10,589"
"2016-10-02","7,390"
"2016-10-03","9,567"
"2016-10-04","10,341"
"2016-10-05","13,441"
"2016-10-06","13,557"
"2016-10-16","4,690"
"2016-10-17","3,157"
"2016-10-18","3,069"
"2016-10-19","4,542"
"2016-10-20","6,590"
"2016-10-23","4,402"
"2016-10-24","5,956"
"2016-10-25","3,442"
"2016-10-26","4,471"
"2016-10-27","8,215"
"2016-11-03","3,473"
"2016-11-07","10,235"
"2016-11-08","5,750"
"2016-11-09","9,159"
"2016-11-10","6,838"
"2016-11-13","8,462"
"2016-11-14","7,342"
"2016-11-15","8,187"
"2016-11-16","10,094"
"2016-11-17","10,894"
"2016-11-20","8,841"
"2016-11-21","5,262"
"2016-11-22","7,247"
"2016-11-23","8,833"
"2016-11-24","6,437"
"2016-11-27","19,987"
"2016-11-28","13,725"
"2016-11-29","8,460"
"2016-11-30","11,229"
"2016-12-01","9,635"
"2016-12-04","6,879"
"2016-12-05","9,238"
"2016-12-06","12,334"
"2016-12-07","10,081"
"2016-12-08","4,056"
"2016-12-11","9,328"
"2016-12-12","8,582"
"2016-12-14","5,257"
"2016-12-15","17,273"
"2016-12-18","15,932"
"2016-12-19","10,490"
"2016-12-20","23,131"
"2016-12-21","10,975"
"2016-12-22","43,186"
"2016-12-26","7,683"
"2016-12-27","10,419"
"2016-12-28","9,429"
"2016-12-29","24,203"
"2017-01-01","12,046"
"2017-01-02","11,263"
"2017-01-03","6,109"
"2017-01-04","3,779"
"2017-01-05","6,201"
"2017-01-08","5,787"
"2017-01-09","3,187"
"2017-01-10","1,654"
"2017-01-11","2,318"
"2017-01-12","5,112"
"2017-01-15","680"
"2017-01-16","1,775"
"2017-01-17","3,867"
"2017-01-18","2,558"
"2017-01-19","5,854"
"2017-01-22","2,233"
"2017-01-23","1,208"
"2017-01-24","4,553"
"2017-01-25","3,943"
"2017-01-26","4,229"
"2017-01-30","8,571"
"2017-01-31","5,457"
"2017-02-01","4,272"
"2017-02-02","5,371"
"2017-02-05","3,355"
"2017-02-06","5,096"
"2017-02-07","18,763"
"2017-02-08","3,564"
"2017-02-09","3,664"
"2017-02-12","6,059"
"2017-02-13","17,591"
"2017-02-14","15,059"
"2017-02-15","9,467"
"2017-02-16","10,479"
"2017-02-19","9,475"
"2017-02-20","15,394"
"2017-02-21","6,961"
"2017-02-22","6,105"
"2017-02-23","2,885"
"2017-02-26","11,221"
"2017-02-28","3,227"
"2017-03-01","1,553"
"2017-03-02","2,241"
"2017-03-05","6,340"
"2017-03-06","6,639"
"2017-03-07","7,849"
"2017-03-09","4,564"
"2017-03-13","3,666"
"2017-03-14","4,108"
"2017-03-15","9,041"
"2017-03-16","5,422"
"2017-03-19","6,272"
"2017-03-20","6,779"
"2017-03-21","12,722"
"2017-03-22","28,981"
"2017-03-23","10,052"
"2017-03-26","16,026"
"2017-03-28","12,069"
"2017-03-29","21,835"
"2017-03-30","9,656"
"2017-04-02","7,234"
"2017-04-03","12,341"
"2017-04-04","4,727"
"2017-04-06","11,037"
"2017-04-09","6,325"
"2017-04-10","8,583"
"2017-04-11","6,002"
"2017-04-12","11,808"
"2017-04-13","5,894"
"2017-04-16","7,334"
"2017-04-18","10,402"
"2017-04-19","4,296"
"2017-04-20","5,025"
"2017-04-23","8,966"
"2017-04-24","1,777"
"2017-04-25","6,067"
"2017-04-26","7,129"
"2017-04-27","5,638"
"2017-04-30","9,279"
"2017-05-02","2,708"
"2017-05-03","4,891"
"2017-05-04","5,108"
"2017-05-07","6,717"
"2017-05-08","2,483"
"2017-05-09","9,106"
"2017-05-11","19,373"
"2017-05-15","12,837"
"2017-05-16","6,011"
"2017-05-17","949"
"2017-05-18","3,449"
"2017-05-21","6,643"
"2017-05-22","4,471"
"2017-05-23","3,091"
"2017-05-24","4,158"
"2017-05-28","9,934"
"2017-05-30","13,442"
"2017-05-31","5,724"
"2017-06-01","10,505"
"2017-06-04","4,819"
"2017-06-05","3,043"
"2017-06-06","11,949"
"2017-06-07","6,550"
"2017-06-08","4,450"
"2017-06-11","6,168"
"2017-06-12","4,484"
"2017-06-13","3,618"
"2017-06-14","1,123"
"2017-06-15","2,441"
"2017-06-18","2,359"
"2017-06-19","3,248"
"2017-06-20","4,048"
"2017-06-21","3,279"
"2017-06-22","1,854"
"2017-06-25","5,530"
"2017-06-27","2,249"
"2017-06-28","7,707"
"2017-07-02","3,374"
"2017-07-03","3,244"
"2017-07-04","3,289"
"2017-07-05","2,646"
"2017-07-06","4,280"
"2017-07-09","11,360"
"2017-07-10","6,601"
"2017-07-11","2,083"
"2017-07-12","15,624"
"2017-07-13","8,375"
"2017-07-16","2,469"
"2017-07-17","6,034"
"2017-07-18","11,041"
"2017-07-19","4,393"
"2017-07-20","6,610"
"2017-07-23","5,784"
"2017-07-24","6,086"
"2017-07-25","7,889"
"2017-07-26","6,815"
"2017-07-27","6,720"
"2017-07-30","3,947"
"2017-07-31","9,056"
"2017-08-01","11,748"
"2017-08-02","3,480"
"2017-08-03","12,550"
"2017-08-06","9,823"
"2017-08-07","9,166"
"2017-08-09","9,656"
"2017-08-10","9,472"
"2017-08-13","6,837"
"2017-08-15","4,131"
"2017-08-16","5,837"
"2017-08-17","8,692"
"2017-08-20","6,586"
"2017-08-21","4,459"
"2017-08-22","1,831"
"2017-08-23","2,525"
"2017-08-24","4,503"
"2017-08-27","4,039"
"2017-08-28","3,022"
"2017-08-30","5,921"
"2017-08-31","4,956"
"2017-09-04","6,857"
"2017-09-06","6,766"
"2017-09-07","4,657"
"2017-09-10","5,372"
"2017-09-11","4,634"
"2017-09-12","2,758"
"2017-09-13","4,620"
"2017-09-14","2,593"
"2017-09-17","6,799"
"2017-09-18","6,239"
"2017-09-20","2,888"
"2017-09-24","5,749"
"2017-09-25","2,422"
"2017-09-26","6,536"
"2017-10-03","8,734"
"2017-10-04","21,104"
"2017-10-08","10,718"
"2017-10-09","17,823"
"2017-10-10","11,184"
"2017-10-11","36,901"
"2017-10-12","84,808"
"2017-10-15","10,182"
"2017-10-16","22,782"
"2017-10-17","30,025"
"2017-10-18","44,422"
"2017-10-22","53,361"
"2017-10-23","7,825"
"2017-10-24","4,833"
"2017-10-25","5,893"
"2017-10-29","16,281"
"2017-10-30","4,175"
"2017-10-31","10,707"
"2017-11-01","6,022"
"2017-11-02","8,464"
"2017-11-05","14,180"
"2017-11-06","7,701"
"2017-11-07","8,011"
"2017-11-08","15,506"
"2017-11-09","6,570"
"2017-11-12","13,861"
"2017-11-13","39,163"
"2017-11-14","68,710"
"2017-11-15","45,234"
"2017-11-16","22,531"
"2017-11-19","9,786"
"2017-11-20","8,351"
"2017-11-21","11,240"
"2017-11-22","10,202"
"2017-11-23","12,262"
"2017-11-26","46,218"
"2017-11-27","69,469"
"2017-11-28","44,590"
"2017-11-29","62,416"
"2017-11-30","46,434"
"2017-12-04","17,790"
"2017-12-05","10,071"
"2017-12-06","13,237"
"2017-12-10","26,553"
"2017-12-11","17,274"
"2017-12-12","13,681"
"2017-12-13","14,011"
"2017-12-14","9,377"
"2017-12-17","13,175"
"2017-12-18","16,493"
"2017-12-19","9,790"
"2017-12-20","14,162"
"2017-12-21","10,697"
"2017-12-24","5,535"
"2017-12-26","22,480"
"2017-12-27","19,599"
"2017-12-28","6,444"
"2017-12-31","8,701"
"2018-01-01","17,693"
"2018-01-02","5,932"
"2018-01-03","4,558"
"2018-01-04","4,324"
"2018-01-07","7,112"
"2018-01-08","6,777"
"2018-01-09","10,397"
"2018-01-10","9,988"
"2018-01-14","12,479"
"2018-01-16","6,159"
"2018-01-17","5,438"
"2018-01-21","4,410"
"2018-01-22","3,622"
"2018-01-23","4,559"
"2018-01-24","5,504"
"2018-01-25","3,302"
"2018-01-28","4,555"
"2018-01-29","3,046"
"2018-01-31","2,571"
"2018-02-01","6,821"
"2018-02-04","4,102"
"2018-02-05","4,820"
"2018-02-06","5,510"
"2018-02-07","6,152"
"2018-02-08","4,113"
"2018-02-11","9,958"
"2018-02-12","3,733"
"2018-02-14","1,570"
"2018-02-15","5,833"
"2018-02-18","5,715"
"2018-02-20","1,341"
"2018-02-21","1,936"
"2018-02-22","8,451"
"2018-02-25","6,758"
"2018-02-26","7,010"
"2018-02-27","4,084"
"2018-02-28","7,979"
"2018-03-04","8,077"
"2018-03-05","7,455"
"2018-03-06","6,587"
"2018-03-07","6,195"
"2018-03-11","7,351"
"2018-03-12","11,023"
"2018-03-13","5,728"
"2018-03-14","3,345"
"2018-03-15","2,825"
"2018-03-18","4,112"
"2018-03-19","8,879"
"2018-03-20","4,763"
"2018-03-21","6,652"
"2018-03-22","17,788"
"2018-03-26","13,245"
"2018-03-27","6,066"
"2018-03-28","27,220"
"2018-03-29","11,280"
"2018-04-01","12,520"
"2018-04-02","8,890"
"2018-04-03","7,486"
"2018-04-04","6,147"
"2018-04-05","10,117"
"2018-04-08","13,684"
"2018-04-09","24,064"
"2018-04-10","12,480"
"2018-04-11","4,511"
"2018-04-12","17,199"
"2018-04-15","10,876"
"2018-04-16","10,684"
"2018-04-17","9,818"
"2018-04-18","39,260"
"2018-04-19","49,054"
"2018-04-22","30,381"
"2018-04-23","41,975"
"2018-04-24","19,937"
"2018-04-25","21,733"
"2018-04-26","13,870"
"2018-04-29","7,595"
"2018-05-02","5,671"
"2018-05-03","28,081"
"2018-05-06","9,425"
"2018-05-07","6,952"
"2018-05-08","6,343"
"2018-05-09","3,326"
"2018-05-10","8,641"
"2018-05-14","5,580"
"2018-05-15","3,709"
"2018-05-16","5,805"
"2018-05-17","7,015"
"2018-05-20","7,342"
"2018-05-21","5,194"
"2018-05-22","8,133"
"2018-05-23","5,372"
"2018-05-24","5,603"
"2018-05-27","6,464"
"2018-05-28","10,230"
"2018-05-29","7,744"
"2018-05-30","9,714"
"2018-05-31","3,459"
"2018-06-03","8,608"
"2018-06-04","10,075"
"2018-06-06","3,433"
"2018-06-07","6,415"
"2018-06-10","4,536"
"2018-06-11","6,710"
"2018-06-12","2,184"
"2018-06-13","1,365"
"2018-06-14","5,644"
"2018-06-17","2,697"
"2018-06-18","2,481"
"2018-06-19","7,186"
"2018-06-20","3,290"
"2018-06-21","5,621"
"2018-06-24","6,121"
"2018-06-25","4,903"
"2018-06-26","3,428"
"2018-06-27","2,406"
"2018-06-28","1,436"
"2018-07-01","3,045"
"2018-07-02","3,170"
"2018-07-03","1,025"
"2018-07-04","4,424"
"2018-07-05","8,565"
"2018-07-08","10,746"
"2018-07-09","3,762"
"2018-07-10","2,205"
"2018-07-11","4,333"
"2018-07-12","4,785"
"2018-07-15","4,153"
"2018-07-16","13,417"
"2018-07-17","2,819"
"2018-07-18","1,524"
"2018-07-19","6,197"
"2018-07-22","3,027"
"2018-07-23","3,451"
"2018-07-24","4,583"
"2018-07-25","5,535"
"2018-07-26","3,276"
"2018-07-29","2,689"
"2018-07-30","3,942"
"2018-07-31","2,735"
"2018-08-01","2,576"
"2018-08-02","3,020"
"2018-08-05","5,260"
"2018-08-06","2,336"
"2018-08-07","798"
"2018-08-08","2,889"
"2018-08-09","4,978"
"2018-08-12","6,933"
"2018-08-13","3,961"
"2018-08-14","2,347"
"2018-08-15","4,065"
"2018-08-16","9,035"
"2018-08-19","2,773"
"2018-08-20","11,450"
"2018-08-21","7,405"
"2018-08-22","1,491"
"2018-08-23","5,021"
"2018-08-26","2,520"
"2018-08-28","2,889"
"2018-08-29","8,783"
"2018-08-30","2,448"
"2018-09-02","2,143"
"2018-09-03","6,276"
"2018-09-04","4,551"
"2018-09-05","11,436"
"2018-09-06","4,442"
"2018-09-09","4,156"
"2018-09-10","3,398"
"2018-09-11","3,379"
"2018-09-12","3,578"
"2018-09-13","10,232"
"2018-09-16","8,871"
"2018-09-17","2,868"
"2018-09-18","12,662"
"2018-09-20","10,621"
"2018-09-23","16,540"
"2018-09-25","13,809"
"2018-09-26","9,694"
"2018-09-27","2,095"
"2018-09-30","7,852"
"2018-10-01","3,717"
"2018-10-02","13,001"
"2018-10-03","6,634"
"2018-10-04","9,553"
"2018-10-07","9,884"
"2018-10-08","4,048"
"2018-10-09","24,208"
"2018-10-10","15,286"
"2018-10-11","8,859"
"2018-10-14","7,370"
"2018-10-15","6,569"
"2018-10-21","685"
"2018-10-22","4,008"
"2018-10-23","7,432"
"2018-10-24","4,504"
"2018-10-25","7,054"
"2018-10-28","7,849"
"2018-10-29","4,469"
"2018-10-30","3,398"
"2018-10-31","5,400"
"2018-11-01","3,806"
"2018-11-04","1,274"
"2018-11-05","1,478"
"2018-11-06","220"
"2018-11-11","1,321"
"2018-11-12","3,167"
"2018-11-13","4,371"
"2018-11-14","2,693"
"2018-11-15","2,073"
"2018-11-18","6,165"
"2018-11-19","4,618"
"2018-11-20","4,291"
"2018-11-21","7,439"
"2018-11-22","2,238"
"2018-11-25","3,299"
"2018-11-26","5,038"
"2018-11-27","5,562"
"2018-11-28","2,745"
"2018-11-29","3,169"
"2018-12-02","8,225"
"2018-12-03","13,705"
"2018-12-04","9,402"
"2018-12-05","2,295"
"2018-12-06","10,563"
"2018-12-09","12,745"
"2018-12-10","8,775"
"2018-12-11","3,389"
"2018-12-12","17,051"
"2018-12-13","8,373"
"2018-12-16","6,035"
"2018-12-17","6,831"
"2018-12-18","7,178"
"2018-12-19","5,906"
"2018-12-20","6,466"
"2018-12-23","6,000"
"2018-12-24","4,960"
"2018-12-25","4,397"
"2018-12-26","5,359"
"2018-12-27","10,294"
"2018-12-30","6,113"
"2018-12-31","6,994"
"2019-01-01","9,450"
"2019-01-02","33,406"
"2019-01-03","7,208"
"2019-01-06","6,554"
"2019-01-07","3,644"
"2019-01-08","6,674"
"2019-01-09","4,984"
"2019-01-10","1,691"
"2019-01-13","5,280"
"2019-01-14","3,183"
"2019-01-15","3,616"
"2019-01-16","7,344"
"2019-01-17","3,441"
"2019-01-20","831"
"2019-01-21","3,307"
"2019-01-22","5,357"
"2019-01-23","4,624"
"2019-01-24","3,551"
"2019-01-27","3,694"
"2019-01-28","1,518"
"2019-01-29","5,080"
"2019-01-30","2,671"
"2019-01-31","6,805"
"2019-02-03","7,815"
"2019-02-04","4,082"
"2019-02-05","1,493"
"2019-02-06","3,457"
"2019-02-07","1,852"
"2019-02-10","2,933"
"2019-02-11","2,842"
"2019-02-12","6,479"
"2019-02-13","6,788"
"2019-02-14","8,611"
"2019-02-17","7,273"
"2019-02-18","6,082"
"2019-02-19","4,138"
"2019-02-20","2,324"
"2019-02-21","12,593"
"2019-02-24","7,533"
"2019-02-25","6,316"
"2019-02-26","8,349"
"2019-02-27","3,660"
"2019-03-03","8,469"
"2019-03-05","7,491"
"2019-03-06","6,311"
"2019-03-07","2,709"
"2019-03-10","1,514"
"2019-03-11","6,248"
"2019-03-12","5,618"
"2019-03-13","5,464"
"2019-03-14","2,089"
"2019-03-17","5,489"
"2019-03-18","4,595"
"2019-03-19","2,379"
"2019-03-21","6,634"
"2019-03-24","11,867"
"2019-03-25","2,979"
"2019-03-26","5,642"
"2019-03-27","3,383"
"2019-03-28","6,009"
"2019-03-31","3,591"
"2019-04-01","6,935"
"2019-04-02","7,424"
"2019-04-03","6,700"
"2019-04-04","4,064"
"2019-04-07","3,684"
"2019-04-08","5,095"
"2019-04-09","8,256"
"2019-04-10","4,115"
"2019-04-11","3,296"
"2019-04-15","2,127"
"2019-04-16","5,727"
"2019-04-17","6,341"
"2019-04-18","6,205"
"2019-04-21","12,473"
"2019-04-22","11,663"
"2019-04-23","5,193"
"2019-04-24","5,814"
"2019-04-25","17,447"
"2019-04-28","24,162"
"2019-04-29","31,391"
"2019-04-30","39,381"
"2019-05-02","19,098"
"2019-05-05","42,091"
"2019-05-06","13,725"
"2019-05-07","12,573"
"2019-05-08","5,828"
"2019-05-09","6,304"
"2019-05-12","2,941"
"2019-05-13","9,565"
"2019-05-14","5,115"
"2019-05-15","9,141"
"2019-05-16","6,133"
"2019-05-19","4,995"
"2019-05-20","5,013"
"2019-05-21","17,884"
"2019-05-22","30,537"
"2019-05-23","10,432"
"2019-05-26","6,880"
"2019-05-27","4,720"
"2019-05-28","2,525"
"2019-05-29","4,537"
"2019-05-30","16,122"
"2019-06-02","8,210"
"2019-06-03","2,201"
"2019-06-04","8,594"
"2019-06-06","2,102"
"2019-06-10","7,102"
"2019-06-11","6,978"
"2019-06-12","4,770"
"2019-06-13","4,000"
"2019-06-16","3,760"
"2019-06-17","2,946"
"2019-06-18","1,211"
"2019-06-19","2,490"
"2019-06-20","4,807"
"2019-06-23","44,658"
"2019-06-24","50,487"
"2019-06-25","8,764"
"2019-06-26","12,985"
"2019-06-27","16,409"
"2019-06-30","5,181"
"2019-07-01","11,124"
"2019-07-02","7,827"
"2019-07-03","5,674"
"2019-07-04","10,767"
"2019-07-07","7,192"
"2019-07-08","3,703"
"2019-07-09","1,489"
"2019-07-10","5,717"
"2019-07-11","7,814"
"2019-07-14","24,059"
"2019-07-15","19,014"
"2019-07-16","7,059"
"2019-07-17","2,900"
"2019-07-18","7,562"
"2019-07-21","4,600"
"2019-07-22","5,867"
"2019-07-23","8,075"
"2019-07-24","10,693"
"2019-07-25","7,730"
"2019-07-28","10,805"
"2019-07-29","8,601"
"2019-07-30","4,803"
"2019-07-31","4,090"
"2019-08-01","2,671"
"2019-08-04","4,193"
"2019-08-05","3,297"
"2019-08-06","3,573"
"2019-08-07","3,203"
"2019-08-08","17,066"
"2019-08-11","2,953"
"2019-08-12","4,543"
"2019-08-13","4,336"
"2019-08-14","3,334"
"2019-08-15","2,986"
"2019-08-18","5,521"
"2019-08-19","11,724"
"2019-08-20","6,743"
"2019-08-21","5,230"
"2019-08-22","6,564"
"2019-08-25","7,159"
"2019-08-26","8,129"
"2019-08-27","2,812"
"2019-08-28","5,474"
"2019-08-29","5,555"
"2019-09-01","2,444"
"2019-09-02","2,435"
"2019-09-03","7,921"
"2019-09-04","2,592"
"2019-09-05","4,016"
"2019-09-08","5,657"
"2019-09-09","4,208"
"2019-09-10","2,789"
"2019-09-11","2,192"
"2019-09-12","3,102"
"2019-09-15","6,085"
"2019-09-16","5,939"
"2019-09-17","4,217"
"2019-09-18","5,431"
"2019-09-19","2,521"
"2019-09-22","3,055"
"2019-09-23","5,238"
"2019-09-24","997"
"2019-09-25","3,785"
"2019-09-26","3,536"
"2019-09-29","6,003"
"2019-09-30","2,394"
"2019-10-01","2,210"
"2019-10-02","3,298"
"2019-10-03","1,670"
"2019-10-10","1,114"
"2019-10-14","914"
"2019-10-15","15,236"
"2019-10-16","3,397"
"2019-10-17","707"
"2019-10-21","2,559"
"2019-10-22","2,371"
"2019-10-23","1,698"
"2019-10-24","1,991"
"2019-10-31","3,626"
"2019-11-03","4,748"
"2019-11-04","26,737"
"2019-11-05","15,750"
"2019-11-06","8,452"
"2019-11-07","8,280"
"2019-11-10","15,961"
"2019-11-11","23,584"
"2019-11-12","55,110"
"2019-11-13","7,846"
"2019-11-14","3,929"
"2019-11-17","7,011"
"2019-11-18","4,015"
"2019-11-19","4,275"
"2019-11-20","10,647"
"2019-11-21","7,165"
"2019-11-24","1,083"
"2019-11-25","2,958"
"2019-11-26","5,931"
"2019-11-27","9,564"
"2019-11-28","3,148"
"2019-12-01","2,653"
"2019-12-02","3,457"
"2019-12-03","2,416"
"2019-12-04","3,756"
"2019-12-05","3,475"
"2019-12-08","2,460"
"2019-12-09","6,733"
"2019-12-10","3,185"
"2019-12-11","3,757"
"2019-12-12","8,095"
"2019-12-15","5,361"
"2019-12-16","4,638"
"2019-12-17","1,716"
"2019-12-18","3,297"
"2019-12-19","4,671"
"2019-12-22","4,772"
"2019-12-23","7,433"
"2019-12-24","9,139"
"2019-12-25","3,646"
"2019-12-26","7,075"
"2019-12-29","3,104"
"2019-12-30","4,739"
"2019-12-31","1,917"
"2020-01-01","3,684"
"2020-01-02","4,187"
"2020-01-05","9,565"
"2020-01-06","9,991"
"2020-01-07","15,378"
"2020-01-08","4,940"
"2020-01-09","3,624"
"2020-01-12","16,785"
"2020-01-13","41,254"
"2020-01-14","12,724"
"2020-01-15","8,309"
"2020-01-16","14,876"
"2020-01-19","27,229"
"2020-01-20","20,107"
"2020-01-21","8,535"
"2020-01-22","5,397"
"2020-01-23","9,427"
"2020-01-26","9,241"
"2020-01-27","23,707"
"2020-01-28","5,090"
"2020-01-29","4,206"
"2020-01-30","11,711"
"2020-02-02","11,965"
"2020-02-03","69,102"
"2020-02-04","20,052"
"2020-02-05","9,496"
"2020-02-06","9,033"
"2020-02-09","6,057"
"2020-02-10","19,875"
"2020-02-11","8,411"
"2020-02-12","8,267"
"2020-02-13","8,683"
"2020-02-16","9,758"
"2020-02-17","21,474"
"2020-02-18","19,955"
"2020-02-19","11,546"
"2020-02-20","23,287"
"2020-02-23","58,187"
"2020-02-24","50,982"
"2020-02-25","44,922"
"2020-02-26","42,396"
"2020-02-27","42,707"
"2020-03-01","53,787"
"2020-03-02","21,540"
"2020-03-03","35,703"
"2020-03-04","26,271"
"2020-03-05","23,092"
"2020-03-10","17,452"
"2020-03-11","21,086"
"2020-03-12","17,578"
"2020-03-15","34,556"
"2020-03-16","23,556"
"2020-03-17","23,915"
"2020-03-18","16,739"
"2020-03-19","19,527"
"2020-03-22","2,509"
"2020-05-12","50"
"2020-05-13","51"
"2020-06-29","5,338"
"2020-06-30","6,525"
"2020-07-01","3,171"
"2020-07-02","5,004"
"2020-07-05","6,698"
"2020-07-06","9,230"
"2020-07-07","16,422"
"2020-07-08","9,304"
"2020-07-09","6,423"
"2020-07-12","6,032"
"2020-07-13","6,600"
"2020-07-14","5,449"
"2020-07-15","10,059"
"2020-07-16","8,689"
"2020-07-19","146"
"2020-07-20","19,025"
"2020-07-21","20,332"
"2020-07-22","19,904"
"2020-07-23","5,272"
"2020-07-26","9,735"
"2020-07-27","13,078"
"2020-07-28","6,633"
"2020-07-29","11,451"
"2020-07-30","11,767"
"2020-08-02","21,844"
"2020-08-03","21,082"
"2020-08-05","33,476"
"2020-08-06","7,662"
"2020-08-09","5,027"
"2020-08-10","12,946"
"2020-08-11","13,826"
"2020-08-12","6,576"
"2020-08-13","11,959"
"2020-08-16","16,799"
"2020-08-17","9,906"
"2020-08-18","5,449"
"2020-08-19","15,122"
"2020-08-20","1,820"
"2020-08-23","13,940"
"2020-08-24","20,152"
"2020-08-25","14,421"
"2020-08-26","19,760"
"2020-08-27","22,491"
"2020-08-30","7,395"
"2020-08-31","30,286"
"2020-09-02","95,110"
"2020-09-03","64,540"
"2020-09-06","41,945"
"2020-09-07","34,165"
"2020-09-08","180,612"
"2020-09-09","43,812"
"2020-09-10","36,416"
"2020-09-13","52,357"
"2020-09-14","50,010"
"2020-09-15","27,775"
"2020-09-16","55,982"
"2020-09-17","205,276"
"2020-09-20","57,368"
"2020-09-21","74,701"
"2020-09-22","43,594"
"2020-09-23","46,463"
"2020-09-24","100,031"
"2020-09-27","105,312"
"2020-09-28","73,495"
"2020-09-29","25,350"
"2020-09-30","23,735"
"2020-10-01","39,032"
"2020-10-04","27,092"
"2020-10-05","47,360"
"2020-10-06","67,888"
"2020-10-07","118,399"
"2020-10-08","38,529"
"2020-10-11","32,235"
"2020-10-12","24,678"
"2020-10-13","16,482"
"2020-10-14","22,776"
"2020-10-15","24,866"
"2020-10-18","20,888"
"2020-10-19","28,529"
"2020-10-20","31,617"
"2020-10-21","10,351"
"2020-10-22","11,575"
"2020-10-28","41,648"
"2020-10-29","25,791"
"2020-11-01","23,675"
"2020-11-02","29,884"
"2020-11-03","7,283"
"2020-11-04","12,398"
"2020-11-05","29,924"
"2020-11-08","58,057"
"2020-11-09","49,733"
"2020-11-10","21,312"
"2020-11-11","37,433"
"2020-11-12","44,849"
"2020-11-18","16,681"
"2020-11-19","40,170"
"2020-11-22","41,453"
"2020-11-23","32,854"
"2020-11-24","63,692"
"2020-11-25","130,451"
"2020-11-26","185,046"
"2020-11-29","194,166"
"2020-11-30","134,768"
"2020-12-01","190,149"
"2020-12-02","260,720"
"2020-12-03","155,485"
"2020-12-06","83,959"
"2020-12-07","87,073"
"2020-12-08","231,554"
"2020-12-09","110,491"
"2020-12-10","169,808"
"2020-12-13","243,366"
"2020-12-14","54,691"
"2020-12-15","65,180"
"2020-12-16","54,345"
"2020-12-17","50,137"
"2020-12-20","68,169"
"2020-12-21","65,308"
"2020-12-22","34,294"
"2020-12-23","28,357"
"2020-12-24","20,004"
"2020-12-27","25,644"
"2020-12-28","24,034"
"2020-12-29","16,742"
"2020-12-30","23,310"
"2020-12-31","60,113"
"2021-01-03","96,591"
"2021-01-04","106,558"
"2021-01-05","58,066"
"2021-01-06","59,430"
"2021-01-07","456,566"
"2021-01-10","165,988"
"2021-01-11","115,326"
"2021-01-12","60,404"
"2021-01-13","104,274"
"2021-01-17","120,910"
"2021-01-18","29,496"
"2021-01-19","40,451"
"2021-01-20","52,477"
"2021-01-21","52,987"
"2021-01-24","77,516"
"2021-01-25","55,764"
"2021-01-26","72,244"
"2021-01-27","32,787"
"2021-01-28","35,282"
"2021-01-31","55,976"
"2021-02-01","32,434"
"2021-02-02","59,693"
"2021-02-03","78,286"
"2021-02-04","43,859"
"2021-02-07","274,191"
"2021-02-08","101,376"
"2021-02-09","51,311"
"2021-02-10","68,890"
"2021-02-11","47,901"
"2021-02-14","45,728"
"2021-02-15","52,137"
"2021-02-16","38,017"
"2021-02-17","31,524"
"2021-02-18","65,251"
"2021-02-21","62,039"
"2021-02-22","87,328"
"2021-02-23","51,255"
"2021-02-24","40,132"
"2021-02-25","48,048"
"2021-02-28","88,154"
"2021-03-01","46,730"
"2021-03-02","39,048"
"2021-03-03","33,657"
"2021-03-04","47,701"
"2021-03-07","19,977"
"2021-03-09","34,344"
"2021-03-10","23,647"
"2021-03-14","40,660"
"2021-03-15","31,881"
"2021-03-16","23,389"
"2021-03-17","16,689"
"2021-03-18","19,626"
"2021-03-21","38,735"
"2021-03-22","66,610"
"2021-03-23","126,082"
"2021-03-24","67,341"
"2021-03-25","38,455"
"2021-03-29","21,466"
"2021-03-30","69,872"
"2021-03-31","36,358"
"2021-04-01","76,435"
"2021-04-04","180,491"
"2021-04-05","131,295"
"2021-04-06","466,569"
"2021-04-07","322,266"
"2021-04-08","114,625"
"2021-04-12","166,415"
"2021-04-13","87,270"
"2021-04-15","79,400"
"2021-04-18","63,123"
"2021-04-19","71,966"
"2021-04-20","69,937"
"2021-04-21","61,181"
"2021-04-22","42,936"
"2021-04-25","86,718"
"2021-04-26","79,172"
"2021-04-27","53,482"
"2021-04-28","29,186"
"2021-04-29","62,054"
"2021-05-02","94,369"
"2021-05-03","82,826"
"2021-05-04","65,048"
"2021-05-05","50,037"
"2021-05-06","45,712"
"2021-05-09","43,412"
"2021-05-10","26,397"
"2021-05-11","36,876"
"2021-05-12","41,168"
"2021-05-13","54,311"
"2021-05-16","333,148"
"2021-05-17","156,797"
"2021-05-18","243,302"
"2021-05-19","225,581"
"2021-05-20","140,425"
"2021-05-23","165,392"
"2021-05-24","120,297"
"2021-05-25","195,785"
"2021-05-27","500,884"
"2021-05-30","457,896"
"2021-05-31","288,328"
"2021-06-01","203,668"
"2021-06-02","214,359"
"2021-06-03","158,135"
"2021-06-06","141,090"
"2021-06-07","129,893"
"2021-06-08","142,704"
"2021-06-09","132,303"
"2021-06-10","170,845"
"2021-06-13","314,185"
"2021-06-14","228,514"
"2021-06-15","132,439"
"2021-06-16","209,023"
"2021-06-17","119,161"
"2021-06-20","147,208"
"2021-06-21","128,244"
"2021-06-22","84,690"
"2021-06-23","82,924"
"2021-06-24","67,101"
"2021-06-27","63,624"
"2021-06-28","94,279"
"2021-06-29","104,596"
"2021-06-30","78,842"
"2021-07-01","94,543"
"2021-07-04","31,393"
"2021-07-05","35,928"
"2021-07-06","26,525"
"2021-07-07","27,046"
"2021-07-08","31,207"
"2021-07-11","60,075"
"2021-07-12","57,246"
"2021-07-13","16,191"
"2021-07-14","32,066"
"2021-07-15","63,413"
"2021-07-18","106,674"
"2021-07-19","42,023"
"2021-07-20","27,866"
"2021-07-22","58,822"
"2021-07-25","59,953"
"2021-07-26","128,973"
"2021-07-27","122,914"
"2021-07-28","132,631"
"2021-07-29","77,764"
"2021-08-01","48,629"
"2021-08-02","64,110"
"2021-08-03","57,536"
"2021-08-04","314,643"
"2021-08-05","117,120"
"2021-08-08","221,615"
"2021-08-09","252,684"
"2021-08-10","143,454"
"2021-08-11","193,835"
"2021-08-12","195,988"
"2021-08-15","195,353"
"2021-08-16","53,666"
"2021-08-17","125,161"
"2021-08-18","148,738"
"2021-08-19","87,739"
"2021-08-24","111,785"
"2021-08-25","82,491"
"2021-08-26","75,100"
"2021-08-29","45,104"
"2021-08-31","83,846"
"2021-09-01","55,682"
"2021-09-02","110,824"
"2021-09-05","96,927"
"2021-09-06","86,968"
"2021-09-07","93,181"
"2021-09-08","46,000"
"2021-09-09","37,563"
"2021-09-12","67,036"
"2021-09-13","57,935"
"2021-09-14","21,726"
"2021-09-15","25,779"
"2021-09-16","70,862"
"2021-09-20","69,068"
"2021-09-21","49,291"
"2021-09-22","33,535"
"2021-09-23","43,041"
"2021-09-26","28,642"
"2021-09-27","36,758"
"2021-09-28","42,330"
"2021-09-29","28,542"
"2021-09-30","21,863"
"2021-10-03","37,384"
"2021-10-04","19,831"
"2021-10-05","28,604"
"2021-10-06","23,452"
"2021-10-10","57,047"
"2021-10-11","41,907"
"2021-10-17","14,249"
"2021-10-18","18,290"
"2021-10-19","67,622"
"2021-10-20","25,177"
"2021-10-21","15,723"
"2021-10-24","19,108"
"2021-10-25","23,146"
"2021-10-26","52,823"
"2021-10-27","33,255"
"2021-10-28","49,139"
"2021-10-31","84,130"
"2021-11-01","44,933"
"2021-11-02","30,386"
"2021-11-03","66,704"
"2021-11-08","34,840"
"2021-11-09","51,546"
"2021-11-11","38,984"
"2021-11-14","27,590"
"2021-11-15","25,389"
"2021-11-16","36,603"
"2021-11-17","36,144"
"2021-11-18","30,500"
"2021-11-21","13,536"
"2021-11-22","21,224"
"2021-11-23","21,023"
"2021-11-24","22,113"
"2021-11-25","20,384"
"2021-11-28","32,895"
"2021-11-29","24,233"
"2021-11-30","21,416"
"2021-12-01","19,605"
"2021-12-02","22,315"
"2021-12-05","23,873"
"2021-12-06","28,789"
"2021-12-07","24,301"
"2021-12-08","25,893"
"2021-12-09","17,213"
"2021-12-12","69,161"
"2021-12-13","46,744"
"2021-12-14","10,347"
"2021-12-15","32,588"
"2021-12-16","11,612"
"2021-12-20","19,893"
"2021-12-21","26,096"
"2021-12-22","24,073"
"2021-12-23","24,692"
"2021-12-26","19,042"
"2021-12-27","25,259"
"2021-12-28","16,851"
"2021-12-29","44,152"
"2022-01-02","20,494"
"2022-01-03","15,874"
"2022-01-04","38,710"
"2022-01-05","40,763"
"2022-01-06","40,138"
"2022-01-09","58,107"
"2022-01-10","78,189"
"2022-01-11","70,875"
"2022-01-12","56,320"
"2022-01-13","43,627"
"2022-01-16","72,881"
"2022-01-17","59,858"
"2022-01-18","38,436"
"2022-01-19","43,474"
"2022-01-20","33,977"
"2022-01-23","25,562"
"2022-01-24","54,322"
"2022-01-25","31,911"
"2022-01-26","22,163"
"2022-01-27","24,787"
"2022-01-30","35,427"
"2022-01-31","30,417"
"2022-02-01","43,049"
"2022-02-03","37,917"
"2022-02-06","14,150"
"2022-02-07","15,774"
"2022-02-08","38,072"
"2022-02-09","14,494"
"2022-02-10","15,201"
"2022-02-13","27,270"
"2022-02-14","17,726"
"2022-02-15","24,633"
"2022-02-16","16,452"
"2022-02-17","14,120"
"2022-02-20","33,651"
"2022-02-21","22,051"
"2022-02-22","31,378"
"2022-02-23","30,070"
"2022-02-24","35,946"
"2022-02-27","36,488"
"2022-02-28","50,730"
"2022-03-02","23,831"
"2022-03-06","15,994"
"2022-03-07","13,391"
"2022-03-09","28,676"
"2022-03-10","19,313"
"2022-03-13","29,449"
"2022-03-14","5,260"
"2022-03-15","27,517"
"2022-03-16","20,454"
"2022-03-20","10,252"
"2022-03-21","21,746"
"2022-03-22","22,571"
"2022-03-23","25,458"
"2022-03-24","35,080"
"2022-03-27","27,625"
"2022-03-28","33,443"
"2022-03-29","38,827"
"2022-03-30","21,823"
"2022-03-31","10,559"
"2022-04-03","22,632"
"2022-04-04","22,383"
"2022-04-05","27,134"
"2022-04-06","27,003"
"2022-04-07","27,480"
"2022-04-11","17,671"
"2022-04-12","13,902"
"2022-04-13","15,025"
"2022-04-17","13,022"
"2022-04-18","9,708"
"2022-04-19","15,502"
"2022-04-20","20,155"
"2022-04-21","17,216"
"2022-04-24","20,691"
"2022-04-25","15,247"
"2022-04-26","17,771"
"2022-04-27","10,411"
"2022-04-28","14,177"
"2022-05-02","19,313"
"2022-05-04","13,654"
"2022-05-05","8,272"
"2022-05-08","17,486"
"2022-05-09","18,980"
"2022-05-10","24,327"
"2022-05-11","20,020"
"2022-05-12","24,591"
"2022-05-17","16,394"
"2022-05-18","13,115"
"2022-05-19","15,865"
"2022-05-20","7,082"
"2022-05-23","14,451"
"2022-05-24","6,782"
"2022-05-25","9,973"
"2022-05-26","6,623"
"2022-05-27","7,353"
"2022-05-30","15,538"
"2022-05-31","18,334"
"2022-06-01","15,491"
"2022-06-02","6,623"
"2022-06-03","14,031"
"2022-06-06","13,009"
"2022-06-07","37,453"
"2022-06-08","23,153"
"2022-06-09","16,750"
"2022-06-10","8,960"
"2022-06-13","7,280"
"2022-06-14","21,090"
"2022-06-15","17,572"
"2022-06-16","12,656"
"2022-06-17","3,763"
"2022-06-19","28,621"
"2022-06-20","24,049"
"2022-06-21","21,032"
"2022-06-22","11,488"
"2022-06-23","25,968"
"2022-06-24","28,614"
"2022-06-26","32,125"
"2022-06-27","28,746"
"2022-06-28","31,225"
"2022-06-29","29,289"
"2022-06-30","40,645"
"2022-07-01","9,098"
"2022-07-03","26,466"
"2022-07-04","48,882"
"2022-07-05","29,168"
"2022-07-06","29,966"
"2022-07-07","18,200"
"2022-07-08","14,290"
"2022-07-11","22,166"
"2022-07-12","10,654"
"2022-07-13","19,536"
"2022-07-14","10,609"
"2022-07-15","6,650"
"2022-07-17","8,376"
"2022-07-18","6,154"
"2022-07-19","15,021"
"2022-07-20","11,609"
"2022-07-21","6,245"
"2022-07-22","12,630"
"2022-07-24","25,759"
"2022-07-25","18,878"
"2022-07-26","20,338"
"2022-07-27","25,388"
"2022-07-28","34,107"
"2022-07-29","13,211"
"2022-07-31","30,495"
"2022-08-01","71,972"
"2022-08-02","66,500"
"2022-08-03","39,004"
"2022-08-04","44,245"
"2022-08-05","33,512"
"2022-08-07","19,034"
"2022-08-08","19,060"
"2022-08-09","25,566"
"2022-08-10","15,759"
"2022-08-11","11,572"
"2022-08-14","10,597"
"2022-08-15","17,888"
"2022-08-16","17,142"
"2022-08-17","14,160"
"2022-08-18","11,716"
"2022-08-21","11,712"
"2022-08-22","6,234"
"2022-08-23","8,414"
"2022-08-24","10,822"
"2022-08-25","20,402"
"2022-08-26","11,577"
"2022-08-28","30,877"
"2022-08-29","14,627"
"2022-08-30","13,898"
"2022-08-31","9,223"
"2022-09-01","42,280"
"2022-09-02","8,303"
"2022-09-04","6,961"
"2022-09-05","7,949"
"2022-09-06","10,235"
"2022-09-07","9,459"
"2022-09-08","11,783"
"2022-09-11","11,753"
"2022-09-12","10,458"
"2022-09-13","11,776"
"2022-09-14","15,596"
"2022-09-15","16,209"
"2022-09-16","3,943"
"2022-09-18","15,370"
"2022-09-20","18,007"
"2022-09-21","5,270"
"2022-09-22","5,635"
"2022-09-25","10,854"
"2022-09-27","6,167"
"2022-09-28","11,004"
"2022-09-29","2,899"
"2022-10-09","2,778"
"2022-10-10","8,533"
"2022-10-11","8,827"
"2022-10-12","23,542"
"2022-10-13","9,115"
"2022-10-16","8,019"
"2022-10-17","7,932"
"2022-10-19","4,476"
"2022-10-20","4,378"
"2022-10-23","2,430"
"2022-10-31","4,839"
"2022-11-01","8,946"
"2022-11-02","11,686"
"2022-11-03","4,777"
"2022-11-06","13,407"
"2022-11-07","16,006"
"2022-11-08","3,105"
"2022-11-09","10,876"
"2022-11-10","12,801"
"2022-11-13","4,665"
"2022-11-14","7,071"
"2022-11-15","1,883"
"2022-11-16","6,736"
"2022-11-17","7,191"
"2022-11-22","8,990"
"2022-11-23","5,386"
"2022-11-24","5,862"
"2022-11-27","16,253"
"2022-11-28","7,144"
"2022-11-29","5,996"
"2022-11-30","6,641"
"2022-12-01","12,126"
"2022-12-04","21,239"
"2022-12-05","9,863"
"2022-12-06","6,357"
"2022-12-07","39,436"
"2022-12-11","27,241"
"2022-12-12","19,118"
"2022-12-13","7,138"
"2022-12-14","8,865"
"2022-12-15","31,644"
"2022-12-18","13,306"
"2022-12-19","10,786"
"2022-12-20","7,738"
"2022-12-21","2,002"
"2022-12-22","4,888"
"2022-12-26","14,908"
"2022-12-27","25,384"
"2022-12-28","15,928"
"2022-12-29","27,898"
"2023-01-01","34,437"
"2023-01-02","18,212"
"2023-01-03","36,604"
"2023-01-04","79,968"
"2023-01-05","22,755"
"2023-01-08","35,476"
"2023-01-09","38,507"
"2023-01-10","82,948"
"2023-01-12","43,543"
"2023-01-17","31,701"
"2023-01-18","25,874"
"2023-01-19","18,480"
"2023-01-23","23,388"
"2023-01-24","27,610"
"2023-01-25","28,233"
"2023-01-26","43,149"
"2023-01-29","99,838"
"2023-01-30","133,707"
"2023-01-31","62,392"
"2023-02-01","33,528"
"2023-02-02","97,262"
"2023-02-05","105,338"
"2023-02-06","72,702"
"2023-02-07","55,497"
"2023-02-08","43,788"
"2023-02-09","32,508"
"2023-02-12","35,337"
"2023-02-14","27,749"
"2023-02-15","29,074"
"2023-02-16","18,948"
"2023-02-20","23,901"
"2023-02-22","17,199"
"2023-02-23","25,771"
"2023-02-26","30,669"
"2023-02-27","49,232"
"2023-02-28","28,356"
"2023-03-01","37,874"
"2023-03-02","30,451"
"2023-03-05","47,123"
"2023-03-07","25,903"
"2023-03-09","46,032"
"2023-03-12","31,054"
"2023-03-13","17,449"
"2023-03-14","12,493"
"2023-03-15","21,201"
"2023-03-16","17,584"
"2023-03-19","21,725"
"2023-03-20","27,736"
"2023-03-22","30,165"
"2023-03-23","37,595"
"2023-03-26","48,864"
"2023-03-27","21,870"
"2023-03-28","32,287"
"2023-03-29","20,920"
"2023-03-30","22,096"
"2023-04-02","22,885"
"2023-04-03","9,977"
"2023-04-04","15,753"
"2023-04-05","15,665"
"2023-04-06","10,530"
"2023-04-09","19,846"
"2023-04-10","33,545"
"2023-04-11","18,487"
"2023-04-12","44,824"
"2023-04-13","74,302"
"2023-04-16","22,297"
"2023-04-17","14,768"
"2023-04-18","12,955"
"2023-04-19","17,530"
"2023-04-20","18,217"
"2023-04-23","11,965"
"2023-04-24","12,793"
"2023-04-25","9,530"
"2023-04-26","12,898"
"2023-04-27","14,988"
"2023-04-30","9,413"
"2023-05-02","13,898"
"2023-05-03","11,516"
"2023-05-04","23,897"
"2023-05-07","7,874"
"2023-05-08","5,671"
"2023-05-09","14,580"
"2023-05-10","10,299"
"2023-05-11","8,713"
"2023-05-14","8,708"
"2023-05-15","10,732"
"2023-05-16","13,540"
"2023-05-17","9,948"
"2023-05-18","13,329"
"2023-05-21","22,216"
"2023-05-22","19,491"
"2023-05-23","24,681"
"2023-05-24","32,616"
"2023-05-28","167,267"
"2023-05-30","139,906"
"2023-05-31","73,853"
"2023-06-01","62,693"
"2023-06-04","124,737"
"2023-06-05","169,358"
"2023-06-06","109,226"
"2023-06-07","95,783"
"2023-06-08","71,551"
"2023-06-11","64,056"
"2023-06-12","87,662"
"2023-06-13","110,904"
"2023-06-14","132,993"
"2023-06-15","92,528"
"2023-06-18","109,159"
"2023-06-19","62,490"
"2023-06-20","74,305"
"2023-06-21","60,096"
"2023-06-22","59,662"
"2023-06-25","70,400"
"2023-06-26","88,433"
"2023-06-27","63,052"
"2023-06-28","61,791"
"2023-07-02","74,363"
"2023-07-03","49,309"
"2023-07-04","30,538"
"2023-07-05","51,426"
"2023-07-06","38,956"
"2023-07-09","25,452"
"2023-07-10","38,126"
"2023-07-11","35,610"
"2023-07-12","42,727"
"2023-07-13","137,436"
"2023-07-16","22,932"
"2023-07-17","19,304"
"2023-07-18","29,745"
"2023-07-19","19,101"
"2023-07-20","43,400"
"2023-07-23","43,051"
"2023-07-24","38,572"
"2023-07-25","40,466"
"2023-07-26","28,882"
"2023-07-27","38,872"
"2023-07-30","43,464"
"2023-07-31","34,780"
"2023-08-01","34,131"
"2023-08-02","27,099"
"2023-08-03","28,979"
"2023-08-06","59,723"
"2023-08-07","31,254"
"2023-08-08","33,023"
"2023-08-09","32,245"
"2023-08-10","38,479"
"2023-08-13","64,995"
"2023-08-14","39,335"
"2023-08-15","31,776"
"2023-08-16","24,912"
"2023-08-17","21,422"
"2023-08-20","30,301"
"2023-08-21","34,714"
"2023-08-22","22,682"
"2023-08-23","18,182"
"2023-08-24","20,945"
"2023-08-27","21,746"
"2023-08-28","15,735"
"2023-08-29","11,106"
"2023-08-30","8,689"
"2023-09-03","18,174"
"2023-09-04","15,980"
"2023-09-05","7,621"
"2023-09-07","29,337"
"2023-09-10","21,714"
"2023-09-11","109,789"
"2023-09-12","16,440"
"2023-09-13","22,541"
"2023-09-17","24,819"
"2023-09-18","7,737"
"2023-09-19","8,063"
"2023-09-21","63,366"
"2023-09-24","19,230"
"2023-09-25","15,301"
"2023-09-26","23,074"
"2023-09-27","23,103"
"2023-10-01","26,034"
"2023-10-02","17,962"
"2023-10-03","20,868"
"2023-10-04","34,401"
"2023-10-05","12,033"
"2023-10-08","26,956"
"2023-10-09","11,579"
"2023-10-10","12,395"
"2023-10-11","9,070"
"2023-10-12","22,325"
"2023-10-16","9,668"
"2023-10-17","5,650"
"2023-10-18","8,814"
"2023-10-19","6,690"
"2023-10-29","6,031"
"2023-10-30","10,362"
"2023-10-31","5,374"
"2023-11-01","8,862"
"2023-11-02","6,672"
"2023-11-05","11,398"
"2023-11-06","12,958"
"2023-11-07","11,418"
"2023-11-08","5,402"
"2023-11-09","11,637"
"2023-11-20","16,492"
"2023-11-21","9,891"
"2023-11-22","9,481"
"2023-11-23","15,133"
"2023-11-26","17,648"
"2023-11-27","10,444"
"2023-11-28","6,772"
"2023-11-29","8,678"
"2023-11-30","6,684"
"2023-12-03","11,884"
"2023-12-04","13,234"
"2023-12-05","15,965"
"2023-12-06","6,098"
"2023-12-07","30,587"
"2023-12-10","8,159"
"2023-12-11","102,456"
"2023-12-12","125,905"
"2023-12-13","54,870"
"2023-12-14","47,403"
"2023-12-17","97,213"
"2023-12-18","138,188"
"2023-12-19","86,246"
"2023-12-20","136,565"
"2023-12-21","199,481"
"2023-12-24","57,102"
"2023-12-27","56,394"
"2023-12-28","46,975"
"2024-01-01","57,023"
"2024-01-02","34,724"
"2024-01-03","36,358"
"2024-01-04","67,880"
"2024-01-07","52,463"
"2024-01-08","53,946"
"2024-01-09","80,798"
"2024-01-10","35,541"
"2024-01-11","25,298"
"2024-01-14","57,112"
"2024-01-16","54,658"
"2024-01-17","74,789"
"2024-01-18","54,657"
"2024-01-21","70,284"
"2024-01-22","24,332"
"2024-01-23","31,774"
"2024-01-24","19,991"
"2024-01-25","47,480"
"2024-01-28","19,305"
"2024-01-29","27,895"
"2024-01-30","26,105"
"2024-01-31","24,402"
"2024-02-01","15,458"
"2024-02-04","19,956"
"2024-02-05","11,434"
"2024-02-06","10,149"
"2024-02-07","18,456"
"2024-02-08","11,169"
"2024-02-11","17,189"
"2024-02-12","31,650"
"2024-02-13","28,551"
"2024-02-14","15,012"
"2024-02-15","15,815"
"2024-02-18","23,668"
"2024-02-20","20,277"
"2024-02-21","17,569"
"2024-02-22","31,870"
"2024-02-25","38,625"
"2024-02-26","16,062"
"2024-02-27","38,640"
"2024-02-28","11,853"
"2024-02-29","17,115"
"2024-03-03","22,671"
"2024-03-04","419"
"2024-03-05","33,109"
"2024-03-06","46,339"
"2024-03-07","16,552"
"2024-03-10","22,634"
"2024-03-12","46,120"
"2024-03-13","30,837"
"2024-03-14","17,613"
"2024-03-17","19,264"
"2024-03-18","18,819"
"2024-03-19","14,278"
"2024-03-20","28,661"
"2024-03-21","9,087"
"2024-03-25","16,296"
"2024-03-26","15,065"
"2024-03-27","18,233"
"2024-03-28","24,217"
"2024-03-31","33,420"
"2024-04-01","29,067"
"2024-04-02","26,170"
"2024-04-03","28,422"
"2024-04-04","23,371"
"2024-04-07","30,103"
"2024-04-09","32,511"
"2024-04-10","15,763"
"2024-04-14","44,693"
"2024-04-15","33,593"
"2024-04-16","23,780"
"2024-04-18","14,654"
"2024-04-21","23,031"
"2024-04-22","24,115"
"2024-04-24","11,955"
"2024-04-25","47,743"
"2024-04-28","57,951"
"2024-04-29","18,850"
"2024-04-30","14,587"
"2024-05-02","25,305"
"2024-05-05","32,100"
"2024-05-06","22,400"
"2024-05-07","6,978"
"2024-05-08","10,296"
"2024-05-09","22,756"
"2024-05-12","14,996"
"2024-05-13","27,239"
"2024-05-14","41,028"
"2024-05-15","30,429"
"2024-05-16","9,342"
"2024-05-19","66,750"
"2024-05-20","49,351"
"2024-05-21","31,306"
"2024-05-22","20,626"
"2024-05-26","19,335"
"2024-05-27","24,376"
"2024-05-29","26,574"
"2024-05-30","23,223"
"2024-06-02","11,974"
"2024-06-03","8,266"
"2024-06-04","50,344"
"2024-06-05","60,548"
"2024-06-06","8,872"
"2024-06-09","17,841"
"2024-06-10","41,446"
"2024-06-11","23,520"
"2024-06-12","12,842"
"2024-06-13","32,329"
"2024-06-16","32,644"
"2024-06-18","34,680"
"2024-06-19","13,255"
"2024-06-20","9,148"
"2024-06-23","40,903"
"2024-06-24","19,888"
"2024-06-25","29,992"
"2024-06-26","16,587"
"2024-06-27","12,682"
"2024-06-30","25,109"
"2024-07-01","16,699"
"2024-07-02","26,519"
"2024-07-03","16,698"
"2024-07-04","18,812"
"2024-07-07","30,468"
"2024-07-08","22,734"
"2024-07-09","26,043"
"2024-07-10","27,997"
"2024-07-11","33,151"
"2024-07-14","50,864"
"2024-07-15","65,735"
"2024-07-16","173,637"
"2024-07-17","305,260"
"2024-07-18","216,274"
"2024-07-21","251,628"
"2024-07-22","288,410"
"2024-07-23","287,226"
"2024-07-24","228,952"
"2024-07-25","179,473"
"2024-07-28","294,400"
"2024-07-29","502,474"
"2024-07-30","458,052"
"2024-07-31","393,160"
"2024-08-01","259,696"
"2024-08-05","338,414"
"2024-08-06","347,745"
"2024-08-07","556,516"
"2024-08-08","441,300"
"2024-08-11","418,033"
"2024-08-12","501,307"
"2024-08-13","311,108"
"2024-08-14","216,656"
"2024-08-15","260,256"
"2024-08-18","226,344"
"2024-08-21","234,376"
"2024-08-22","171,438"
"2024-08-25","199,597"
"2024-08-27","241,830"
"2024-08-28","146,009"
"2024-08-29","156,695"
"2024-09-01","105,867"
"2024-09-02","169,456"
"2024-09-03","92,013"
"2024-09-04","222,577"
"2024-09-05","79,248"
"2024-09-08","60,039"
"2024-09-09","78,294"
"2024-09-10","56,723"
"2024-09-11","52,099"
"2024-09-12","48,642"
"2024-09-15","64,919"
"2024-09-16","70,827"
"2024-09-18","31,189"
"2024-09-22","54,531"
"2024-09-23","55,517"
"2024-09-24","61,111"
"2024-09-25","54,261"
"2024-09-26","31,843"
"2024-09-29","37,494"
"2024-09-30","29,313"
"2024-10-01","92,471"
"2024-10-02","36,030"
"2024-10-06","42,413"
"2024-10-07","85,872"
"2024-10-08","132,639"
"2024-10-09","15,556"
"2024-10-15","12,312"
"2024-10-16","156,885"
"2024-10-17","53,912"
"2024-10-20","45,342"
"2024-10-21","45,213"
"2024-10-22","30,931"
"2024-10-23","33,391"
"2024-10-24","30,721"
"2024-10-27","14,772"
"2024-10-28","22,543"
"2024-10-29","52,178"
"2024-10-30","29,479"
"2024-11-05","89,817"
"2024-11-06","37,928"
"2024-11-10","99,014"
"2024-11-11","69,715"
"2024-11-12","61,989"
"2024-11-13","31,883"
"2024-11-14","57,602"
"2024-11-17","72,067"
"2024-11-19","61,412"
"2024-11-20","25,511"
"2024-11-21","37,338"
"2024-11-24","177,728"
"2024-11-25","55,262"
"2024-11-26","54,793"
"2024-11-27","54,873"
"2024-11-28","29,979"
"2024-12-01","53,158"
"2024-12-02","43,916"
"2024-12-03","34,869"
"2024-12-04","35,466"
"2024-12-05","36,190"
"2024-12-08","51,781"
"2024-12-09","21,208"
"2024-12-10","17,151"
"2024-12-11","29,983"
"2024-12-12","40,703"
"2024-12-16","32,071"
"2024-12-17","65,659"
"2024-12-18","27,716"
"2024-12-19","36,471"
"2024-12-22","24,518"
"2024-12-23","22,800"
"2024-12-24","27,480"
"2024-12-26","33,703"
"2024-12-29","91,060"
"2024-12-31","64,874"
"2025-01-01","18,272"
"2025-01-02","18,067"
"2025-01-05","27,092"
"2025-01-06","37,855"
"2025-01-07","29,705"
"2025-01-08","22,747"
"2025-01-09","119,891"
"2025-01-12","17,006"
"2025-01-13","124,943"
"2025-01-15","14,057"
"2025-01-16","17,960"
"2025-01-19","28,946"
"2025-01-20","60,131"
"2025-01-21","31,027"
"2025-01-22","71,865"
"2025-01-23","38,549"
"2025-01-26","19,966"
"2025-01-27","26,487"
"2025-01-28","58,357"
"2025-02-02","88,363"
"2025-02-03","160,753"
"2025-02-04","78,776"
"2025-02-05","59,264"
"2025-02-06","156,436"
"2025-02-09","62,579"
"2025-02-10","48,931"
"2025-02-11","44,446"
"2025-02-12","59,327"
"2025-02-13","103,270"
"2025-02-16","33,847"
"2025-02-17","30,218"
"2025-02-18","37,621"
"2025-02-20","37,485"
"2025-02-23","43,205"
"2025-02-24","51,050"
"2025-02-25","100,372"
"2025-02-27","73,971"
"2025-03-02","125,379"
"2025-03-03","91,858"
"2025-03-04","58,085"
"2025-03-05","47,570"
"2025-03-06","43,314"
"2025-03-09","68,805"
"2025-03-10","23,861"
"2025-03-11","43,100"
"2025-03-12","29,035"
"2025-03-16","29,642"
"2025-03-17","25,452"
"2025-03-18","53,145"
"2025-03-19","28,866"
"2025-03-20","31,034"
"2025-03-23","43,867"
"2025-03-24","46,486"
"2025-03-25","53,572"
"2025-03-26","33,332"
"2025-03-27","45,287"
"2025-03-30","68,325"
"2025-04-01","39,625"
"2025-04-02","31,846"
"2025-04-03","27,756"
"2025-04-07","108,918"
"2025-04-08","35,482"
"2025-04-09","44,664"
"2025-04-10","50,646"
"2025-04-13","24,763"
"2025-04-15","42,528"
"2025-04-16","72,378"
"2025-04-17","74,572"
"2025-04-20","127,345"
"2025-04-21","71,226"
"2025-04-22","49,808"
"2025-04-23","145,361"
"2025-04-24","54,602"
"2025-04-27","101,345"
"2025-04-28","86,757"
"2025-04-29","65,150"
"2025-04-30","73,955"
"2025-05-04","99,792"
"2025-05-05","54,996"
"2025-05-06","78,514"
"2025-05-07","340,764"
"2025-05-08","122,809"
"2025-05-11","122,184"
"2025-05-13","78,234"
"2025-05-14","57,583"
"2025-05-15","51,393"
"2025-05-18","50,379"
"2025-05-19","28,533"
"2025-05-20","48,246"
"2025-05-21","90,737"
"2025-05-22","29,670"
"2025-05-25","33,538"
"2025-05-26","39,147"
"2025-05-27","24,931"
"2025-05-28","68,368"
"2025-06-02","43,138"
"2025-06-03","57,331"
"2025-06-04","38,270"
"2025-06-05","41,077"
"2025-06-08","506,439"
"2025-06-09","573,288"
"2025-06-10","494,792"
"2025-06-11","839,499"
"2025-06-12","531,576"
"2025-06-15","726,659"
"2025-06-16","714,477"
"2025-06-17","344,821"
"2025-06-18","306,221"
"2025-06-19","384,293"
"2025-06-22","226,778"
"2025-06-23","144,298"
"2025-06-24","197,315"
"2025-06-25","202,234"
"2025-06-26","284,064"
"2025-06-29","185,960"
"2025-06-30","167,354"
"2025-07-01","142,567"
"2025-07-02","165,107"
"2025-07-03","222,795"
"2025-07-06","147,549"
"2025-07-07","101,062"
"2025-07-08","120,957"
"2025-07-09","75,882"
"2025-07-10","113,941"
"2025-07-13","113,645"
"2025-07-14","98,966"
"2025-07-15","122,789"
"2025-07-16","195,983"
"2025-07-17","181,587"
"2025-07-20","228,962"
"2025-07-21","113,240"
"2025-07-22","223,126"
"2025-07-23","137,767"
"2025-07-24","335,013"
"2025-07-27","260,758"
"2025-07-28","141,220"
"2025-07-29","135,289"
"2025-07-30","124,013"
"2025-07-31","121,763"
"2025-08-03","108,410"
"2025-08-04","120,147"
"2025-08-05","75,229"
"2025-08-06","80,609"
"2025-08-07","64,857"
"2025-08-11","49,868"
"2025-08-12","81,983"
"2025-08-13","62,506"
"2025-08-14","52,981"
"2025-08-17","50,032"
"2025-08-18","30,571"
"2025-08-19","45,343"
"2025-08-20","28,951"
"2025-08-21","42,739"
"2025-08-24","48,802"
"2025-08-25","32,121"
"2025-08-26","11,998"
"2025-08-27","25,834"
"2025-08-28","45,554"
"2025-08-31","36,769"
"2025-09-01","40,364"
"2025-09-02","29,128"
"2025-09-03","33,662"
"2025-09-04","49,473"
"2025-09-07","35,231"
"2025-09-08","27,379"
"2025-09-18","10,795"
"2025-09-21","85,251"
"2025-09-23","41,646"
"2025-09-24","18,365"
"2025-09-25","11,857"
"2025-09-28","18,439"
"2025-10-07","22,528"
"2025-10-08","51,264"
"2025-10-09","35,730"
"2025-10-12","61,256"
"2025-10-13","22,813"
"2025-10-14","22,519"
"2025-10-15","24,895"
"2025-10-16","29,238"
"2025-10-19","22,812"
"2025-10-26","15,303"
"2025-10-28","29,571"
"2025-10-29","25,173"
"2025-10-30","55,359"
"2025-11-02","37,649"
"2025-11-03","31,390"
"2025-11-04","20,814"
"2025-11-05","25,843"
"2025-11-06","25,028"
"2025-11-09","16,581"
"2025-11-10","32,069"
"2025-11-11","10,257"
"2025-11-12","15,174"
"2025-11-13","41,385"
"2025-11-16","56,596"
"2025-11-17","24,179"
"2025-11-18","55,705"
"2025-11-19","28,461"
"2025-11-20","44,048"
"2025-11-23","33,019"
"2025-11-24","50,030"
"2025-11-25","74,733"
"2025-11-26","54,115"
"2025-11-27","38,975"
"2025-11-30","52,507"
"2025-12-01","14,957"
"2025-12-02","18,514"
"2025-12-03","40,358"
"2025-12-07","34,580"
"2025-12-08","29,080"
"2025-12-09","25,075"
"2025-12-10","20,230"
"2025-12-11","17,025"
"2025-12-14","50,363"
"2025-12-15","24,989"
"2025-12-16","13,504"
"2025-12-17","13,495"
"2025-12-18","15,633"
"2025-12-21","24,177"
"2025-12-22","22,455"
"2025-12-23","28,421"
"2025-12-24","66,592"
"2025-12-28","72,375"
"2025-12-29","66,381"
"2025-12-31","134,513"
"2026-01-01","40,413"
"2026-01-04","69,088"
"2026-01-05","23,278"
"2026-01-06","24,879"
"2026-01-07","27,142"
"2026-01-08","51,566"
"2026-01-12","41,463"
"2026-01-13","40,075"
"2026-01-14","41,135"
"2026-01-18","28,559"
"2026-01-20","50,797"
"2026-01-21","37,304"
"2026-01-22","28,640"
"2026-01-25","61,398"
"2026-01-26","59,823"
"2026-01-27","75,031"
"2026-01-28","55,501"
"2026-01-29","58,330"
"2026-02-01","42,144"
"2026-02-02","28,518"
"2026-02-03","29,128"
"2026-02-04","16,630"
"2026-02-05","23,959"
"2026-02-08","25,130"
"2026-02-09","27,942"
"2026-02-10","36,135"
"2026-02-11","27,167"
"2026-02-12","62,799"
"2026-02-16","37,651"
"2026-02-17","41,938"
"2026-02-22","43,179"
"2026-02-23","20,541"
"2026-02-24","16,673"
"2026-02-25","21,655"
"2026-02-26","29,534"
"2026-03-01","42,198"
"2026-03-03","39,108"
"2026-03-09","30"
"2026-03-10","154,492"
"2026-03-11","117,364"
"2026-03-12","68,784"
"2026-03-15","41,285"
"2026-03-16","72,572"
"2026-03-17","29,245"
"2026-03-19","110,700"
"2026-03-22","135,797"
"2026-03-23","120,227"
"2026-03-24","112,835"
"2026-03-25","51,507"
"2026-03-26","56,625"
"2026-03-29","128,932"
"2026-03-30","96,372"
"2026-03-31","55,830"
"2026-04-01","52,270"
"2026-04-02","54,687"
"2026-04-05","57,568"
"2026-04-06","62,748"
"2026-04-07","22,487"
"2026-04-08","40,227"
"2026-04-09","24,906"
"2026-04-10","62,897"
"2026-04-13","29,624"
"2026-04-15","36,250"
"2026-04-16","27,565"
"2026-04-17","21,058"
"2026-04-20","18,012"
"2026-04-21","14,654"
"2026-04-22","33,031"
"2026-04-23","16,062"
"2026-04-24","14,070"
"2026-04-27","33,303"
"2026-04-28","27,708"
"2026-04-29","21,258"
"2026-04-30","38,308"
