"2018-03-26","85.09"
"2018-03-27","88.32"
"2018-03-28","91.98"
"2018-03-29","95.86"
"2018-04-01","93.92"
"2018-04-02","92.2"
"2018-04-03","92.2"
"2018-04-04","93.49"
"2018-04-05","95.64"
"2018-04-08","94.14"
"2018-04-09","94.78"
"2018-04-10","96.51"
"2018-04-11","94.57"
"2018-04-12","93.92"
"2018-04-15","95.86"
"2018-04-16","94.35"
"2018-04-17","94.57"
"2018-04-18","98.66"
"2018-04-19","96.94"
"2018-04-22","99.95"
"2018-04-23","96.72"
"2018-04-24","97.58"
"2018-04-25","96.51"
"2018-04-26","95.43"
"2018-04-29","95.43"
"2018-05-02","96.94"
"2018-05-03","96.29"
"2018-05-06","98.01"
"2018-05-07","97.37"
"2018-05-08","96.72"
"2018-05-09","96.72"
"2018-05-10","96.29"
"2018-05-14","96.51"
"2018-05-15","97.58"
"2018-05-16","99.31"
"2018-05-17","101.03"
"2018-05-20","102.11"
"2018-05-21","102.11"
"2018-05-22","101.67"
"2018-05-23","100.6"
"2018-05-24","101.89"
"2018-05-27","101.24"
"2018-05-28","101.89"
"2018-05-29","101.89"
"2018-05-30","102.32"
"2018-05-31","101.24"
"2018-06-03","100.17"
"2018-06-04","99.95"
"2018-06-06","100.81"
"2018-06-07","100.81"
"2018-06-10","99.95"
"2018-06-11","100.17"
"2018-06-12","103.61"
"2018-06-13","108.57"
"2018-06-14","114.17"
"2018-06-17","120.41"
"2018-06-18","113.74"
"2018-06-19","111.06"
"2018-06-20","108.68"
"2018-06-21","106.79"
"2018-06-24","105.84"
"2018-06-25","105.36"
"2018-06-26","104.89"
"2018-06-27","104.65"
"2018-06-28","105.12"
"2018-07-01","105.12"
"2018-07-02","103.46"
"2018-07-03","103.22"
"2018-07-04","103.22"
"2018-07-05","106.55"
"2018-07-08","106.55"
"2018-07-09","106.31"
"2018-07-10","105.12"
"2018-07-11","106.79"
"2018-07-12","103.7"
"2018-07-15","103.94"
"2018-07-16","103.94"
"2018-07-17","103.94"
"2018-07-18","104.65"
"2018-07-19","104.65"
"2018-07-22","106.79"
"2018-07-23","106.79"
"2018-07-24","105.84"
"2018-07-25","105.84"
"2018-07-26","106.31"
"2018-07-29","107.26"
"2018-07-30","106.79"
"2018-07-31","107.02"
"2018-08-01","106.31"
"2018-08-02","104.89"
"2018-08-05","104.89"
"2018-08-06","106.31"
"2018-08-07","104.89"
"2018-08-08","104.41"
"2018-08-09","103.94"
"2018-08-12","103.94"
"2018-08-13","104.17"
"2018-08-14","104.41"
"2018-08-15","105.36"
"2018-08-16","104.65"
"2018-08-19","103.94"
"2018-08-20","104.17"
"2018-08-21","104.17"
"2018-08-22","103.94"
"2018-08-23","104.89"
"2018-08-26","105.12"
"2018-08-28","103.94"
"2018-08-29","103.94"
"2018-08-30","103.22"
"2018-09-02","104.89"
"2018-09-03","104.17"
"2018-09-04","103.94"
"2018-09-05","105.6"
"2018-09-06","105.84"
"2018-09-09","104.65"
"2018-09-10","104.65"
"2018-09-11","103.7"
"2018-09-12","102.99"
"2018-09-13","102.75"
"2018-09-16","103.94"
"2018-09-17","103.7"
"2018-09-18","104.89"
"2018-09-20","103.94"
"2018-09-23","104.41"
"2018-09-25","103.46"
"2018-09-26","102.99"
"2018-09-27","102.75"
"2018-09-30","102.04"
"2018-10-01","102.51"
"2018-10-02","102.27"
"2018-10-03","101.8"
"2018-10-04","100.85"
"2018-10-07","99.9"
"2018-10-08","99.43"
"2018-10-09","98.95"
"2018-10-10","98.71"
"2018-10-11","98.71"
"2018-10-14","98"
"2018-10-15","98.24"
"2018-10-21","96.81"
"2018-10-22","96.58"
"2018-10-23","96.34"
"2018-10-24","95.63"
"2018-10-25","95.63"
"2018-10-28","95.15"
"2018-10-29","93.97"
"2018-10-30","94.2"
"2018-10-31","94.44"
"2018-11-01","94.44"
"2018-11-04","94.44"
"2018-11-05","95.63"
"2018-11-12","95.15"
"2018-11-13","94.44"
"2018-11-14","94.44"
"2018-11-15","94.68"
"2018-11-18","92.3"
"2018-11-19","91.83"
"2018-11-20","91.59"
"2018-11-21","91.59"
"2018-11-22","90.88"
"2018-11-25","91.35"
"2018-11-26","90.88"
"2018-11-27","90.88"
"2018-11-28","91.12"
"2018-11-29","91.35"
"2018-12-02","90.64"
"2018-12-03","91.59"
"2018-12-04","93.02"
"2018-12-05","90.17"
"2018-12-06","88.98"
"2018-12-09","88.74"
"2018-12-10","89.22"
"2018-12-11","90.17"
"2018-12-12","89.69"
"2018-12-13","90.88"
"2018-12-16","90.88"
"2018-12-17","91.59"
"2018-12-18","91.59"
"2018-12-19","91.83"
"2018-12-20","91.59"
"2018-12-23","91.59"
"2018-12-24","91.12"
"2018-12-25","91.83"
"2018-12-26","92.78"
"2018-12-27","93.97"
"2018-12-30","93.25"
"2018-12-31","91.59"
"2019-01-01","90.64"
"2019-01-02","90.17"
"2019-01-03","90.88"
"2019-01-06","90.17"
"2019-01-07","90.88"
"2019-01-08","91.12"
"2019-01-09","91.35"
"2019-01-10","90.88"
"2019-01-13","90.4"
"2019-01-14","90.64"
"2019-01-15","91.12"
"2019-01-16","92.07"
"2019-01-17","92.07"
"2019-01-20","91.35"
"2019-01-21","90.64"
"2019-01-22","91.12"
"2019-01-23","90.88"
"2019-01-24","90.88"
"2019-01-27","90.64"
"2019-01-28","90.64"
"2019-01-29","90.4"
"2019-01-30","90.4"
"2019-01-31","90.64"
"2019-02-03","90.17"
"2019-02-04","89.22"
"2019-02-05","91.35"
"2019-02-06","89.93"
"2019-02-07","89.69"
"2019-02-10","89.69"
"2019-02-11","89.93"
"2019-02-12","88.74"
"2019-02-13","88.51"
"2019-02-14","88.03"
"2019-02-17","87.56"
"2019-02-18","88.03"
"2019-02-19","88.74"
"2019-02-20","88.51"
"2019-02-21","88.03"
"2019-02-24","88.74"
"2019-02-25","89.69"
"2019-02-26","88.98"
"2019-02-27","89.22"
"2019-03-03","88.98"
"2019-03-05","89.22"
"2019-03-06","88.98"
"2019-03-07","92.3"
"2019-03-10","91.59"
"2019-03-11","91.59"
"2019-03-12","93.73"
"2019-03-13","91.83"
"2019-03-14","91.12"
"2019-03-17","94.2"
"2019-03-18","93.02"
"2019-03-19","92.3"
"2019-03-21","92.07"
"2019-03-24","92.78"
"2019-03-25","91.83"
"2019-03-26","91.35"
"2019-03-27","92.54"
"2019-03-28","93.97"
"2019-03-31","91.59"
"2019-04-01","90.64"
"2019-04-02","92.07"
"2019-04-03","91.59"
"2019-04-04","92.78"
"2019-04-07","93.25"
"2019-04-08","91.35"
"2019-04-09","91.59"
"2019-04-10","91.59"
"2019-04-11","91.12"
"2019-04-15","90.64"
"2019-04-16","91.12"
"2019-04-17","90.64"
"2019-04-18","89.69"
"2019-04-21","89.22"
"2019-04-22","87.79"
"2019-04-23","90.17"
"2019-04-24","88.27"
"2019-04-25","90.88"
"2019-04-28","92.78"
"2019-04-29","89.69"
"2019-04-30","91.12"
"2019-05-02","91.12"
"2019-05-05","89.69"
"2019-05-06","88.98"
"2019-05-07","91.12"
"2019-05-08","90.17"
"2019-05-09","88.74"
"2019-05-12","89.69"
"2019-05-13","89.69"
"2019-05-14","89.69"
"2019-05-15","88.74"
"2019-05-16","89.22"
"2019-05-19","90.88"
"2019-05-20","89.69"
"2019-05-21","93.02"
"2019-05-22","94.92"
"2019-05-23","93.49"
"2019-05-26","90.64"
"2019-05-27","90.4"
"2019-05-28","90.4"
"2019-05-29","92.78"
"2019-05-30","91.35"
"2019-06-02","91.12"
"2019-06-03","90.4"
"2019-06-04","90.4"
"2019-06-06","89.93"
"2019-06-10","90.64"
"2019-06-11","91.12"
"2019-06-12","91.35"
"2019-06-13","91.12"
"2019-06-16","90.64"
"2019-06-17","91.12"
"2019-06-18","91.35"
"2019-06-19","90.64"
"2019-06-20","90.88"
"2019-06-23","91.12"
"2019-06-24","93.05"
"2019-06-25","90.74"
"2019-06-26","89.71"
"2019-06-27","89.71"
"2019-06-30","88.43"
"2019-07-01","88.17"
"2019-07-02","89.2"
"2019-07-03","89.45"
"2019-07-04","88.43"
"2019-07-07","88.68"
"2019-07-08","87.66"
"2019-07-09","90.23"
"2019-07-10","88.94"
"2019-07-11","88.43"
"2019-07-14","88.17"
"2019-07-15","88.94"
"2019-07-16","89.97"
"2019-07-17","88.94"
"2019-07-18","88.68"
"2019-07-21","88.43"
"2019-07-22","88.43"
"2019-07-23","90.23"
"2019-07-24","90.23"
"2019-07-25","89.2"
"2019-07-28","88.94"
"2019-07-29","88.43"
"2019-07-30","91"
"2019-07-31","89.45"
"2019-08-01","89.2"
"2019-08-04","89.2"
"2019-08-05","88.68"
"2019-08-06","88.17"
"2019-08-07","88.17"
"2019-08-08","88.17"
"2019-08-11","87.91"
"2019-08-12","87.91"
"2019-08-13","88.17"
"2019-08-14","88.17"
"2019-08-15","88.17"
"2019-08-18","87.14"
"2019-08-19","87.14"
"2019-08-20","86.89"
"2019-08-21","86.63"
"2019-08-22","87.66"
"2019-08-25","86.89"
"2019-08-26","87.14"
"2019-08-27","87.66"
"2019-08-28","86.63"
"2019-08-29","86.89"
"2019-09-01","86.63"
"2019-09-02","86.63"
"2019-09-03","86.63"
"2019-09-04","86.37"
"2019-09-05","86.37"
"2019-09-08","87.91"
"2019-09-09","86.63"
"2019-09-10","86.12"
"2019-09-11","85.86"
"2019-09-12","85.6"
"2019-09-15","85.09"
"2019-09-16","84.32"
"2019-09-17","87.4"
"2019-09-18","88.17"
"2019-09-19","87.91"
"2019-09-22","86.37"
"2019-09-23","87.14"
"2019-09-24","86.12"
"2019-09-25","85.86"
"2019-09-26","85.6"
"2019-09-29","85.6"
"2019-09-30","85.6"
"2019-10-01","86.12"
"2019-10-02","86.12"
"2019-10-03","86.37"
"2019-10-10","86.89"
"2019-10-14","88.94"
"2019-10-15","88.94"
"2019-10-16","89.2"
"2019-10-17","89.71"
"2019-10-20","88.68"
"2019-10-21","86.63"
"2019-10-22","86.37"
"2019-10-23","86.89"
"2019-10-24","86.63"
"2019-10-31","86.63"
"2019-11-03","85.6"
"2019-11-04","85.86"
"2019-11-05","85.86"
"2019-11-06","85.09"
"2019-11-07","85.86"
"2019-11-10","85.86"
"2019-11-11","88.43"
"2019-11-12","87.91"
"2019-11-14","90.23"
"2019-11-17","88.94"
"2019-11-19","89.45"
"2019-11-20","88.94"
"2019-11-21","88.43"
"2019-11-24","87.91"
"2019-11-25","87.14"
"2019-11-26","86.89"
"2019-11-27","86.89"
"2019-11-28","87.14"
"2019-12-01","87.66"
"2019-12-02","87.4"
"2019-12-03","87.91"
"2019-12-04","87.4"
"2019-12-05","87.4"
"2019-12-08","87.4"
"2019-12-09","88.17"
"2019-12-10","87.91"
"2019-12-11","88.17"
"2019-12-12","88.17"
"2019-12-15","87.91"
"2019-12-16","88.43"
"2019-12-17","88.68"
"2019-12-18","88.17"
"2019-12-19","87.66"
"2019-12-22","87.66"
"2019-12-23","87.91"
"2019-12-24","87.91"
"2019-12-25","87.91"
"2019-12-26","87.4"
"2019-12-29","87.14"
"2019-12-30","87.91"
"2019-12-31","87.66"
"2020-01-01","87.66"
"2020-01-02","87.4"
"2020-01-05","87.4"
"2020-01-06","87.66"
"2020-01-07","87.91"
"2020-01-08","88.94"
"2020-01-09","89.45"
"2020-01-12","90.23"
"2020-01-13","93.56"
"2020-01-14","91.77"
"2020-01-15","93.31"
"2020-01-16","94.08"
"2020-01-19","94.33"
"2020-01-20","93.05"
"2020-01-21","92.02"
"2020-01-22","90.23"
"2020-01-23","89.45"
"2020-01-26","88.94"
"2020-01-27","89.45"
"2020-01-28","89.97"
"2020-01-29","89.45"
"2020-01-30","89.2"
"2020-02-02","89.97"
"2020-02-03","90.48"
"2020-02-04","90.23"
"2020-02-05","89.97"
"2020-02-06","89.97"
"2020-02-09","89.45"
"2020-02-10","89.45"
"2020-02-11","89.45"
"2020-02-12","89.45"
"2020-02-13","92.28"
"2020-02-16","96.13"
"2020-02-17","98.44"
"2020-02-18","98.44"
"2020-02-20","96.39"
"2020-02-23","99.73"
"2020-02-24","99.73"
"2020-02-25","104.35"
"2020-02-26","99.98"
"2020-02-27","98.7"
"2020-03-01","97.16"
"2020-03-02","94.33"
"2020-03-03","94.33"
"2020-03-04","94.33"
"2020-03-05","98.19"
"2020-03-11","100.24"
"2020-03-12","95.62"
"2020-03-15","95.62"
"2020-03-16","94.08"
"2020-03-17","92.79"
"2020-03-18","92.02"
"2020-03-19","95.87"
"2020-03-22","96.64"
"2020-06-29","95.1"
"2020-06-30","98.96"
"2020-07-01","99.21"
"2020-07-05","98.44"
"2020-07-06","93.82"
"2020-07-07","94.59"
"2020-07-08","95.62"
"2020-07-09","96.39"
"2020-07-12","94.59"
"2020-07-13","97.67"
"2020-07-14","95.36"
"2020-07-15","97.67"
"2020-07-16","95.36"
"2020-07-20","95.36"
"2020-07-21","94.33"
"2020-07-22","95.1"
"2020-07-23","94.85"
"2020-07-26","94.85"
"2020-07-27","94.33"
"2020-07-28","94.85"
"2020-07-29","94.59"
"2020-07-30","95.87"
"2020-08-02","93.82"
"2020-08-03","94.33"
"2020-08-05","95.36"
"2020-08-06","95.62"
"2020-08-09","95.36"
"2020-08-10","94.59"
"2020-08-11","96.13"
"2020-08-12","95.87"
"2020-08-13","95.87"
"2020-08-16","96.39"
"2020-08-17","95.62"
"2020-08-18","97.16"
"2020-08-19","97.67"
"2020-08-20","97.16"
"2020-08-23","97.16"
"2020-08-24","96.39"
"2020-08-25","96.13"
"2020-08-26","96.64"
"2020-08-27","98.19"
"2020-08-30","98.19"
"2020-08-31","100.5"
"2020-09-02","105.38"
"2020-09-03","105.12"
"2020-09-06","110.25"
"2020-09-07","110.77"
"2020-09-08","109.74"
"2020-09-09","108.71"
"2020-09-10","107.69"
"2020-09-13","113.08"
"2020-09-14","115.65"
"2020-09-15","113.08"
"2020-09-16","118.21"
"2020-09-17","124.63"
"2020-09-20","122.32"
"2020-09-21","118.47"
"2020-09-22","116.42"
"2020-09-23","120.78"
"2020-09-24","120.01"
"2020-09-27","118.47"
"2020-09-28","116.93"
"2020-09-29","118.47"
"2020-09-30","117.7"
"2020-10-01","117.19"
"2020-10-04","118.47"
"2020-10-05","120.01"
"2020-10-06","123.09"
"2020-10-07","129.51"
"2020-10-08","125.92"
"2020-10-11","124.89"
"2020-10-12","124.89"
"2020-10-13","124.12"
"2020-10-14","122.58"
"2020-10-15","121.81"
"2020-10-18","122.32"
"2020-10-19","123.86"
"2020-10-20","124.38"
"2020-10-21","125.92"
"2020-10-22","124.12"
"2020-10-28","124.63"
"2020-10-29","123.61"
"2020-11-01","124.12"
"2020-11-02","123.86"
"2020-11-03","124.12"
"2020-11-04","124.12"
"2020-11-05","124.89"
"2020-11-08","126.95"
"2020-11-09","125.15"
"2020-11-10","125.66"
"2020-11-11","125.92"
"2020-11-12","126.43"
"2020-11-18","124.12"
"2020-11-19","123.86"
"2020-11-22","125.15"
"2020-11-23","128.49"
"2020-11-24","129.26"
"2020-11-25","130.03"
"2020-11-26","127.46"
"2020-11-29","127.46"
"2020-11-30","130.03"
"2020-12-01","131.82"
"2020-12-02","131.82"
"2020-12-03","129"
"2020-12-06","124.12"
"2020-12-07","125.15"
"2020-12-08","127.72"
"2020-12-09","130.28"
"2020-12-10","130.03"
"2020-12-13","129.77"
"2020-12-14","128.49"
"2020-12-15","126.17"
"2020-12-16","128.49"
"2020-12-17","128.23"
"2020-12-20","125.66"
"2020-12-21","129.26"
"2020-12-22","128.49"
"2020-12-23","127.46"
"2020-12-24","126.43"
"2020-12-27","126.17"
"2020-12-28","131.82"
"2020-12-29","129"
"2020-12-30","128.74"
"2020-12-31","129.51"
"2021-01-03","126.17"
"2021-01-04","130.03"
"2021-01-05","129.77"
"2021-01-06","129.51"
"2021-01-07","128.49"
"2021-01-10","128.49"
"2021-01-11","126.17"
"2021-01-12","127.46"
"2021-01-13","126.43"
"2021-01-17","125.15"
"2021-01-18","123.61"
"2021-01-19","124.12"
"2021-01-20","125.66"
"2021-01-21","128.23"
"2021-01-24","131.05"
"2021-01-25","128.49"
"2021-01-26","128.74"
"2021-01-27","128.23"
"2021-01-28","128.49"
"2021-01-31","125.66"
"2021-02-01","126.69"
"2021-02-02","128.74"
"2021-02-03","132.34"
"2021-02-04","140.3"
"2021-02-07","145.43"
"2021-02-08","146.97"
"2021-02-11","141.33"
"2021-02-14","138.5"
"2021-02-15","139.01"
"2021-02-16","137.73"
"2021-02-17","136.96"
"2021-02-18","136.45"
"2021-02-21","138.24"
"2021-02-22","143.89"
"2021-02-23","142.87"
"2021-02-24","141.07"
"2021-02-25","139.01"
"2021-02-28","136.7"
"2021-03-01","139.01"
"2021-03-02","137.47"
"2021-03-03","139.27"
"2021-03-04","140.55"
"2021-03-07","139.53"
"2021-03-09","141.33"
"2021-03-10","143.12"
"2021-03-14","144.15"
"2021-03-15","144.66"
"2021-03-16","142.1"
"2021-03-17","145.18"
"2021-03-18","150.57"
"2021-03-21","156.99"
"2021-03-22","154.16"
"2021-03-23","155.71"
"2021-03-24","158.27"
"2021-03-25","156.99"
"2021-03-29","154.68"
"2021-03-30","154.42"
"2021-03-31","154.68"
"2021-04-01","154.68"
"2021-04-04","164.95"
"2021-04-05","176.25"
"2021-04-06","179.33"
"2021-04-07","174.71"
"2021-04-08","172.4"
"2021-04-12","173.68"
"2021-04-13","178.05"
"2021-04-15","179.07"
"2021-04-18","179.59"
"2021-04-19","176.76"
"2021-04-20","179.84"
"2021-04-21","177.53"
"2021-04-22","176.25"
"2021-04-25","172.91"
"2021-04-26","169.31"
"2021-04-27","173.68"
"2021-04-28","171.63"
"2021-04-29","173.68"
"2021-05-02","179.07"
"2021-05-03","186.52"
"2021-05-04","199.87"
"2021-05-05","214.25"
"2021-05-06","221.19"
"2021-05-09","214.25"
"2021-05-10","216.82"
"2021-05-11","222.73"
"2021-05-12","227.86"
"2021-05-13","228.89"
"2021-05-16","232.48"
"2021-05-17","250.46"
"2021-05-18","270.23"
"2021-05-19","287.95"
"2021-05-20","282.04"
"2021-05-23","282.81"
"2021-05-24","284.1"
"2021-05-25","300.53"
"2021-05-27","325.18"
"2021-05-30","344.96"
"2021-05-31","374.23"
"2021-06-01","385.53"
"2021-06-02","361.39"
"2021-06-03","345.73"
"2021-06-06","320.56"
"2021-06-07","337.77"
"2021-06-08","334.17"
"2021-06-09","326.72"
"2021-06-10","324.41"
"2021-06-13","335.97"
"2021-06-14","330.58"
"2021-06-15","334.17"
"2021-06-16","323.13"
"2021-06-17","324.41"
"2021-06-20","320.05"
"2021-06-21","311.32"
"2021-06-22","337.25"
"2021-06-23","364.98"
"2021-06-24","361.39"
"2021-06-27","353.43"
"2021-06-28","339.31"
"2021-06-29","328.61"
"2021-06-30","326.86"
"2021-07-01","320.2"
"2021-07-04","323.35"
"2021-07-05","324.05"
"2021-07-06","314.59"
"2021-07-07","304.78"
"2021-07-08","307.23"
"2021-07-11","315.64"
"2021-07-12","311.09"
"2021-07-13","314.94"
"2021-07-14","314.59"
"2021-07-15","313.19"
"2021-07-18","311.79"
"2021-07-19","315.64"
"2021-07-20","326.86"
"2021-07-22","340.88"
"2021-07-25","369.8"
"2021-07-26","373.83"
"2021-07-27","372.07"
"2021-07-28","363.31"
"2021-07-29","361.21"
"2021-08-01","363.31"
"2021-08-02","366.12"
"2021-08-03","368.92"
"2021-08-04","386.45"
"2021-08-05","385.04"
"2021-08-08","395.21"
"2021-08-09","400.82"
"2021-08-10","390.3"
"2021-08-11","388.2"
"2021-08-12","384.69"
"2021-08-15","370.67"
"2021-08-16","370.32"
"2021-08-17","378.03"
"2021-08-18","371.72"
"2021-08-19","365.06"
"2021-08-24","345.09"
"2021-08-25","343.16"
"2021-08-26","356.3"
"2021-08-29","346.14"
"2021-08-31","334.92"
"2021-09-01","331.77"
"2021-09-02","319.85"
"2021-09-05","296.36"
"2021-09-06","320.83"
"2021-09-07","321.6"
"2021-09-08","312.14"
"2021-09-09","311.09"
"2021-09-12","324.76"
"2021-09-13","312.84"
"2021-09-14","312.84"
"2021-09-15","310.74"
"2021-09-16","300.92"
"2021-09-20","285.5"
"2021-09-21","284.97"
"2021-09-22","298.12"
"2021-09-23","297.07"
"2021-09-26","295.31"
"2021-09-27","286.55"
"2021-09-28","272.53"
"2021-09-29","277.79"
"2021-09-30","266.57"
"2021-10-03","254.3"
"2021-10-04","240.98"
"2021-10-05","243.44"
"2021-10-06","251.85"
"2021-10-10","252.2"
"2021-10-11","251.15"
"2021-10-17","249.75"
"2021-10-18","242.14"
"2021-10-19","231.87"
"2021-10-20","237.48"
"2021-10-21","234.74"
"2021-10-24","240.98"
"2021-10-25","259.91"
"2021-10-26","280.73"
"2021-10-27","293.56"
"2021-10-28","297.42"
"2021-10-31","311.44"
"2021-11-01","305.13"
"2021-11-02","304.43"
"2021-11-03","307.23"
"2021-11-08","305.83"
"2021-11-09","295.66"
"2021-11-11","281.29"
"2021-11-14","281.99"
"2021-11-15","286.55"
"2021-11-16","293.56"
"2021-11-17","291.81"
"2021-11-18","289"
"2021-11-21","289"
"2021-11-22","286.9"
"2021-11-23","283.04"
"2021-11-24","284.8"
"2021-11-25","283.04"
"2021-11-28","269.73"
"2021-11-29","265.52"
"2021-11-30","266.22"
"2021-12-01","268.57"
"2021-12-02","262.43"
"2021-12-05","253.32"
"2021-12-06","259.21"
"2021-12-07","255.7"
"2021-12-08","249.05"
"2021-12-09","247.99"
"2021-12-12","237.48"
"2021-12-13","228.37"
"2021-12-14","246.03"
"2021-12-15","250.13"
"2021-12-16","243.09"
"2021-12-20","236.43"
"2021-12-21","240.98"
"2021-12-22","253.6"
"2021-12-23","251.71"
"2021-12-26","247.99"
"2021-12-27","242.03"
"2021-12-28","240.63"
"2021-12-29","243.09"
"2022-01-02","245.54"
"2022-01-03","246.21"
"2022-01-04","250.45"
"2022-01-05","252.55"
"2022-01-06","257.46"
"2022-01-09","267.66"
"2022-01-10","271.83"
"2022-01-11","279.54"
"2022-01-12","284.1"
"2022-01-13","300.22"
"2022-01-16","305.13"
"2022-01-17","310.03"
"2022-01-18","316.69"
"2022-01-19","311.79"
"2022-01-20","318.1"
"2022-01-23","312.14"
"2022-01-24","296.36"
"2022-01-25","294.61"
"2022-01-26","292.86"
"2022-01-27","292.86"
"2022-01-30","307.51"
"2022-01-31","301.27"
"2022-02-01","306.21"
"2022-02-03","303.02"
"2022-02-06","299.17"
"2022-02-07","301.62"
"2022-02-08","297.38"
"2022-02-09","293.21"
"2022-02-10","292.51"
"2022-02-13","279.54"
"2022-02-14","281.99"
"2022-02-15","297.07"
"2022-02-16","288.3"
"2022-02-17","289"
"2022-02-20","285.15"
"2022-02-21","290.05"
"2022-02-22","291.77"
"2022-02-23","289"
"2022-02-24","284.1"
"2022-02-27","283.75"
"2022-02-28","279.54"
"2022-03-02","268.32"
"2022-03-06","264.12"
"2022-03-07","262.36"
"2022-03-09","257.81"
"2022-03-10","269.02"
"2022-03-13","272.53"
"2022-03-14","269.3"
"2022-03-15","264.64"
"2022-03-16","261.84"
"2022-03-20","261.98"
"2022-03-21","273.23"
"2022-03-22","271.13"
"2022-03-23","267.97"
"2022-03-24","264.82"
"2022-03-27","260.65"
"2022-03-28","260.96"
"2022-03-29","258.51"
"2022-03-30","262.01"
"2022-03-31","258.93"
"2022-04-03","256.76"
"2022-04-04","255"
"2022-04-05","247.64"
"2022-04-06","246.24"
"2022-04-07","248.69"
"2022-04-11","245.54"
"2022-04-12","240.95"
"2022-04-13","241.79"
"2022-04-17","238.88"
"2022-04-18","232.22"
"2022-04-19","231.87"
"2022-04-20","230.47"
"2022-04-21","228.72"
"2022-04-24","240.63"
"2022-04-25","239.23"
"2022-04-26","235.02"
"2022-04-27","245.19"
"2022-04-28","253.25"
"2022-05-02","240.98"
"2022-05-04","237.55"
"2022-05-05","236.43"
"2022-05-08","244.49"
"2022-05-09","244.84"
"2022-05-10","262.01"
"2022-05-11","283.04"
"2022-05-12","286.2"
"2022-05-17","267.27"
"2022-05-18","280.24"
"2022-05-19","274.28"
"2022-05-20","270.08"
"2022-05-23","265.52"
"2022-05-24","267.27"
"2022-05-25","269.02"
"2022-05-26","266.57"
"2022-05-27","264.47"
"2022-05-30","261.66"
"2022-05-31","259.56"
"2022-06-01","257.11"
"2022-06-02","256.76"
"2022-06-03","250.8"
"2022-06-06","250.1"
"2022-06-07","247.99"
"2022-06-08","255"
"2022-06-09","251.5"
"2022-06-10","251.43"
"2022-06-13","250.45"
"2022-06-14","243.09"
"2022-06-15","237.83"
"2022-06-16","238.53"
"2022-06-17","236.88"
"2022-06-19","232.22"
"2022-06-20","225.21"
"2022-06-21","230.47"
"2022-06-22","225.95"
"2022-06-23","219.95"
"2022-06-24","232.92"
"2022-06-26","245.54"
"2022-06-27","243.23"
"2022-06-28","238.11"
"2022-06-29","246.24"
"2022-06-30","251.88"
"2022-07-01","249.75"
"2022-07-03","253.25"
"2022-07-04","251.5"
"2022-07-05","250.8"
"2022-07-06","249.75"
"2022-07-07","248.1"
"2022-07-08","242.03"
"2022-07-11","232.57"
"2022-07-12","232.57"
"2022-07-13","240.98"
"2022-07-14","242.03"
"2022-07-15","240.46"
"2022-07-17","250.8"
"2022-07-18","252.16"
"2022-07-19","249.75"
"2022-07-20","249.4"
"2022-07-21","247.47"
"2022-07-22","246.24"
"2022-07-24","253.08"
"2022-07-25","272.18"
"2022-07-26","276"
"2022-07-27","276.03"
"2022-07-28","267.27"
"2022-07-29","266.57"
"2022-07-31","265.87"
"2022-08-01","263.07"
"2022-08-02","262.01"
"2022-08-03","262.01"
"2022-08-04","258.89"
"2022-08-05","254.69"
"2022-08-07","255.81"
"2022-08-08","258.16"
"2022-08-09","253.25"
"2022-08-10","252.16"
"2022-08-11","251.71"
"2022-08-14","248.34"
"2022-08-15","268.01"
"2022-08-16","259.21"
"2022-08-17","258.68"
"2022-08-18","262.08"
"2022-08-21","260.26"
"2022-08-22","255"
"2022-08-23","252.2"
"2022-08-24","251.5"
"2022-08-25","246.94"
"2022-08-26","244.14"
"2022-08-28","258.54"
"2022-08-29","252.47"
"2022-08-30","248.13"
"2022-08-31","241.97"
"2022-09-01","243.79"
"2022-09-02","242.06"
"2022-09-04","237.72"
"2022-09-05","234.33"
"2022-09-06","229.91"
"2022-09-07","225.57"
"2022-09-08","224.7"
"2022-09-11","218.54"
"2022-09-12","211.69"
"2022-09-13","216.81"
"2022-09-14","225.57"
"2022-09-15","212.56"
"2022-09-16","208.22"
"2022-09-18","199.54"
"2022-09-20","192.17"
"2022-09-21","194.34"
"2022-09-22","189.13"
"2022-09-25","182.54"
"2022-09-27","183.93"
"2022-09-28","182.45"
"2022-09-29","183.06"
"2022-10-09","190.87"
"2022-10-10","187.4"
"2022-10-11","184.8"
"2022-10-12","187.31"
"2022-10-13","187.4"
"2022-10-16","185.66"
"2022-10-17","183.93"
"2022-10-19","180.46"
"2022-10-20","181.33"
"2022-10-23","182.19"
"2022-10-31","178.72"
"2022-11-01","188.27"
"2022-11-02","190.87"
"2022-11-03","189.13"
"2022-11-06","196.94"
"2022-11-07","201.28"
"2022-11-08","200.41"
"2022-11-09","191.3"
"2022-11-10","186.62"
"2022-11-13","186.1"
"2022-11-14","185.58"
"2022-11-15","185.75"
"2022-11-16","189.13"
"2022-11-17","195.21"
"2022-11-22","198.68"
"2022-11-23","195.21"
"2022-11-24","196.94"
"2022-11-27","200.41"
"2022-11-28","201.37"
"2022-11-29","202.15"
"2022-11-30","198.68"
"2022-12-01","197.81"
"2022-12-04","193.91"
"2022-12-05","190.52"
"2022-12-06","190.78"
"2022-12-07","187.4"
"2022-12-11","185.66"
"2022-12-12","186.53"
"2022-12-13","187.4"
"2022-12-14","187.83"
"2022-12-15","181.33"
"2022-12-18","173.34"
"2022-12-19","174.38"
"2022-12-20","177.85"
"2022-12-21","176.12"
"2022-12-22","175.25"
"2022-12-26","183.06"
"2022-12-27","192.6"
"2022-12-28","196.52"
"2022-12-29","204.35"
"2023-01-01","207.07"
"2023-01-02","209.26"
"2023-01-03","207.44"
"2023-01-04","218.36"
"2023-01-05","220.9"
"2023-01-08","231.28"
"2023-01-09","254.39"
"2023-01-10","259.3"
"2023-01-12","247.47"
"2023-01-17","262.94"
"2023-01-18","258.39"
"2023-01-19","254.75"
"2023-01-23","245.65"
"2023-01-24","243.83"
"2023-01-25","251.11"
"2023-01-26","250.29"
"2023-01-29","246.2"
"2023-01-30","237.46"
"2023-01-31","232.73"
"2023-02-01","236.28"
"2023-02-02","230.18"
"2023-02-05","230.18"
"2023-02-06","230.18"
"2023-02-07","253.2"
"2023-02-08","259.75"
"2023-02-09","265.67"
"2023-02-12","249.38"
"2023-02-14","245.74"
"2023-02-15","245.56"
"2023-02-16","238.46"
"2023-02-20","234.73"
"2023-02-22","250.11"
"2023-02-23","240.37"
"2023-02-26","243.83"
"2023-02-27","240.19"
"2023-02-28","244.74"
"2023-03-01","239.28"
"2023-03-02","235.64"
"2023-03-05","227.82"
"2023-03-07","231.09"
"2023-03-09","243.83"
"2023-03-12","239.56"
"2023-03-13","234.73"
"2023-03-14","235.64"
"2023-03-15","235.64"
"2023-03-16","239.28"
"2023-03-19","238.37"
"2023-03-20","243.83"
"2023-03-22","242.01"
"2023-03-23","237.46"
"2023-03-26","236.55"
"2023-03-27","241.92"
"2023-03-28","241.1"
"2023-03-29","240.19"
"2023-03-30","237.92"
"2023-04-02","232"
"2023-04-03","231.09"
"2023-04-04","229.27"
"2023-04-05","230.18"
"2023-04-06","227.55"
"2023-04-09","222"
"2023-04-10","222.91"
"2023-04-11","230.82"
"2023-04-12","245.2"
"2023-04-13","239.28"
"2023-04-16","239.28"
"2023-04-17","231.09"
"2023-04-18","230.28"
"2023-04-19","233.82"
"2023-04-20","231.18"
"2023-04-23","230.91"
"2023-04-24","230.18"
"2023-04-25","232"
"2023-04-26","230.09"
"2023-04-27","231.91"
"2023-04-30","225.63"
"2023-05-02","223"
"2023-05-03","222"
"2023-05-04","222.72"
"2023-05-07","220.18"
"2023-05-08","210.17"
"2023-05-09","214.72"
"2023-05-10","216.17"
"2023-05-11","211.17"
"2023-05-14","211.99"
"2023-05-15","211.99"
"2023-05-16","212.9"
"2023-05-17","220.18"
"2023-05-18","227.36"
"2023-05-21","225.63"
"2023-05-22","228.36"
"2023-05-23","233.82"
"2023-05-24","230.28"
"2023-05-28","224.82"
"2023-05-30","218.9"
"2023-05-31","214.72"
"2023-06-01","216.54"
"2023-06-04","226.45"
"2023-06-05","221.09"
"2023-06-06","228.46"
"2023-06-07","228.36"
"2023-06-08","229.18"
"2023-06-11","235.37"
"2023-06-12","232.91"
"2023-06-13","236.55"
"2023-06-14","237.46"
"2023-06-15","238.37"
"2023-06-18","242.92"
"2023-06-19","241.1"
"2023-06-20","234.73"
"2023-06-21","232.64"
"2023-06-22","225.73"
"2023-06-25","232"
"2023-06-26","231"
"2023-06-27","233.37"
"2023-06-28","227.36"
"2023-07-02","219.27"
"2023-07-03","216.54"
"2023-07-04","215.54"
"2023-07-05","210.17"
"2023-07-06","211.08"
"2023-07-09","212.9"
"2023-07-10","212.81"
"2023-07-11","210.17"
"2023-07-12","222.91"
"2023-07-13","214.72"
"2023-07-16","212.9"
"2023-07-17","215.63"
"2023-07-18","214.72"
"2023-07-19","212.17"
"2023-07-20","215.54"
"2023-07-23","216.54"
"2023-07-24","215.63"
"2023-07-25","216.99"
"2023-07-26","215.63"
"2023-07-27","212.9"
"2023-07-30","207.62"
"2023-07-31","207.44"
"2023-08-01","203.8"
"2023-08-02","202.43"
"2023-08-03","201.07"
"2023-08-06","200.07"
"2023-08-07","196.98"
"2023-08-08","193.79"
"2023-08-09","197.25"
"2023-08-10","196.07"
"2023-08-13","195.61"
"2023-08-14","194.61"
"2023-08-15","191.15"
"2023-08-16","190.15"
"2023-08-17","191.97"
"2023-08-20","190.15"
"2023-08-21","187.42"
"2023-08-22","190.15"
"2023-08-23","199.25"
"2023-08-24","197.89"
"2023-08-27","194.61"
"2023-08-28","194.7"
"2023-08-29","193.79"
"2023-08-30","191.97"
"2023-09-03","188.33"
"2023-09-04","189.24"
"2023-09-05","188.33"
"2023-09-07","183.78"
"2023-09-10","185.33"
"2023-09-11","190.15"
"2023-09-12","192.88"
"2023-09-13","197.43"
"2023-09-17","196.52"
"2023-09-18","197.25"
"2023-09-19","206.53"
"2023-09-21","215.63"
"2023-09-24","211.99"
"2023-09-25","209.17"
"2023-09-26","215.63"
"2023-09-27","211.08"
"2023-10-01","201.62"
"2023-10-02","207.44"
"2023-10-03","204.71"
"2023-10-04","209.26"
"2023-10-05","208.35"
"2023-10-08","200.16"
"2023-10-09","197.43"
"2023-10-10","192.88"
"2023-10-11","193.79"
"2023-10-12","188.7"
"2023-10-16","188.88"
"2023-10-17","191.97"
"2023-10-18","197.43"
"2023-10-19","193.79"
"2023-10-29","191.06"
"2023-10-30","193.79"
"2023-10-31","191.97"
"2023-11-01","192.61"
"2023-11-02","190.15"
"2023-11-05","187.33"
"2023-11-06","189.24"
"2023-11-07","188.33"
"2023-11-08","188.33"
"2023-11-09","189.15"
"2023-11-20","190.06"
"2023-11-21","188.24"
"2023-11-22","189.15"
"2023-11-23","190.06"
"2023-11-26","194.52"
"2023-11-27","194.7"
"2023-11-28","194.7"
"2023-11-29","191.06"
"2023-11-30","189.24"
"2023-12-03","186.88"
"2023-12-04","188.33"
"2023-12-05","187.06"
"2023-12-06","187.42"
"2023-12-07","188.06"
"2023-12-10","206.53"
"2023-12-11","198.43"
"2023-12-12","201.98"
"2023-12-13","201.52"
"2023-12-14","203.8"
"2023-12-17","217.36"
"2023-12-18","214.63"
"2023-12-19","214.63"
"2023-12-20","217.45"
"2023-12-21","217.45"
"2023-12-24","222.91"
"2023-12-27","221.72"
"2023-12-28","217.9"
"2024-01-01","219.43"
"2024-01-02","211.32"
"2024-01-03","219.43"
"2024-01-04","229.16"
"2024-01-07","231.92"
"2024-01-08","232.78"
"2024-01-09","231.07"
"2024-01-10","230.78"
"2024-01-11","241.37"
"2024-01-14","257.59"
"2024-01-16","269.04"
"2024-01-17","251.58"
"2024-01-18","267.13"
"2024-01-21","275.71"
"2024-01-22","265.22"
"2024-01-23","267.13"
"2024-01-24","259.02"
"2024-01-25","253.77"
"2024-01-28","256.63"
"2024-01-29","264.17"
"2024-01-30","274.95"
"2024-01-31","268.94"
"2024-02-01","261.4"
"2024-02-04","256.16"
"2024-02-05","256.63"
"2024-02-06","258.54"
"2024-02-07","263.22"
"2024-02-08","263.79"
"2024-02-11","264.27"
"2024-02-12","267.13"
"2024-02-13","259.02"
"2024-02-14","259.5"
"2024-02-15","261.4"
"2024-02-18","252.53"
"2024-02-20","251.86"
"2024-02-21","248.05"
"2024-02-22","237.55"
"2024-02-25","233.74"
"2024-02-26","236.41"
"2024-02-27","240.22"
"2024-02-28","237.55"
"2024-02-29","235.65"
"2024-03-03","227.54"
"2024-03-04","240.42"
"2024-03-05","234.69"
"2024-03-06","238.41"
"2024-03-07","239.46"
"2024-03-10","240.7"
"2024-03-12","247.57"
"2024-03-13","243.28"
"2024-03-14","235.74"
"2024-03-17","235.65"
"2024-03-18","235.84"
"2024-03-19","234.79"
"2024-03-20","233.74"
"2024-03-21","231.83"
"2024-03-25","228.49"
"2024-03-26","231.73"
"2024-03-27","228.01"
"2024-03-28","228.01"
"2024-03-31","227.92"
"2024-04-01","226.11"
"2024-04-02","225.25"
"2024-04-03","225.34"
"2024-04-04","224.67"
"2024-04-07","227.15"
"2024-04-09","228.97"
"2024-04-10","228.97"
"2024-04-14","228.49"
"2024-04-15","225.63"
"2024-04-16","223.05"
"2024-04-18","216.56"
"2024-04-21","219.43"
"2024-04-22","217.71"
"2024-04-24","216.28"
"2024-04-25","215.61"
"2024-04-28","217.52"
"2024-04-29","216.56"
"2024-04-30","223.15"
"2024-05-02","222.19"
"2024-05-05","215.61"
"2024-05-06","216.56"
"2024-05-07","215.61"
"2024-05-08","215.61"
"2024-05-09","219.33"
"2024-05-12","217.52"
"2024-05-13","217.42"
"2024-05-14","225.15"
"2024-05-15","224.2"
"2024-05-16","221.33"
"2024-05-19","227.06"
"2024-05-20","230.4"
"2024-05-21","233.74"
"2024-05-22","233.74"
"2024-05-26","228.01"
"2024-05-27","228.01"
"2024-05-29","221.33"
"2024-05-30","220.38"
"2024-06-02","220.38"
"2024-06-03","221.24"
"2024-06-04","221.33"
"2024-06-05","219.33"
"2024-06-06","218.47"
"2024-06-09","219.33"
"2024-06-10","228.87"
"2024-06-11","242.32"
"2024-06-12","242.32"
"2024-06-13","252.82"
"2024-06-16","257.59"
"2024-06-18","249.96"
"2024-06-19","256.54"
"2024-06-20","253.2"
"2024-06-23","246.24"
"2024-06-24","243.28"
"2024-06-25","246.33"
"2024-06-26","242.04"
"2024-06-27","242.9"
"2024-06-30","234.69"
"2024-07-01","241.37"
"2024-07-02","244.52"
"2024-07-03","243.18"
"2024-07-04","240.61"
"2024-07-07","242.32"
"2024-07-08","239.46"
"2024-07-09","243.28"
"2024-07-10","246.14"
"2024-07-11","254.06"
"2024-07-14","257.11"
"2024-07-15","255.87"
"2024-07-16","271.9"
"2024-07-17","273.23"
"2024-07-18","289.07"
"2024-07-21","306.24"
"2024-07-22","318.55"
"2024-07-23","332.48"
"2024-07-24","319.6"
"2024-07-25","316.74"
"2024-07-28","318.65"
"2024-07-29","325.32"
"2024-07-30","346.31"
"2024-07-31","367.3"
"2024-08-01","369.21"
"2024-08-05","381.13"
"2024-08-06","360.91"
"2024-08-07","385.43"
"2024-08-08","381.61"
"2024-08-11","393.06"
"2024-08-12","402.6"
"2024-08-13","394.97"
"2024-08-14","396.88"
"2024-08-15","421.68"
"2024-08-18","405.94"
"2024-08-21","406.04"
"2024-08-22","407.37"
"2024-08-25","401.65"
"2024-08-27","395.92"
"2024-08-28","409.28"
"2024-08-29","429.22"
"2024-09-01","429.31"
"2024-09-02","441.72"
"2024-09-03","437.9"
"2024-09-04","422.16"
"2024-09-05","413.09"
"2024-09-08","411.19"
"2024-09-09","399.26"
"2024-09-10","386.48"
"2024-09-11","389.15"
"2024-09-12","405.56"
"2024-09-15","390.2"
"2024-09-16","381.61"
"2024-09-18","380.66"
"2024-09-22","372.17"
"2024-09-23","358.72"
"2024-09-24","342.5"
"2024-09-25","355.38"
"2024-09-26","348.51"
"2024-09-29","332.96"
"2024-09-30","340.59"
"2024-10-01","370.16"
"2024-10-02","365.39"
"2024-10-06","382.57"
"2024-10-07","380.66"
"2024-10-08","374.93"
"2024-10-09","375.98"
"2024-10-15","383.52"
"2024-10-16","393.06"
"2024-10-17","394.97"
"2024-10-20","386.38"
"2024-10-21","373.03"
"2024-10-22","372.07"
"2024-10-23","379.61"
"2024-10-24","380.66"
"2024-10-27","377.8"
"2024-10-28","376.84"
"2024-10-29","388.29"
"2024-10-30","388.77"
"2024-11-05","387.34"
"2024-11-06","383.52"
"2024-11-10","397.83"
"2024-11-11","394.97"
"2024-11-12","385.81"
"2024-11-13","391.06"
"2024-11-14","383.62"
"2024-11-17","383.52"
"2024-11-19","374.93"
"2024-11-20","373.5"
"2024-11-21","363.49"
"2024-11-24","362.44"
"2024-11-25","371.12"
"2024-11-26","374.93"
"2024-11-27","377.8"
"2024-11-28","371.02"
"2024-12-01","368.26"
"2024-12-02","372.07"
"2024-12-03","379.61"
"2024-12-04","388.29"
"2024-12-05","381.61"
"2024-12-08","372.55"
"2024-12-09","368.54"
"2024-12-10","369.21"
"2024-12-11","380.66"
"2024-12-12","375.89"
"2024-12-16","367.87"
"2024-12-17","365.97"
"2024-12-18","364.63"
"2024-12-19","359"
"2024-12-22","350"
"2024-12-23","354"
"2024-12-24","357.4"
"2024-12-26","354"
"2024-12-29","348"
"2024-12-31","330"
"2025-01-01","328"
"2025-01-02","337.9"
"2025-01-05","336"
"2025-01-06","351.5"
"2025-01-07","347.2"
"2025-01-08","350"
"2025-01-09","356"
"2025-01-12","350"
"2025-01-13","346"
"2025-01-15","347.9"
"2025-01-16","345"
"2025-01-19","346"
"2025-01-20","349"
"2025-01-21","348.9"
"2025-01-22","355"
"2025-01-23","357"
"2025-01-26","376.9"
"2025-01-27","373"
"2025-01-28","382"
"2025-02-02","395"
"2025-02-03","410.9"
"2025-02-04","418"
"2025-02-05","410"
"2025-02-06","403.9"
"2025-02-09","398"
"2025-02-10","393"
"2025-02-11","399.8"
"2025-02-12","402"
"2025-02-13","419.6"
"2025-02-16","416"
"2025-02-17","411.9"
"2025-02-18","408.9"
"2025-02-20","404.3"
"2025-02-23","402"
"2025-02-24","404"
"2025-02-25","398.6"
"2025-02-27","406.7"
"2025-03-02","418.1"
"2025-03-03","415"
"2025-03-04","411"
"2025-03-05","408"
"2025-03-06","410"
"2025-03-09","402.9"
"2025-03-10","398.4"
"2025-03-11","399.9"
"2025-03-12","397.7"
"2025-03-16","394.8"
"2025-03-17","389.9"
"2025-03-18","389"
"2025-03-19","392"
"2025-03-20","398.48"
"2025-03-23","387.46"
"2025-03-24","388.01"
"2025-03-25","373.66"
"2025-03-26","382.44"
"2025-03-27","387.41"
"2025-03-30","390.49"
"2025-04-01","407.21"
"2025-04-02","420.01"
"2025-04-03","440.61"
"2025-04-07","447.12"
"2025-04-08","441.92"
"2025-04-09","450.7"
"2025-04-10","471.64"
"2025-04-13","494.32"
"2025-04-15","482.48"
"2025-04-16","530.58"
"2025-04-17","539.17"
"2025-04-20","571.16"
"2025-04-21","562.3"
"2025-04-22","553.94"
"2025-04-23","577.95"
"2025-04-24","616.56"
"2025-04-27","627.17"
"2025-04-28","618.05"
"2025-04-29","661.3"
"2025-04-30","667.89"
"2025-05-04","651.66"
"2025-05-05","699.37"
"2025-05-06","697.24"
"2025-05-07","713.44"
"2025-05-08","703.24"
"2025-05-11","736.58"
"2025-05-13","752.22"
"2025-05-14","714.8"
"2025-05-15","716.86"
"2025-05-18","690.03"
"2025-05-19","724.24"
"2025-05-20","747.56"
"2025-05-21","773.75"
"2025-05-22","768.65"
"2025-05-25","791.76"
"2025-05-26","801.77"
"2025-05-27","793.57"
"2025-05-28","780.96"
"2025-06-02","771.41"
"2025-06-03","778.96"
"2025-06-04","786.45"
"2025-06-05","845.87"
"2025-06-08","824.41"
"2025-06-09","826.55"
"2025-06-10","823.2"
"2025-06-11","844.45"
"2025-06-12","840.59"
"2025-06-15","831.1"
"2025-06-16","805.88"
"2025-06-17","829.78"
"2025-06-18","835.89"
"2025-06-19","812.92"
"2025-06-22","786.95"
"2025-06-23","825.22"
"2025-06-24","803.9"
"2025-06-25","800.28"
"2025-06-26","781.11"
"2025-06-29","777.06"
"2025-06-30","781.34"
"2025-07-01","804.73"
"2025-07-02","793.88"
"2025-07-03","780.04"
"2025-07-06","772.76"
"2025-07-07","769.95"
"2025-07-08","788.79"
"2025-07-09","791.3"
"2025-07-10","779.41"
"2025-07-13","766.23"
"2025-07-14","763.78"
"2025-07-15","802.3"
"2025-07-16","810.24"
"2025-07-17","832.96"
"2025-07-20","812.53"
"2025-07-21","809.27"
"2025-07-22","810.6"
"2025-07-23","813.64"
"2025-07-24","870.54"
"2025-07-27","851.96"
"2025-07-28","845.76"
"2025-07-29","848.24"
"2025-07-30","828.23"
"2025-07-31","821.25"
"2025-08-03","811.12"
"2025-08-04","806.31"
"2025-08-05","783.08"
"2025-08-06","792.02"
"2025-08-07","797.27"
"2025-08-11","768.71"
"2025-08-12","762.28"
"2025-08-13","764.22"
"2025-08-14","798.08"
"2025-08-17","772.43"
"2025-08-18","776.02"
"2025-08-19","767.34"
"2025-08-20","769.34"
"2025-08-21","766.87"
"2025-08-24","752.34"
"2025-08-25","756.85"
"2025-08-26","756.21"
"2025-08-27","775.56"
"2025-08-28","761.34"
"2025-08-31","756.05"
"2025-09-01","762.62"
"2025-09-02","758.05"
"2025-09-03","753.36"
"2025-09-04","762.11"
"2025-09-07","760.75"
"2025-09-08","752.11"
"2025-09-18","709"
"2025-09-21","740.92"
"2025-09-23","761"
"2025-09-24","755"
"2025-09-25","746"
"2025-09-28","751"
"2025-10-07","709"
"2025-10-08","690"
"2025-10-09","694"
"2025-10-12","635"
"2025-10-13","670"
"2025-10-14","660"
"2025-10-15","642"
"2025-10-16","631.6"
"2025-10-19","639"
"2025-10-26","659.7"
"2025-10-28","723"
"2025-10-29","728"
"2025-10-30","767"
"2025-11-02","755.1"
"2025-11-03","775"
"2025-11-04","770"
"2025-11-05","796"
"2025-11-06","792"
"2025-11-09","777"
"2025-11-10","779"
"2025-11-11","769"
"2025-11-12","745"
"2025-11-13","740"
"2025-11-16","722"
"2025-11-17","750.1"
"2025-11-18","749"
"2025-11-19","743"
"2025-11-20","747"
"2025-11-23","769"
"2025-11-24","769"
"2025-11-25","769"
"2025-11-26","749"
"2025-11-27","744.9"
"2025-11-30","737.1"
"2025-12-01","733"
"2025-12-02","738.6"
"2025-12-03","735"
"2025-12-07","724"
"2025-12-08","717.1"
"2025-12-09","731"
"2025-12-10","725.3"
"2025-12-11","722.2"
"2025-12-14","720"
"2025-12-15","721"
"2025-12-16","721"
"2025-12-17","732.9"
"2025-12-18","748"
"2025-12-21","735"
"2025-12-22","725"
"2025-12-23","725"
"2025-12-24","730"
"2025-12-28","753"
"2025-12-29","749.7"
"2025-12-31","754"
"2026-01-01","745"
"2026-01-04","733"
"2026-01-05","750"
"2026-01-06","764.7"
"2026-01-07","753.5"
"2026-01-08","763"
"2026-01-12","788"
"2026-01-13","819"
"2026-01-14","802"
"2026-01-18","792.7"
"2026-01-20","820.5"
"2026-01-21","815"
"2026-01-22","805"
"2026-01-25","811"
"2026-01-26","810"
"2026-01-27","827"
"2026-01-28","863"
"2026-01-29","860"
"2026-02-01","845"
"2026-02-02","844"
"2026-02-03","836"
"2026-02-04","850"
"2026-02-05","875"
"2026-02-08","886"
"2026-02-09","862"
"2026-02-10","852.8"
"2026-02-11","848"
"2026-02-12","845"
"2026-02-16","845"
"2026-02-17","831.7"
"2026-02-22","840"
"2026-02-23","847.9"
"2026-02-24","855.6"
"2026-02-25","850"
"2026-02-26","849"
"2026-03-01","856.9"
"2026-03-03","873.5"
"2026-03-09","920"
"2026-03-10","897"
"2026-03-11","875"
"2026-03-12","874.5"
"2026-03-15","900"
"2026-03-16","888"
"2026-03-17","882"
"2026-03-19","884.5"
"2026-03-22","877.3"
"2026-03-23","878"
"2026-03-24","905"
"2026-03-25","899.9"
"2026-03-26","897"
"2026-03-29","872"
"2026-03-30","864.5"
"2026-03-31","854"
"2026-04-01","823"
"2026-04-02","821"
"2026-04-05","776"
"2026-04-06","809.5"
"2026-04-07","809"
"2026-04-08","825"
"2026-04-09","840"
"2026-04-10","825.1"
"2026-04-13","812"
"2026-04-15","825"
"2026-04-16","814.5"
"2026-04-17","806"
"2026-04-20","799.8"
"2026-04-21","794"
"2026-04-22","803"
"2026-04-23","789"
"2026-04-24","790"
"2026-04-27","789"
"2026-04-28","780"
"2026-04-29","764.8"
"2026-04-30","754"
