"2018-03-26","3,860"
"2018-03-27","2,710"
"2018-03-28","1,120"
"2018-03-29","3,190"
"2018-04-01","21,750"
"2018-04-02","6,180"
"2018-04-03","2,090"
"2018-04-04","850"
"2018-04-05","3,630"
"2018-04-08","4,070"
"2018-04-09","3,250"
"2018-04-10","2,540"
"2018-04-11","1,560"
"2018-04-12","6,020"
"2018-04-15","2,980"
"2018-04-16","5,310"
"2018-04-17","1,635"
"2018-04-18","5,500"
"2018-04-19","6,566"
"2018-04-22","10,737"
"2018-04-23","2,670"
"2018-04-24","2,230"
"2018-04-25","560"
"2018-04-26","1,230"
"2018-04-29","4,020"
"2018-05-02","6,655"
"2018-05-03","1,380"
"2018-05-06","5,045"
"2018-05-07","2,940"
"2018-05-08","2,105"
"2018-05-09","4,020"
"2018-05-10","2,990"
"2018-05-14","3,780"
"2018-05-15","5,948"
"2018-05-16","3,720"
"2018-05-17","8,242"
"2018-05-20","3,590"
"2018-05-21","5,050"
"2018-05-22","1,120"
"2018-05-23","1,720"
"2018-05-24","3,990"
"2018-05-27","3,288"
"2018-05-28","1,020"
"2018-05-29","1,910"
"2018-05-30","1,512"
"2018-05-31","1,080"
"2018-06-03","2,715"
"2018-06-04","780"
"2018-06-06","2,170"
"2018-06-07","2,640"
"2018-06-10","2,600"
"2018-06-11","1,040"
"2018-06-12","6,212"
"2018-06-13","7,795"
"2018-06-14","11,583"
"2018-06-17","17,041"
"2018-06-18","8,600"
"2018-06-19","1,830"
"2018-06-20","630"
"2018-06-21","510"
"2018-06-24","940"
"2018-06-25","3,021"
"2018-06-26","3,310"
"2018-06-27","167"
"2018-06-28","410"
"2018-07-01","410"
"2018-07-02","899"
"2018-07-03","340"
"2018-07-04","230"
"2018-07-05","420"
"2018-07-08","2,710"
"2018-07-09","240"
"2018-07-10","1,060"
"2018-07-11","300"
"2018-07-12","3,970"
"2018-07-15","690"
"2018-07-16","260"
"2018-07-17","234"
"2018-07-18","240"
"2018-07-19","350"
"2018-07-22","550"
"2018-07-23","840"
"2018-07-24","726"
"2018-07-25","709"
"2018-07-26","380"
"2018-07-29","180"
"2018-07-30","530"
"2018-07-31","1,320"
"2018-08-01","210"
"2018-08-02","280"
"2018-08-05","190"
"2018-08-06","1,650"
"2018-08-07","400"
"2018-08-08","200"
"2018-08-09","1,490"
"2018-08-12","200"
"2018-08-13","200"
"2018-08-14","310"
"2018-08-15","190"
"2018-08-16","568"
"2018-08-19","200"
"2018-08-20","180"
"2018-08-21","630"
"2018-08-22","170"
"2018-08-23","350"
"2018-08-26","380"
"2018-08-28","130"
"2018-08-29","1,010"
"2018-08-30","240"
"2018-09-02","200"
"2018-09-03","110"
"2018-09-04","160"
"2018-09-05","380"
"2018-09-06","380"
"2018-09-09","370"
"2018-09-10","110"
"2018-09-11","960"
"2018-09-12","70"
"2018-09-13","130"
"2018-09-16","220"
"2018-09-17","190"
"2018-09-18","300"
"2018-09-20","260"
"2018-09-23","1,514"
"2018-09-25","183"
"2018-09-26","253"
"2018-09-27","302"
"2018-09-30","512"
"2018-10-01","371"
"2018-10-02","502"
"2018-10-03","255"
"2018-10-04","611"
"2018-10-07","634"
"2018-10-08","560"
"2018-10-09","611"
"2018-10-10","339"
"2018-10-11","242"
"2018-10-14","240"
"2018-10-15","208"
"2018-10-21","599"
"2018-10-22","1,455"
"2018-10-23","323"
"2018-10-24","397"
"2018-10-25","123"
"2018-10-28","504"
"2018-10-29","340"
"2018-10-30","484"
"2018-10-31","535"
"2018-11-01","76"
"2018-11-04","98"
"2018-11-05","354"
"2018-11-12","154"
"2018-11-13","298"
"2018-11-14","376"
"2018-11-15","349"
"2018-11-18","170"
"2018-11-19","296"
"2018-11-20","182"
"2018-11-21","294"
"2018-11-22","217"
"2018-11-25","1,534"
"2018-11-26","249"
"2018-11-27","262"
"2018-11-28","176"
"2018-11-29","861"
"2018-12-02","1,020"
"2018-12-03","614"
"2018-12-04","1,376"
"2018-12-05","1,362"
"2018-12-06","5,894"
"2018-12-09","573"
"2018-12-10","165"
"2018-12-11","1,698"
"2018-12-12","43"
"2018-12-13","2,147"
"2018-12-16","693"
"2018-12-17","55"
"2018-12-18","76"
"2018-12-19","2,721"
"2018-12-20","88"
"2018-12-23","141"
"2018-12-24","171"
"2018-12-25","1,321"
"2018-12-26","453"
"2018-12-27","88"
"2018-12-30","1,575"
"2018-12-31","1,510"
"2019-01-01","132"
"2019-01-02","209"
"2019-01-03","165"
"2019-01-06","143"
"2019-01-07","33"
"2019-01-08","232"
"2019-01-09","198"
"2019-01-10","77"
"2019-01-13","130"
"2019-01-14","164"
"2019-01-15","398"
"2019-01-16","921"
"2019-01-17","420"
"2019-01-20","75"
"2019-01-21","661"
"2019-01-22","528"
"2019-01-23","1,083"
"2019-01-24","691"
"2019-01-27","810"
"2019-01-28","561"
"2019-01-29","297"
"2019-01-30","340"
"2019-01-31","230"
"2019-02-03","798"
"2019-02-04","1,058"
"2019-02-05","436"
"2019-02-06","306"
"2019-02-07","362"
"2019-02-10","791"
"2019-02-11","405"
"2019-02-12","182"
"2019-02-13","843"
"2019-02-14","915"
"2019-02-17","197"
"2019-02-18","397"
"2019-02-19","186"
"2019-02-20","77"
"2019-02-21","417"
"2019-02-24","388"
"2019-02-25","372"
"2019-02-26","730"
"2019-02-27","543"
"2019-03-03","252"
"2019-03-05","1,728"
"2019-03-06","663"
"2019-03-07","1,731"
"2019-03-10","215"
"2019-03-11","206"
"2019-03-12","444"
"2019-03-13","1,154"
"2019-03-14","110"
"2019-03-17","150"
"2019-03-18","687"
"2019-03-19","100"
"2019-03-21","320"
"2019-03-24","416"
"2019-03-25","241"
"2019-03-26","631"
"2019-03-27","431"
"2019-03-28","485"
"2019-03-31","507"
"2019-04-01","352"
"2019-04-02","687"
"2019-04-03","209"
"2019-04-04","552"
"2019-04-07","434"
"2019-04-08","978"
"2019-04-09","1,359"
"2019-04-10","833"
"2019-04-11","866"
"2019-04-15","509"
"2019-04-16","153"
"2019-04-17","305"
"2019-04-18","1,598"
"2019-04-21","393"
"2019-04-22","3,673"
"2019-04-23","267"
"2019-04-24","183"
"2019-04-25","127"
"2019-04-28","2,111"
"2019-04-29","491"
"2019-04-30","286"
"2019-05-02","397"
"2019-05-05","405"
"2019-05-06","237"
"2019-05-07","509"
"2019-05-08","654"
"2019-05-09","1,021"
"2019-05-12","2,002"
"2019-05-13","230"
"2019-05-14","607"
"2019-05-15","721"
"2019-05-16","284"
"2019-05-19","1,475"
"2019-05-20","763"
"2019-05-21","6,295"
"2019-05-22","1,717"
"2019-05-23","99"
"2019-05-26","509"
"2019-05-27","442"
"2019-05-28","241"
"2019-05-29","587"
"2019-05-30","1,029"
"2019-06-02","242"
"2019-06-03","715"
"2019-06-04","599"
"2019-06-06","2,094"
"2019-06-10","867"
"2019-06-11","2,035"
"2019-06-12","689"
"2019-06-13","895"
"2019-06-16","2,304"
"2019-06-17","354"
"2019-06-18","191"
"2019-06-19","1,153"
"2019-06-20","1,029"
"2019-06-23","1,194"
"2019-06-24","343"
"2019-06-25","1,127"
"2019-06-26","2,183"
"2019-06-27","160"
"2019-06-30","2,576"
"2019-07-01","250"
"2019-07-02","120"
"2019-07-03","132"
"2019-07-04","306"
"2019-07-07","227"
"2019-07-08","77"
"2019-07-09","3,317"
"2019-07-10","2,038"
"2019-07-11","110"
"2019-07-14","477"
"2019-07-15","1,247"
"2019-07-16","95"
"2019-07-17","620"
"2019-07-18","409"
"2019-07-21","1,004"
"2019-07-22","183"
"2019-07-23","685"
"2019-07-24","1,521"
"2019-07-25","120"
"2019-07-28","163"
"2019-07-29","143"
"2019-07-30","2,355"
"2019-07-31","661"
"2019-08-01","110"
"2019-08-04","396"
"2019-08-05","196"
"2019-08-06","197"
"2019-08-07","131"
"2019-08-08","339"
"2019-08-11","187"
"2019-08-12","252"
"2019-08-13","940"
"2019-08-14","243"
"2019-08-15","88"
"2019-08-18","198"
"2019-08-19","181"
"2019-08-20","155"
"2019-08-21","185"
"2019-08-22","207"
"2019-08-25","176"
"2019-08-26","207"
"2019-08-27","486"
"2019-08-28","320"
"2019-08-29","396"
"2019-09-01","155"
"2019-09-02","345"
"2019-09-03","204"
"2019-09-04","226"
"2019-09-05","1,704"
"2019-09-08","3,665"
"2019-09-09","176"
"2019-09-10","1,086"
"2019-09-11","266"
"2019-09-12","299"
"2019-09-15","202"
"2019-09-16","620"
"2019-09-17","1,216"
"2019-09-18","1,480"
"2019-09-19","184"
"2019-09-22","111"
"2019-09-23","100"
"2019-09-24","83"
"2019-09-25","79"
"2019-09-26","112"
"2019-09-29","133"
"2019-09-30","47"
"2019-10-01","81"
"2019-10-02","22"
"2019-10-03","56"
"2019-10-10","39"
"2019-10-14","80"
"2019-10-15","292"
"2019-10-16","10"
"2019-10-17","103"
"2019-10-20","142"
"2019-10-21","464"
"2019-10-22","113"
"2019-10-23","69"
"2019-10-24","76"
"2019-10-31","173"
"2019-11-03","178"
"2019-11-04","69"
"2019-11-05","268"
"2019-11-06","80"
"2019-11-07","79"
"2019-11-10","147"
"2019-11-11","343"
"2019-11-12","10"
"2019-11-14","3,467"
"2019-11-17","221"
"2019-11-19","230"
"2019-11-20","653"
"2019-11-21","24"
"2019-11-24","203"
"2019-11-25","280"
"2019-11-26","139"
"2019-11-27","230"
"2019-11-28","34"
"2019-12-01","1,348"
"2019-12-02","34"
"2019-12-03","127"
"2019-12-04","105"
"2019-12-05","60"
"2019-12-08","103"
"2019-12-09","69"
"2019-12-10","48"
"2019-12-11","162"
"2019-12-12","382"
"2019-12-15","223"
"2019-12-16","140"
"2019-12-17","273"
"2019-12-18","2,810"
"2019-12-19","138"
"2019-12-22","117"
"2019-12-23","113"
"2019-12-24","1,056"
"2019-12-25","68"
"2019-12-26","138"
"2019-12-29","239"
"2019-12-30","171"
"2019-12-31","62"
"2020-01-01","368"
"2020-01-02","128"
"2020-01-05","139"
"2020-01-06","218"
"2020-01-07","174"
"2020-01-08","492"
"2020-01-09","364"
"2020-01-12","1,504"
"2020-01-13","862"
"2020-01-14","42"
"2020-01-15","834"
"2020-01-16","1,265"
"2020-01-19","2,755"
"2020-01-20","1,493"
"2020-01-21","174"
"2020-01-22","408"
"2020-01-23","1,114"
"2020-01-26","384"
"2020-01-27","181"
"2020-01-28","353"
"2020-01-29","182"
"2020-01-30","644"
"2020-02-02","902"
"2020-02-03","499"
"2020-02-04","583"
"2020-02-05","274"
"2020-02-06","447"
"2020-02-09","240"
"2020-02-10","217"
"2020-02-11","243"
"2020-02-12","390"
"2020-02-13","1,940"
"2020-02-16","3,081"
"2020-02-17","2,310"
"2020-02-18","4,158"
"2020-02-20","1,490"
"2020-02-23","1,858"
"2020-02-24","1,940"
"2020-02-25","1,306"
"2020-02-26","6,318"
"2020-02-27","956"
"2020-03-01","1,012"
"2020-03-02","1,281"
"2020-03-03","1,672"
"2020-03-04","1,396"
"2020-03-05","1,483"
"2020-03-11","1,767"
"2020-03-12","464"
"2020-03-15","1,205"
"2020-03-16","227"
"2020-03-17","1,448"
"2020-03-18","1,122"
"2020-03-19","365"
"2020-03-22","10"
"2020-06-29","21"
"2020-06-30","325"
"2020-07-01","140"
"2020-07-05","1,110"
"2020-07-06","1,637"
"2020-07-07","2,914"
"2020-07-08","375"
"2020-07-09","1,614"
"2020-07-12","411"
"2020-07-13","2,135"
"2020-07-14","190"
"2020-07-15","1,019"
"2020-07-16","983"
"2020-07-20","1,930"
"2020-07-21","537"
"2020-07-22","1,332"
"2020-07-23","1,087"
"2020-07-26","1,325"
"2020-07-27","811"
"2020-07-28","868"
"2020-07-29","2,155"
"2020-07-30","503"
"2020-08-02","991"
"2020-08-03","1,269"
"2020-08-05","419"
"2020-08-06","939"
"2020-08-09","302"
"2020-08-10","1,205"
"2020-08-11","1,562"
"2020-08-12","572"
"2020-08-13","2,579"
"2020-08-16","594"
"2020-08-17","617"
"2020-08-18","2,715"
"2020-08-19","1,281"
"2020-08-20","241"
"2020-08-23","705"
"2020-08-24","1,652"
"2020-08-25","757"
"2020-08-26","925"
"2020-08-27","1,886"
"2020-08-30","2,399"
"2020-08-31","6,527"
"2020-09-02","12,827"
"2020-09-03","13,801"
"2020-09-06","7,598"
"2020-09-07","9,288"
"2020-09-08","3,471"
"2020-09-09","3,776"
"2020-09-10","1,341"
"2020-09-13","7,874"
"2020-09-14","10,764"
"2020-09-15","6,920"
"2020-09-16","5,398"
"2020-09-17","13,749"
"2020-09-20","8,827"
"2020-09-21","8,914"
"2020-09-22","5,433"
"2020-09-23","3,602"
"2020-09-24","10,210"
"2020-09-27","9,676"
"2020-09-28","1,761"
"2020-09-29","3,936"
"2020-09-30","3,755"
"2020-10-01","2,842"
"2020-10-04","4,280"
"2020-10-05","7,413"
"2020-10-06","12,678"
"2020-10-07","17,412"
"2020-10-08","11,881"
"2020-10-11","6,506"
"2020-10-12","2,994"
"2020-10-13","4,099"
"2020-10-14","4,002"
"2020-10-15","7,630"
"2020-10-18","2,831"
"2020-10-19","4,145"
"2020-10-20","3,193"
"2020-10-21","1,614"
"2020-10-22","1,055"
"2020-10-28","1,008"
"2020-10-29","940"
"2020-11-01","2,636"
"2020-11-02","5,024"
"2020-11-03","1,530"
"2020-11-04","1,900"
"2020-11-05","10,052"
"2020-11-08","10,210"
"2020-11-09","5,720"
"2020-11-10","3,294"
"2020-11-11","12,014"
"2020-11-12","1,901"
"2020-11-18","637"
"2020-11-19","6,202"
"2020-11-22","3,836"
"2020-11-23","7,459"
"2020-11-24","5,471"
"2020-11-25","7,763"
"2020-11-26","3,948"
"2020-11-29","8,150"
"2020-11-30","6,922"
"2020-12-01","7,911"
"2020-12-02","6,656"
"2020-12-03","2,597"
"2020-12-06","6,719"
"2020-12-07","2,936"
"2020-12-08","6,696"
"2020-12-09","5,278"
"2020-12-10","8,104"
"2020-12-13","1,774"
"2020-12-14","3,742"
"2020-12-15","2,173"
"2020-12-16","4,353"
"2020-12-17","4,285"
"2020-12-20","3,126"
"2020-12-21","2,353"
"2020-12-22","3,158"
"2020-12-23","1,496"
"2020-12-24","2,995"
"2020-12-27","1,240"
"2020-12-28","1,735"
"2020-12-29","3,356"
"2020-12-30","5,484"
"2020-12-31","10,186"
"2021-01-03","19,248"
"2021-01-04","2,560"
"2021-01-05","10,047"
"2021-01-06","6,174"
"2021-01-07","8,701"
"2021-01-10","5,600"
"2021-01-11","6,216"
"2021-01-12","12,343"
"2021-01-13","18,749"
"2021-01-17","21,358"
"2021-01-18","49,350"
"2021-01-19","22,883"
"2021-01-20","20,822"
"2021-01-21","33,247"
"2021-01-24","52,071"
"2021-01-25","17,698"
"2021-01-26","10,096"
"2021-01-27","11,978"
"2021-01-28","8,026"
"2021-01-31","12,463"
"2021-02-01","13,092"
"2021-02-02","22,681"
"2021-02-03","64,350"
"2021-02-04","91,837"
"2021-02-07","75,191"
"2021-02-08","44,355"
"2021-02-11","72,272"
"2021-02-14","21,735"
"2021-02-15","10,152"
"2021-02-16","7,525"
"2021-02-17","8,162"
"2021-02-18","13,893"
"2021-02-21","22,947"
"2021-02-22","44,817"
"2021-02-23","12,772"
"2021-02-24","11,932"
"2021-02-25","12,481"
"2021-02-28","19,858"
"2021-03-01","8,184"
"2021-03-02","19,414"
"2021-03-03","22,551"
"2021-03-04","7,149"
"2021-03-07","11,057"
"2021-03-09","16,496"
"2021-03-10","25,269"
"2021-03-14","25,709"
"2021-03-15","21,456"
"2021-03-16","14,493"
"2021-03-17","11,461"
"2021-03-18","57,959"
"2021-03-21","43,744"
"2021-03-22","15,410"
"2021-03-23","11,316"
"2021-03-24","19,467"
"2021-03-25","16,131"
"2021-03-29","12,444"
"2021-03-30","15,653"
"2021-03-31","11,957"
"2021-04-01","25,216"
"2021-04-04","47,769"
"2021-04-05","18,543"
"2021-04-06","79,433"
"2021-04-07","43,337"
"2021-04-08","22,456"
"2021-04-12","25,216"
"2021-04-13","33,520"
"2021-04-15","28,326"
"2021-04-18","33,502"
"2021-04-19","27,882"
"2021-04-20","10,592"
"2021-04-21","13,469"
"2021-04-22","14,745"
"2021-04-25","18,635"
"2021-04-26","32,406"
"2021-04-27","11,462"
"2021-04-28","4,174"
"2021-04-29","17,905"
"2021-05-02","33,486"
"2021-05-03","73,191"
"2021-05-04","62,066"
"2021-05-05","152,698"
"2021-05-06","99,614"
"2021-05-09","67,722"
"2021-05-10","41,514"
"2021-05-11","49,627"
"2021-05-12","59,157"
"2021-05-13","56,968"
"2021-05-16","58,617"
"2021-05-17","3,895"
"2021-05-18","5,950"
"2021-05-19","322,943"
"2021-05-20","105,417"
"2021-05-23","74,221"
"2021-05-24","50,652"
"2021-05-25","177,884"
"2021-05-27","164,183"
"2021-05-30","132,057"
"2021-05-31","726,094"
"2021-06-01","177,661"
"2021-06-02","139,600"
"2021-06-03","142,118"
"2021-06-06","163,213"
"2021-06-07","88,862"
"2021-06-08","41,746"
"2021-06-09","71,362"
"2021-06-10","49,660"
"2021-06-13","79,043"
"2021-06-14","43,894"
"2021-06-15","85,000"
"2021-06-16","50,529"
"2021-06-17","31,023"
"2021-06-20","33,623"
"2021-06-21","44,085"
"2021-06-22","102,549"
"2021-06-23","315,734"
"2021-06-24","126,487"
"2021-06-27","140,998"
"2021-06-28","459,707"
"2021-06-29","630,212"
"2021-06-30","39,385"
"2021-07-01","42,512"
"2021-07-04","34,798"
"2021-07-05","19,004"
"2021-07-06","48,746"
"2021-07-07","60,949"
"2021-07-08","36,912"
"2021-07-11","47,390"
"2021-07-12","70,423"
"2021-07-13","26,322"
"2021-07-14","26,967"
"2021-07-15","66,613"
"2021-07-18","96,242"
"2021-07-19","78,026"
"2021-07-20","86,497"
"2021-07-22","112,770"
"2021-07-25","183,719"
"2021-07-26","157,792"
"2021-07-27","75,203"
"2021-07-28","102,198"
"2021-07-29","57,828"
"2021-08-01","89,420"
"2021-08-02","70,475"
"2021-08-03","58,527"
"2021-08-04","216,769"
"2021-08-05","117,278"
"2021-08-08","367,133"
"2021-08-09","277,792"
"2021-08-10","116,998"
"2021-08-11","121,713"
"2021-08-12","121,120"
"2021-08-15","154,822"
"2021-08-16","51,760"
"2021-08-17","72,312"
"2021-08-18","87,888"
"2021-08-19","92,019"
"2021-08-24","86,876"
"2021-08-25","68,796"
"2021-08-26","41,897"
"2021-08-29","38,602"
"2021-08-31","84,349"
"2021-09-01","51,886"
"2021-09-02","87,089"
"2021-09-05","127,232"
"2021-09-06","97,948"
"2021-09-07","51,428"
"2021-09-08","40,938"
"2021-09-09","31,383"
"2021-09-12","67,298"
"2021-09-13","105,321"
"2021-09-14","28,256"
"2021-09-15","39,345"
"2021-09-16","68,938"
"2021-09-20","78,724"
"2021-09-21","58,066"
"2021-09-22","47,579"
"2021-09-23","39,795"
"2021-09-26","38,743"
"2021-09-27","72,356"
"2021-09-28","51,163"
"2021-09-29","55,428"
"2021-09-30","34,464"
"2021-10-03","35,054"
"2021-10-04","62,765"
"2021-10-05","44,762"
"2021-10-06","28,251"
"2021-10-10","28,013"
"2021-10-11","26,874"
"2021-10-17","10,844"
"2021-10-18","21,624"
"2021-10-19","32,573"
"2021-10-20","16,635"
"2021-10-21","10,000"
"2021-10-24","34,910"
"2021-10-25","47,122"
"2021-10-26","69,652"
"2021-10-27","119,365"
"2021-10-28","54,102"
"2021-10-31","55,328"
"2021-11-01","53,468"
"2021-11-02","30,236"
"2021-11-03","27,303"
"2021-11-08","20,642"
"2021-11-09","57,048"
"2021-11-11","60,336"
"2021-11-14","44,076"
"2021-11-15","22,644"
"2021-11-16","33,454"
"2021-11-17","39,756"
"2021-11-18","22,456"
"2021-11-21","17,507"
"2021-11-22","13,787"
"2021-11-23","32,293"
"2021-11-24","16,998"
"2021-11-25","8,943"
"2021-11-28","39,032"
"2021-11-29","24,885"
"2021-11-30","21,918"
"2021-12-01","15,804"
"2021-12-02","24,612"
"2021-12-05","30,459"
"2021-12-06","51,988"
"2021-12-07","23,914"
"2021-12-08","19,179"
"2021-12-09","21,090"
"2021-12-12","31,168"
"2021-12-13","52,658"
"2021-12-14","23,302"
"2021-12-15","57,486"
"2021-12-16","18,151"
"2021-12-20","16,877"
"2021-12-21","9,224"
"2021-12-22","35,339"
"2021-12-23","28,553"
"2021-12-26","31,292"
"2021-12-27","24,245"
"2021-12-28","19,334"
"2021-12-29","12,335"
"2022-01-02","12,496"
"2022-01-03","21,223"
"2022-01-04","31,270"
"2022-01-05","44,974"
"2022-01-06","25,426"
"2022-01-09","49,895"
"2022-01-10","38,068"
"2022-01-11","46,918"
"2022-01-12","105,742"
"2022-01-13","92,138"
"2022-01-16","78,326"
"2022-01-17","108,874"
"2022-01-18","158,186"
"2022-01-19","75,762"
"2022-01-20","79,526"
"2022-01-23","56,572"
"2022-01-24","190,292"
"2022-01-25","76,897"
"2022-01-26","45,732"
"2022-01-27","35,660"
"2022-01-30","67,413"
"2022-01-31","39,664"
"2022-02-01","49,621"
"2022-02-03","100,992"
"2022-02-06","39,549"
"2022-02-07","30,494"
"2022-02-08","67,937"
"2022-02-09","25,506"
"2022-02-10","16,514"
"2022-02-13","57,331"
"2022-02-14","27,801"
"2022-02-15","28,337"
"2022-02-16","44,651"
"2022-02-17","23,513"
"2022-02-20","36,333"
"2022-02-21","21,788"
"2022-02-22","34,002"
"2022-02-23","14,934"
"2022-02-24","25,828"
"2022-02-27","27,259"
"2022-02-28","55,096"
"2022-03-02","39,806"
"2022-03-06","19,435"
"2022-03-07","24,144"
"2022-03-09","25,581"
"2022-03-10","28,447"
"2022-03-13","34,272"
"2022-03-14","12,943"
"2022-03-15","31,692"
"2022-03-16","32,394"
"2022-03-20","14,876"
"2022-03-21","36,537"
"2022-03-22","17,429"
"2022-03-23","8,428"
"2022-03-24","12,107"
"2022-03-27","14,871"
"2022-03-28","19,096"
"2022-03-29","7,660"
"2022-03-30","21,890"
"2022-03-31","10,559"
"2022-04-03","8,380"
"2022-04-04","6,366"
"2022-04-05","30,699"
"2022-04-06","25,982"
"2022-04-07","22,004"
"2022-04-11","13,338"
"2022-04-12","8,345"
"2022-04-13","10,093"
"2022-04-17","6,857"
"2022-04-18","20,050"
"2022-04-19","10,062"
"2022-04-20","9,736"
"2022-04-21","16,258"
"2022-04-24","19,443"
"2022-04-25","21,019"
"2022-04-26","11,812"
"2022-04-27","43,623"
"2022-04-28","51,180"
"2022-05-02","28,947"
"2022-05-04","19,990"
"2022-05-05","16,115"
"2022-05-08","21,137"
"2022-05-09","25,798"
"2022-05-10","60,358"
"2022-05-11","116,302"
"2022-05-12","119,662"
"2022-05-17","59,300"
"2022-05-18","56,606"
"2022-05-19","28,652"
"2022-05-20","19,398"
"2022-05-23","18,431"
"2022-05-24","16,361"
"2022-05-25","22,069"
"2022-05-26","8,957"
"2022-05-27","15,474"
"2022-05-30","13,723"
"2022-05-31","11,148"
"2022-06-01","11,284"
"2022-06-02","10,327"
"2022-06-03","16,346"
"2022-06-06","14,295"
"2022-06-07","12,790"
"2022-06-08","20,542"
"2022-06-09","17,478"
"2022-06-10","12,354"
"2022-06-13","5,227"
"2022-06-14","9,296"
"2022-06-15","17,291"
"2022-06-16","11,730"
"2022-06-17","2,611"
"2022-06-19","11,431"
"2022-06-20","19,434"
"2022-06-21","16,332"
"2022-06-22","8,287"
"2022-06-23","20,681"
"2022-06-24","29,186"
"2022-06-26","47,371"
"2022-06-27","31,750"
"2022-06-28","26,418"
"2022-06-29","36,706"
"2022-06-30","34,266"
"2022-07-01","19,736"
"2022-07-03","44,733"
"2022-07-04","53,623"
"2022-07-05","31,250"
"2022-07-06","22,966"
"2022-07-07","14,683"
"2022-07-08","12,419"
"2022-07-11","29,325"
"2022-07-12","15,276"
"2022-07-13","17,445"
"2022-07-14","12,813"
"2022-07-15","13,108"
"2022-07-17","45,888"
"2022-07-18","17,350"
"2022-07-19","20,841"
"2022-07-20","11,768"
"2022-07-21","23,097"
"2022-07-22","6,320"
"2022-07-24","24,833"
"2022-07-25","113,414"
"2022-07-26","129,692"
"2022-07-27","55,916"
"2022-07-28","92,655"
"2022-07-29","29,748"
"2022-07-31","28,473"
"2022-08-01","40,560"
"2022-08-02","26,709"
"2022-08-03","31,862"
"2022-08-04","30,370"
"2022-08-05","18,970"
"2022-08-07","13,578"
"2022-08-08","23,499"
"2022-08-09","21,196"
"2022-08-10","17,765"
"2022-08-11","16,943"
"2022-08-14","18,087"
"2022-08-15","31,237"
"2022-08-16","39,011"
"2022-08-17","18,205"
"2022-08-18","36,972"
"2022-08-21","79,063"
"2022-08-22","37,917"
"2022-08-23","39,660"
"2022-08-24","34,979"
"2022-08-25","86,044"
"2022-08-26","78,036"
"2022-08-28","169,412"
"2022-08-29","32,607"
"2022-08-30","21,112"
"2022-08-31","18,110"
"2022-09-01","22,106"
"2022-09-02","3,645"
"2022-09-04","12,918"
"2022-09-05","12,926"
"2022-09-06","11,937"
"2022-09-07","11,815"
"2022-09-08","8,094"
"2022-09-11","8,625"
"2022-09-12","13,330"
"2022-09-13","8,528"
"2022-09-14","14,353"
"2022-09-15","19,308"
"2022-09-16","8,302"
"2022-09-18","17,438"
"2022-09-20","9,735"
"2022-09-21","14,727"
"2022-09-22","10,358"
"2022-09-25","15,303"
"2022-09-27","10,557"
"2022-09-28","5,419"
"2022-09-29","8,987"
"2022-10-09","9,603"
"2022-10-10","8,935"
"2022-10-11","7,332"
"2022-10-12","5,758"
"2022-10-13","8,346"
"2022-10-16","5,648"
"2022-10-17","5,172"
"2022-10-19","8,694"
"2022-10-20","3,768"
"2022-10-23","5,135"
"2022-10-31","6,262"
"2022-11-01","14,897"
"2022-11-02","21,501"
"2022-11-03","10,045"
"2022-11-06","13,142"
"2022-11-07","20,987"
"2022-11-08","8,983"
"2022-11-09","10,351"
"2022-11-10","4,458"
"2022-11-13","4,216"
"2022-11-14","6,500"
"2022-11-15","6,252"
"2022-11-16","6,759"
"2022-11-17","8,371"
"2022-11-22","12,875"
"2022-11-23","7,768"
"2022-11-24","6,326"
"2022-11-27","13,493"
"2022-11-28","9,563"
"2022-11-29","6,196"
"2022-11-30","6,088"
"2022-12-01","3,578"
"2022-12-04","6,475"
"2022-12-05","7,957"
"2022-12-06","3,161"
"2022-12-07","2,003"
"2022-12-11","4,344"
"2022-12-12","3,845"
"2022-12-13","3,684"
"2022-12-14","2,126"
"2022-12-15","44,096"
"2022-12-18","83,846"
"2022-12-19","31,473"
"2022-12-20","32,085"
"2022-12-21","15,054"
"2022-12-22","30,512"
"2022-12-26","46,260"
"2022-12-27","114,624"
"2022-12-28","80,697"
"2022-12-29","66,335"
"2023-01-01","67,452"
"2023-01-02","57,453"
"2023-01-03","47,374"
"2023-01-04","78,623"
"2023-01-05","156,140"
"2023-01-08","140,182"
"2023-01-09","148,266"
"2023-01-10","306,694"
"2023-01-12","191,149"
"2023-01-17","136,560"
"2023-01-18","103,689"
"2023-01-19","55,487"
"2023-01-23","52,889"
"2023-01-24","69,752"
"2023-01-25","77,408"
"2023-01-26","55,406"
"2023-01-29","50,535"
"2023-01-30","68,631"
"2023-01-31","65,583"
"2023-02-01","33,445"
"2023-02-02","34,638"
"2023-02-05","36,514"
"2023-02-06","24,845"
"2023-02-07","115,912"
"2023-02-08","230,021"
"2023-02-09","89,808"
"2023-02-12","154,474"
"2023-02-14","51,938"
"2023-02-15","38,591"
"2023-02-16","53,997"
"2023-02-20","49,049"
"2023-02-22","69,993"
"2023-02-23","54,204"
"2023-02-26","120,767"
"2023-02-27","56,109"
"2023-02-28","51,813"
"2023-03-01","22,635"
"2023-03-02","35,354"
"2023-03-05","37,934"
"2023-03-07","25,958"
"2023-03-09","53,592"
"2023-03-12","34,229"
"2023-03-13","40,742"
"2023-03-14","21,741"
"2023-03-15","25,501"
"2023-03-16","34,242"
"2023-03-19","37,739"
"2023-03-20","33,476"
"2023-03-22","44,120"
"2023-03-23","30,747"
"2023-03-26","27,841"
"2023-03-27","38,360"
"2023-03-28","39,696"
"2023-03-29","13,002"
"2023-03-30","13,596"
"2023-04-02","23,874"
"2023-04-03","20,538"
"2023-04-04","19,612"
"2023-04-05","15,788"
"2023-04-06","21,939"
"2023-04-09","38,725"
"2023-04-10","14,939"
"2023-04-11","25,445"
"2023-04-12","75,648"
"2023-04-13","55,115"
"2023-04-16","19,996"
"2023-04-17","14,092"
"2023-04-18","14,840"
"2023-04-19","14,787"
"2023-04-20","13,476"
"2023-04-23","17,535"
"2023-04-24","27,301"
"2023-04-25","8,261"
"2023-04-26","12,654"
"2023-04-27","15,914"
"2023-04-30","16,294"
"2023-05-02","11,287"
"2023-05-03","11,947"
"2023-05-04","22,996"
"2023-05-07","20,242"
"2023-05-08","43,184"
"2023-05-09","19,359"
"2023-05-10","8,569"
"2023-05-11","9,718"
"2023-05-14","17,710"
"2023-05-15","12,503"
"2023-05-16","17,117"
"2023-05-17","17,138"
"2023-05-18","27,502"
"2023-05-21","51,208"
"2023-05-22","20,174"
"2023-05-23","47,438"
"2023-05-24","35,890"
"2023-05-28","46,015"
"2023-05-30","40,040"
"2023-05-31","40,192"
"2023-06-01","35,455"
"2023-06-04","38,172"
"2023-06-05","45,311"
"2023-06-06","63,047"
"2023-06-07","53,722"
"2023-06-08","49,769"
"2023-06-11","83,646"
"2023-06-12","49,792"
"2023-06-13","102,792"
"2023-06-14","157,153"
"2023-06-15","57,644"
"2023-06-18","101,556"
"2023-06-19","64,199"
"2023-06-20","59,471"
"2023-06-21","42,042"
"2023-06-22","58,140"
"2023-06-25","98,071"
"2023-06-26","58,725"
"2023-06-27","81,385"
"2023-06-28","63,359"
"2023-07-02","48,218"
"2023-07-03","40,507"
"2023-07-04","39,614"
"2023-07-05","32,154"
"2023-07-06","33,614"
"2023-07-09","29,634"
"2023-07-10","39,138"
"2023-07-11","31,253"
"2023-07-12","67,869"
"2023-07-13","85,618"
"2023-07-16","33,293"
"2023-07-17","18,806"
"2023-07-18","27,322"
"2023-07-19","19,254"
"2023-07-20","32,298"
"2023-07-23","33,910"
"2023-07-24","39,900"
"2023-07-25","42,975"
"2023-07-26","22,983"
"2023-07-27","19,701"
"2023-07-30","40,459"
"2023-07-31","17,675"
"2023-08-01","16,797"
"2023-08-02","13,233"
"2023-08-03","12,181"
"2023-08-06","20,718"
"2023-08-07","18,203"
"2023-08-08","22,353"
"2023-08-09","17,739"
"2023-08-10","13,678"
"2023-08-13","18,977"
"2023-08-14","11,436"
"2023-08-15","11,393"
"2023-08-16","16,848"
"2023-08-17","19,942"
"2023-08-20","15,102"
"2023-08-21","23,958"
"2023-08-22","13,341"
"2023-08-23","41,934"
"2023-08-24","35,511"
"2023-08-27","16,266"
"2023-08-28","11,581"
"2023-08-29","13,904"
"2023-08-30","10,749"
"2023-09-03","19,784"
"2023-09-04","11,582"
"2023-09-05","6,418"
"2023-09-07","19,151"
"2023-09-10","14,116"
"2023-09-11","19,131"
"2023-09-12","20,151"
"2023-09-13","28,517"
"2023-09-17","32,839"
"2023-09-18","11,873"
"2023-09-19","23,514"
"2023-09-21","76,967"
"2023-09-24","29,143"
"2023-09-25","14,386"
"2023-09-26","37,445"
"2023-09-27","25,129"
"2023-10-01","25,016"
"2023-10-02","39,466"
"2023-10-03","15,382"
"2023-10-04","19,088"
"2023-10-05","8,969"
"2023-10-08","22,515"
"2023-10-09","17,806"
"2023-10-10","39,391"
"2023-10-11","12,317"
"2023-10-12","24,267"
"2023-10-16","11,354"
"2023-10-17","7,779"
"2023-10-18","15,869"
"2023-10-19","13,744"
"2023-10-29","7,673"
"2023-10-30","4,787"
"2023-10-31","2,406"
"2023-11-01","9,984"
"2023-11-02","9,867"
"2023-11-05","13,147"
"2023-11-06","8,648"
"2023-11-07","6,896"
"2023-11-08","8,138"
"2023-11-09","14,189"
"2023-11-20","11,342"
"2023-11-21","6,544"
"2023-11-22","9,182"
"2023-11-23","11,619"
"2023-11-26","55,163"
"2023-11-27","36,559"
"2023-11-28","12,904"
"2023-11-29","8,809"
"2023-11-30","10,478"
"2023-12-03","21,419"
"2023-12-04","7,246"
"2023-12-05","7,688"
"2023-12-06","11,064"
"2023-12-07","12,773"
"2023-12-10","445"
"2023-12-11","82,713"
"2023-12-12","36,920"
"2023-12-13","45,015"
"2023-12-14","18,110"
"2023-12-17","122,908"
"2023-12-18","126,847"
"2023-12-19","53,927"
"2023-12-20","86,608"
"2023-12-21","164,852"
"2023-12-24","148,025"
"2023-12-27","97,509"
"2023-12-28","93,227"
"2024-01-01","44,508"
"2024-01-02","67,055"
"2024-01-03","93,264"
"2024-01-04","152,311"
"2024-01-07","80,114"
"2024-01-08","75,168"
"2024-01-09","92,315"
"2024-01-10","62,776"
"2024-01-11","201,154"
"2024-01-14","195,480"
"2024-01-16","375,761"
"2024-01-17","228,639"
"2024-01-18","245,401"
"2024-01-21","342,429"
"2024-01-22","281,382"
"2024-01-23","140,732"
"2024-01-24","79,269"
"2024-01-25","110,055"
"2024-01-28","138,451"
"2024-01-29","122,369"
"2024-01-30","280,393"
"2024-01-31","216,467"
"2024-02-01","116,194"
"2024-02-04","57,658"
"2024-02-05","86,588"
"2024-02-06","66,594"
"2024-02-07","73,526"
"2024-02-08","99,148"
"2024-02-11","65,257"
"2024-02-12","63,472"
"2024-02-13","95,485"
"2024-02-14","69,750"
"2024-02-15","61,210"
"2024-02-18","44,851"
"2024-02-20","55,649"
"2024-02-21","76,829"
"2024-02-22","81,787"
"2024-02-25","62,662"
"2024-02-26","26,449"
"2024-02-27","26,135"
"2024-02-28","24,729"
"2024-02-29","43,906"
"2024-03-03","33,597"
"2024-03-04","830"
"2024-03-05","79,337"
"2024-03-06","77,440"
"2024-03-07","35,943"
"2024-03-10","23,087"
"2024-03-12","52,785"
"2024-03-13","41,697"
"2024-03-14","35,817"
"2024-03-17","27,877"
"2024-03-18","14,453"
"2024-03-19","22,028"
"2024-03-20","23,797"
"2024-03-21","19,951"
"2024-03-25","24,995"
"2024-03-26","20,849"
"2024-03-27","29,526"
"2024-03-28","31,418"
"2024-03-31","24,045"
"2024-04-01","27,853"
"2024-04-02","16,017"
"2024-04-03","15,135"
"2024-04-04","20,477"
"2024-04-07","18,392"
"2024-04-09","28,170"
"2024-04-10","15,051"
"2024-04-14","15,170"
"2024-04-15","14,846"
"2024-04-16","22,911"
"2024-04-18","21,627"
"2024-04-21","27,983"
"2024-04-22","9,143"
"2024-04-24","8,672"
"2024-04-25","23,797"
"2024-04-28","14,103"
"2024-04-29","25,579"
"2024-04-30","44,267"
"2024-05-02","11,061"
"2024-05-05","23,543"
"2024-05-06","29,162"
"2024-05-07","12,281"
"2024-05-08","13,661"
"2024-05-09","30,741"
"2024-05-12","15,306"
"2024-05-13","10,593"
"2024-05-14","44,897"
"2024-05-15","22,441"
"2024-05-16","30,241"
"2024-05-19","26,927"
"2024-05-20","54,695"
"2024-05-21","52,543"
"2024-05-22","28,403"
"2024-05-26","27,480"
"2024-05-27","19,659"
"2024-05-29","31,361"
"2024-05-30","24,668"
"2024-06-02","50,688"
"2024-06-03","18,254"
"2024-06-04","17,998"
"2024-06-05","19,634"
"2024-06-06","27,471"
"2024-06-09","32,833"
"2024-06-10","81,845"
"2024-06-11","173,163"
"2024-06-12","110,019"
"2024-06-13","191,219"
"2024-06-16","267,590"
"2024-06-18","155,587"
"2024-06-19","186,785"
"2024-06-20","61,185"
"2024-06-23","86,662"
"2024-06-24","91,024"
"2024-06-25","73,956"
"2024-06-26","39,998"
"2024-06-27","34,749"
"2024-06-30","22,886"
"2024-07-01","52,716"
"2024-07-02","76,250"
"2024-07-03","26,208"
"2024-07-04","44,853"
"2024-07-07","33,008"
"2024-07-08","27,652"
"2024-07-09","36,560"
"2024-07-10","49,262"
"2024-07-11","150,494"
"2024-07-14","84,886"
"2024-07-15","68,934"
"2024-07-16","215,541"
"2024-07-17","186,237"
"2024-07-18","359,720"
"2024-07-21","365,333"
"2024-07-22","404,105"
"2024-07-23","220,348"
"2024-07-24","348,580"
"2024-07-25","300,703"
"2024-07-28","159,012"
"2024-07-29","353,989"
"2024-07-30","418,056"
"2024-07-31","407,836"
"2024-08-01","350,337"
"2024-08-05","373,904"
"2024-08-06","575,931"
"2024-08-07","366,143"
"2024-08-08","337,199"
"2024-08-11","349,070"
"2024-08-12","388,945"
"2024-08-13","376,482"
"2024-08-14","409,747"
"2024-08-15","773,575"
"2024-08-18","451,803"
"2024-08-21","249,000"
"2024-08-22","231,699"
"2024-08-25","348,685"
"2024-08-27","507,859"
"2024-08-28","482,902"
"2024-08-29","721,228"
"2024-09-01","398,648"
"2024-09-02","481,961"
"2024-09-03","406,743"
"2024-09-04","338,984"
"2024-09-05","238,953"
"2024-09-08","244,643"
"2024-09-09","270,383"
"2024-09-10","168,867"
"2024-09-11","151,219"
"2024-09-12","243,388"
"2024-09-15","205,872"
"2024-09-16","137,367"
"2024-09-18","113,142"
"2024-09-22","95,880"
"2024-09-23","113,306"
"2024-09-24","138,451"
"2024-09-25","82,339"
"2024-09-26","75,130"
"2024-09-29","85,006"
"2024-09-30","44,203"
"2024-10-01","136,600"
"2024-10-02","96,818"
"2024-10-06","60,966"
"2024-10-07","76,748"
"2024-10-08","34,965"
"2024-10-09","35,603"
"2024-10-15","31,385"
"2024-10-16","86,662"
"2024-10-17","121,284"
"2024-10-20","124,886"
"2024-10-21","59,665"
"2024-10-22","62,862"
"2024-10-23","47,156"
"2024-10-24","49,298"
"2024-10-27","34,044"
"2024-10-28","31,871"
"2024-10-29","64,007"
"2024-10-30","61,765"
"2024-11-05","29,440"
"2024-11-06","32,323"
"2024-11-10","143,615"
"2024-11-11","100,578"
"2024-11-12","59,210"
"2024-11-13","76,501"
"2024-11-14","70,734"
"2024-11-17","82,991"
"2024-11-19","72,253"
"2024-11-20","50,594"
"2024-11-21","69,088"
"2024-11-24","59,728"
"2024-11-25","43,272"
"2024-11-26","32,144"
"2024-11-27","47,299"
"2024-11-28","61,481"
"2024-12-01","54,686"
"2024-12-02","100,237"
"2024-12-03","113,593"
"2024-12-04","124,739"
"2024-12-05","85,306"
"2024-12-08","83,599"
"2024-12-09","47,600"
"2024-12-10","29,991"
"2024-12-11","48,541"
"2024-12-12","172,593"
"2024-12-16","37,888"
"2024-12-17","33,672"
"2024-12-18","92,667"
"2024-12-19","36,608"
"2024-12-22","32,903"
"2024-12-23","24,310"
"2024-12-24","34,838"
"2024-12-26","21,228"
"2024-12-29","25,520"
"2024-12-31","106,890"
"2025-01-01","24,248"
"2025-01-02","40,935"
"2025-01-05","39,331"
"2025-01-06","49,303"
"2025-01-07","52,307"
"2025-01-08","32,665"
"2025-01-09","56,334"
"2025-01-12","22,445"
"2025-01-13","31,309"
"2025-01-15","23,765"
"2025-01-16","14,812"
"2025-01-19","29,130"
"2025-01-20","49,262"
"2025-01-21","19,050"
"2025-01-22","64,060"
"2025-01-23","76,993"
"2025-01-26","125,041"
"2025-01-27","95,372"
"2025-01-28","55,958"
"2025-02-02","146,744"
"2025-02-03","297,558"
"2025-02-04","255,717"
"2025-02-05","149,543"
"2025-02-06","140,305"
"2025-02-09","77,582"
"2025-02-10","89,623"
"2025-02-11","95,643"
"2025-02-12","121,325"
"2025-02-13","483,851"
"2025-02-16","163,597"
"2025-02-17","198,038"
"2025-02-18","112,008"
"2025-02-20","91,053"
"2025-02-23","121,644"
"2025-02-24","89,063"
"2025-02-25","63,522"
"2025-02-27","82,106"
"2025-03-02","122,761"
"2025-03-03","212,778"
"2025-03-04","125,148"
"2025-03-05","110,478"
"2025-03-06","85,691"
"2025-03-09","98,599"
"2025-03-10","61,782"
"2025-03-11","90,641"
"2025-03-12","62,928"
"2025-03-16","42,816"
"2025-03-17","35,224"
"2025-03-18","38,233"
"2025-03-19","79,216"
"2025-03-20","87,177"
"2025-03-23","81,606"
"2025-03-24","25,326"
"2025-03-25","94,367"
"2025-03-26","20,406"
"2025-03-27","33,745"
"2025-03-30","120,726"
"2025-04-01","155,654"
"2025-04-02","381,728"
"2025-04-03","747,627"
"2025-04-07","630,288"
"2025-04-08","411,855"
"2025-04-09","454,455"
"2025-04-10","764,112"
"2025-04-13","894,445"
"2025-04-15","732,517"
"2025-04-16","984,156"
"2025-04-17","684,900"
"2025-04-20","1,243,513"
"2025-04-21","519,908"
"2025-04-22","629,550"
"2025-04-23","1,039,632"
"2025-04-24","948,095"
"2025-04-27","892,625"
"2025-04-28","724,253"
"2025-04-29","720,646"
"2025-04-30","869,490"
"2025-05-04","780,382"
"2025-05-05","1,114,715"
"2025-05-06","542,229"
"2025-05-07","608,676"
"2025-05-08","603,537"
"2025-05-11","899,884"
"2025-05-13","611,604"
"2025-05-14","811,086"
"2025-05-15","613,011"
"2025-05-18","688,144"
"2025-05-19","836,894"
"2025-05-20","562,431"
"2025-05-21","925,601"
"2025-05-22","784,128"
"2025-05-25","917,481"
"2025-05-26","799,496"
"2025-05-27","592,152"
"2025-05-28","763,026"
"2025-06-02","838,708"
"2025-06-03","765,891"
"2025-06-04","379,887"
"2025-06-05","1,119,072"
"2025-06-08","874,764"
"2025-06-09","750,430"
"2025-06-10","561,433"
"2025-06-11","727,152"
"2025-06-12","638,018"
"2025-06-15","600,312"
"2025-06-16","660,354"
"2025-06-17","464,499"
"2025-06-18","352,397"
"2025-06-19","431,355"
"2025-06-22","617,827"
"2025-06-23","640,094"
"2025-06-24","293,858"
"2025-06-25","310,275"
"2025-06-26","497,182"
"2025-06-29","272,733"
"2025-06-30","187,981"
"2025-07-01","564,633"
"2025-07-02","339,283"
"2025-07-03","295,077"
"2025-07-06","180,569"
"2025-07-07","183,024"
"2025-07-08","293,773"
"2025-07-09","582,099"
"2025-07-10","216,715"
"2025-07-13","287,265"
"2025-07-14","204,914"
"2025-07-15","551,447"
"2025-07-16","694,268"
"2025-07-17","676,620"
"2025-07-20","558,016"
"2025-07-21","367,533"
"2025-07-22","378,512"
"2025-07-23","367,410"
"2025-07-24","898,268"
"2025-07-27","575,492"
"2025-07-28","371,656"
"2025-07-29","577,239"
"2025-07-30","369,240"
"2025-07-31","234,481"
"2025-08-03","208,280"
"2025-08-04","157,639"
"2025-08-05","188,102"
"2025-08-06","164,092"
"2025-08-07","156,912"
"2025-08-11","120,980"
"2025-08-12","133,302"
"2025-08-13","121,335"
"2025-08-14","265,252"
"2025-08-17","193,175"
"2025-08-18","75,736"
"2025-08-19","265,320"
"2025-08-20","157,745"
"2025-08-21","82,280"
"2025-08-24","146,477"
"2025-08-25","235,307"
"2025-08-26","62,581"
"2025-08-27","133,221"
"2025-08-28","165,566"
"2025-08-31","80,454"
"2025-09-01","79,941"
"2025-09-02","61,256"
"2025-09-03","85,165"
"2025-09-04","80,883"
"2025-09-07","115,005"
"2025-09-08","97,959"
"2025-09-18","32,686"
"2025-09-21","157,076"
"2025-09-23","105,848"
"2025-09-24","76,298"
"2025-09-25","46,845"
"2025-09-28","57,302"
"2025-10-07","145,193"
"2025-10-08","127,342"
"2025-10-09","110,970"
"2025-10-12","254,217"
"2025-10-13","116,909"
"2025-10-14","97,178"
"2025-10-15","115,399"
"2025-10-16","91,798"
"2025-10-19","66,627"
"2025-10-26","91,232"
"2025-10-28","312,655"
"2025-10-29","304,361"
"2025-10-30","497,119"
"2025-11-02","317,578"
"2025-11-03","321,953"
"2025-11-04","287,340"
"2025-11-05","402,688"
"2025-11-06","384,600"
"2025-11-09","277,284"
"2025-11-10","227,997"
"2025-11-11","418,650"
"2025-11-12","294,782"
"2025-11-13","126,235"
"2025-11-16","112,346"
"2025-11-17","206,677"
"2025-11-18","127,974"
"2025-11-19","213,644"
"2025-11-20","153,644"
"2025-11-23","284,888"
"2025-11-24","188,871"
"2025-11-25","129,157"
"2025-11-26","184,849"
"2025-11-27","111,741"
"2025-11-30","128,851"
"2025-12-01","77,946"
"2025-12-02","49,343"
"2025-12-03","102,098"
"2025-12-07","83,957"
"2025-12-08","125,786"
"2025-12-09","136,993"
"2025-12-10","69,238"
"2025-12-11","50,087"
"2025-12-14","88,741"
"2025-12-15","53,449"
"2025-12-16","102,373"
"2025-12-17","127,884"
"2025-12-18","246,090"
"2025-12-21","105,438"
"2025-12-22","77,381"
"2025-12-23","55,075"
"2025-12-24","64,157"
"2025-12-28","136,609"
"2025-12-29","98,006"
"2025-12-31","115,775"
"2026-01-01","97,829"
"2026-01-04","57,661"
"2026-01-05","124,838"
"2026-01-06","231,421"
"2026-01-07","132,973"
"2026-01-08","151,324"
"2026-01-12","405,837"
"2026-01-13","674,556"
"2026-01-14","324,724"
"2026-01-18","310,363"
"2026-01-20","477,886"
"2026-01-21","343,990"
"2026-01-22","211,239"
"2026-01-25","317,406"
"2026-01-26","361,803"
"2026-01-27","687,480"
"2026-01-28","638,961"
"2026-01-29","497,172"
"2026-02-01","458,733"
"2026-02-02","333,875"
"2026-02-03","246,118"
"2026-02-04","308,441"
"2026-02-05","653,976"
"2026-02-08","497,583"
"2026-02-09","311,129"
"2026-02-10","333,686"
"2026-02-11","228,804"
"2026-02-12","269,428"
"2026-02-16","163,061"
"2026-02-17","222,792"
"2026-02-22","215,641"
"2026-02-23","176,525"
"2026-02-24","188,874"
"2026-02-25","112,161"
"2026-02-26","127,950"
"2026-03-01","424,902"
"2026-03-03","239,121"
"2026-03-09","24,345"
"2026-03-10","511,912"
"2026-03-11","283,561"
"2026-03-12","276,556"
"2026-03-15","510,761"
"2026-03-16","182,656"
"2026-03-17","155,625"
"2026-03-19","315,961"
"2026-03-22","289,493"
"2026-03-23","222,587"
"2026-03-24","746,053"
"2026-03-25","369,615"
"2026-03-26","258,352"
"2026-03-29","397,263"
"2026-03-30","304,510"
"2026-03-31","299,105"
"2026-04-01","258,615"
"2026-04-02","168,953"
"2026-04-05","296,033"
"2026-04-06","161,616"
"2026-04-07","108,098"
"2026-04-08","141,380"
"2026-04-09","132,088"
"2026-04-10","162,516"
"2026-04-13","104,465"
"2026-04-15","127,322"
"2026-04-16","116,120"
"2026-04-17","101,533"
"2026-04-20","57,766"
"2026-04-21","53,060"
"2026-04-22","105,047"
"2026-04-23","46,924"
"2026-04-24","36,385"
"2026-04-27","12,876"
"2026-04-28","56,764"
"2026-04-29","57,494"
"2026-04-30","65,138"
