"2015-10-14","132.82"
"2015-10-15","137.14"
"2015-10-19","141.02"
"2015-10-25","147.71"
"2015-10-27","155.26"
"2015-10-28","161.95"
"2015-10-29","160.44"
"2015-11-01","157.85"
"2015-11-02","154.61"
"2015-11-03","150.94"
"2015-11-04","153.53"
"2015-11-05","153.97"
"2015-11-08","153.53"
"2015-11-09","153.53"
"2015-11-10","157.2"
"2015-11-15","152.67"
"2015-11-16","152.24"
"2015-11-18","153.75"
"2015-11-19","150.51"
"2015-11-22","151.38"
"2015-11-23","150.73"
"2015-11-24","149.22"
"2015-11-25","145.77"
"2015-11-26","142.75"
"2015-11-29","142.75"
"2015-11-30","141.67"
"2015-12-01","143.39"
"2015-12-02","144.47"
"2015-12-03","141.67"
"2015-12-06","141.67"
"2015-12-07","141.02"
"2015-12-08","139.51"
"2015-12-09","139.29"
"2015-12-10","139.94"
"2015-12-13","137.35"
"2015-12-14","137.57"
"2015-12-15","137.78"
"2015-12-16","136.06"
"2015-12-17","133.9"
"2015-12-20","133.04"
"2015-12-21","132.17"
"2015-12-22","130.66"
"2015-12-23","129.59"
"2015-12-24","130.23"
"2015-12-27","128.72"
"2015-12-28","130.45"
"2015-12-29","130.45"
"2015-12-31","130.02"
"2016-01-03","129.15"
"2016-01-04","131.1"
"2016-01-05","131.31"
"2016-01-06","131.96"
"2016-01-07","132.61"
"2016-01-10","132.39"
"2016-01-11","130.45"
"2016-01-12","130.88"
"2016-01-13","134.12"
"2016-01-14","131.96"
"2016-01-24","138"
"2016-01-25","142.75"
"2016-01-26","141.45"
"2016-01-27","138.86"
"2016-01-28","140.59"
"2016-02-01","139.29"
"2016-02-04","139.73"
"2016-02-07","139.51"
"2016-02-08","144.04"
"2016-02-11","147.49"
"2016-02-14","145.98"
"2016-02-15","145.98"
"2016-02-16","144.9"
"2016-02-18","146.41"
"2016-02-21","146.41"
"2016-02-22","147.06"
"2016-02-23","145.98"
"2016-02-24","145.98"
"2016-02-25","145.98"
"2016-02-28","145.98"
"2016-02-29","147.28"
"2016-03-01","147.49"
"2016-03-03","147.06"
"2016-03-06","149.43"
"2016-03-10","147.71"
"2016-03-13","152.24"
"2016-03-15","160.22"
"2016-03-16","169.07"
"2016-03-17","175.97"
"2016-03-21","186.33"
"2016-03-23","184.17"
"2016-03-28","182.01"
"2016-04-03","179.86"
"2016-04-04","177.7"
"2016-04-18","167.99"
"2016-04-19","161.73"
"2016-04-20","158.06"
"2016-04-21","156.77"
"2016-04-24","156.77"
"2016-04-25","160.87"
"2016-04-26","162.16"
"2016-04-27","162.38"
"2016-04-28","161.52"
"2016-05-03","158.71"
"2016-05-04","155.69"
"2016-05-05","156.77"
"2016-05-08","155.91"
"2016-05-09","155.26"
"2016-05-10","156.12"
"2016-05-11","156.12"
"2016-05-12","156.77"
"2016-05-15","157.85"
"2016-05-16","156.34"
"2016-05-17","156.77"
"2016-05-18","157.42"
"2016-05-19","156.77"
"2016-05-22","158.5"
"2016-05-23","157.85"
"2016-05-24","158.06"
"2016-05-25","151.81"
"2016-05-26","155.69"
"2016-05-29","157.63"
"2016-05-30","157.85"
"2016-05-31","166.48"
"2016-06-01","160.44"
"2016-06-02","160.01"
"2016-06-05","156.77"
"2016-06-06","157.85"
"2016-06-07","158.71"
"2016-06-08","157.85"
"2016-06-09","156.55"
"2016-06-12","156.34"
"2016-06-13","160.44"
"2016-06-14","163.24"
"2016-06-15","172.3"
"2016-06-16","182.23"
"2016-06-19","180.5"
"2016-06-20","180.5"
"2016-06-21","182.66"
"2016-06-22","181.58"
"2016-06-23","184.17"
"2016-06-26","186.97"
"2016-06-27","183.74"
"2016-06-28","183.95"
"2016-06-29","182.01"
"2016-06-30","181.58"
"2016-07-03","180.07"
"2016-07-04","185.03"
"2016-07-05","183.95"
"2016-07-06","184.82"
"2016-07-10","183.74"
"2016-07-11","183.74"
"2016-07-12","183.74"
"2016-07-13","178.34"
"2016-07-14","178.34"
"2016-07-17","179.42"
"2016-07-18","179.21"
"2016-07-19","179.42"
"2016-07-20","177.7"
"2016-07-21","178.56"
"2016-07-25","177.48"
"2016-07-26","185.9"
"2016-07-27","186.97"
"2016-07-28","188.05"
"2016-07-31","183.74"
"2016-08-01","179.42"
"2016-08-02","181.58"
"2016-08-03","180.72"
"2016-08-04","176.83"
"2016-08-07","185.9"
"2016-08-08","181.58"
"2016-08-10","179.42"
"2016-08-11","176.19"
"2016-08-14","174.03"
"2016-08-15","171.87"
"2016-08-16","167.34"
"2016-08-17","169.71"
"2016-08-21","169.07"
"2016-08-22","167.13"
"2016-08-23","166.69"
"2016-08-24","167.56"
"2016-08-28","166.48"
"2016-08-29","163.67"
"2016-08-30","166.48"
"2016-08-31","158.5"
"2016-09-01","159.14"
"2016-09-04","160.01"
"2016-09-05","160.01"
"2016-09-06","158.93"
"2016-09-07","160.01"
"2016-09-08","160.44"
"2016-09-11","161.08"
"2016-09-12","160.44"
"2016-09-14","162.16"
"2016-09-18","164.32"
"2016-09-20","165.4"
"2016-09-21","164.32"
"2016-09-22","164.32"
"2016-09-25","162.16"
"2016-09-26","161.52"
"2016-09-27","160.01"
"2016-09-28","158.5"
"2016-09-29","157.2"
"2016-10-02","156.55"
"2016-10-03","157.42"
"2016-10-04","157.42"
"2016-10-05","156.77"
"2016-10-06","158.28"
"2016-10-16","157.85"
"2016-10-18","156.12"
"2016-10-19","156.12"
"2016-10-20","157.63"
"2016-10-23","157.42"
"2016-10-25","155.91"
"2016-10-26","155.26"
"2016-10-27","154.61"
"2016-11-03","154.61"
"2016-11-08","154.61"
"2016-11-09","153.53"
"2016-11-13","153.1"
"2016-11-14","152.45"
"2016-11-15","150.3"
"2016-11-16","149.22"
"2016-11-17","146.63"
"2016-11-21","147.92"
"2016-11-22","145.12"
"2016-11-24","143.82"
"2016-11-27","139.94"
"2016-11-28","136.49"
"2016-11-29","137.57"
"2016-11-30","140.59"
"2016-12-01","139.29"
"2016-12-04","138"
"2016-12-05","139.29"
"2016-12-06","135.63"
"2016-12-07","137.14"
"2016-12-08","134.98"
"2016-12-11","132.39"
"2016-12-12","129.15"
"2016-12-14","129.15"
"2016-12-15","129.8"
"2016-12-18","130.88"
"2016-12-19","131.96"
"2016-12-20","131.96"
"2016-12-21","129.8"
"2016-12-22","131.31"
"2016-12-26","130.88"
"2016-12-27","130.88"
"2016-12-28","129.8"
"2016-12-29","130.88"
"2017-01-01","134.12"
"2017-01-03","133.25"
"2017-01-04","128.94"
"2017-01-05","130.02"
"2017-01-08","129.15"
"2017-01-09","130.23"
"2017-01-10","131.31"
"2017-01-11","131.1"
"2017-01-12","133.04"
"2017-01-15","133.04"
"2017-01-16","130.88"
"2017-01-17","130.88"
"2017-01-18","130.88"
"2017-01-19","129.37"
"2017-01-22","128.72"
"2017-01-23","128.72"
"2017-01-24","130.66"
"2017-01-25","125.49"
"2017-01-26","125.05"
"2017-01-31","125.7"
"2017-02-01","128.94"
"2017-02-02","129.59"
"2017-02-05","128.72"
"2017-02-06","128.72"
"2017-02-07","127.64"
"2017-02-08","127"
"2017-02-09","126.35"
"2017-02-12","123.54"
"2017-02-13","121.17"
"2017-02-14","119.01"
"2017-02-15","122.47"
"2017-02-16","123.33"
"2017-02-19","123.54"
"2017-02-20","125.27"
"2017-02-21","125.49"
"2017-02-22","126.13"
"2017-02-23","125.49"
"2017-02-26","123.54"
"2017-02-28","121.82"
"2017-03-01","121.17"
"2017-03-02","121.17"
"2017-03-05","120.31"
"2017-03-06","120.31"
"2017-03-07","120.31"
"2017-03-09","119.88"
"2017-03-13","119.66"
"2017-03-14","119.01"
"2017-03-15","119.88"
"2017-03-16","120.74"
"2017-03-19","120.74"
"2017-03-20","122.03"
"2017-03-21","121.82"
"2017-03-22","122.9"
"2017-03-23","126.35"
"2017-03-26","131.74"
"2017-03-28","136.27"
"2017-03-29","139.94"
"2017-03-30","139.08"
"2017-04-04","135.84"
"2017-04-09","135.84"
"2017-04-10","140.16"
"2017-04-11","139.51"
"2017-04-12","137.57"
"2017-04-13","134.98"
"2017-04-16","134.12"
"2017-04-18","130.88"
"2017-04-19","130.88"
"2017-04-20","131.96"
"2017-04-23","131.96"
"2017-04-24","131.96"
"2017-04-25","134.12"
"2017-04-26","134.12"
"2017-04-27","131.96"
"2017-04-30","130.88"
"2017-05-02","129.8"
"2017-05-03","130.88"
"2017-05-04","131.96"
"2017-05-07","131.53"
"2017-05-08","131.1"
"2017-05-09","131.1"
"2017-05-11","135.19"
"2017-05-15","135.63"
"2017-05-16","134.76"
"2017-05-17","133.04"
"2017-05-18","134.98"
"2017-05-21","138.43"
"2017-05-22","138.43"
"2017-05-23","138"
"2017-05-24","134.12"
"2017-05-28","133.04"
"2017-05-30","131.96"
"2017-05-31","131.96"
"2017-06-01","131.96"
"2017-06-04","131.1"
"2017-06-05","131.1"
"2017-06-06","133.04"
"2017-06-07","135.41"
"2017-06-08","134.12"
"2017-06-11","135.19"
"2017-06-12","133.04"
"2017-06-13","130.88"
"2017-06-14","130.23"
"2017-06-15","131.74"
"2017-06-18","130.66"
"2017-06-19","129.8"
"2017-06-20","129.8"
"2017-06-21","130.02"
"2017-06-22","130.45"
"2017-06-25","128.29"
"2017-06-27","127.86"
"2017-06-28","127.86"
"2017-07-02","128.72"
"2017-07-03","128.08"
"2017-07-04","127.64"
"2017-07-05","126.56"
"2017-07-06","128.72"
"2017-07-09","127.64"
"2017-07-10","127.64"
"2017-07-11","126.56"
"2017-07-12","125.92"
"2017-07-13","126.13"
"2017-07-16","125.92"
"2017-07-17","125.7"
"2017-07-18","127.64"
"2017-07-19","127.64"
"2017-07-20","126.78"
"2017-07-23","125.7"
"2017-07-24","125.49"
"2017-07-25","129.8"
"2017-07-26","128.29"
"2017-07-27","128.72"
"2017-07-30","127.64"
"2017-07-31","125.49"
"2017-08-01","126.56"
"2017-08-02","129.8"
"2017-08-06","128.72"
"2017-08-07","125.49"
"2017-08-09","125.27"
"2017-08-10","124.84"
"2017-08-13","123.98"
"2017-08-15","123.33"
"2017-08-16","124.41"
"2017-08-17","123.54"
"2017-08-20","123.33"
"2017-08-21","123.33"
"2017-08-22","124.62"
"2017-08-23","124.41"
"2017-08-24","123.76"
"2017-08-27","123.11"
"2017-08-28","124.41"
"2017-08-30","122.9"
"2017-08-31","122.47"
"2017-09-04","120.31"
"2017-09-06","120.31"
"2017-09-07","118.15"
"2017-09-10","117.72"
"2017-09-11","117.93"
"2017-09-12","116.86"
"2017-09-13","118.58"
"2017-09-14","117.5"
"2017-09-17","115.99"
"2017-09-18","114.05"
"2017-09-20","115.35"
"2017-09-24","119.66"
"2017-09-25","117.72"
"2017-09-26","119.45"
"2017-10-03","118.8"
"2017-10-04","119.86"
"2017-10-08","120.09"
"2017-10-10","119.18"
"2017-10-11","117.59"
"2017-10-15","116.68"
"2017-10-16","116.91"
"2017-10-17","116.68"
"2017-10-18","118.95"
"2017-10-22","121.45"
"2017-10-23","121.45"
"2017-10-24","124.17"
"2017-10-25","120.99"
"2017-10-29","119.18"
"2017-10-30","119.4"
"2017-10-31","118.5"
"2017-11-01","118.5"
"2017-11-02","118.27"
"2017-11-05","118.04"
"2017-11-06","118.72"
"2017-11-07","118.04"
"2017-11-08","117.59"
"2017-11-09","116.23"
"2017-11-12","117.82"
"2017-11-13","117.82"
"2017-11-14","117.36"
"2017-11-15","117.59"
"2017-11-16","116.91"
"2017-11-19","117.14"
"2017-11-20","115.78"
"2017-11-21","117.36"
"2017-11-22","117.82"
"2017-11-23","116.46"
"2017-11-26","116.23"
"2017-11-27","116.91"
"2017-11-28","117.14"
"2017-11-29","117.82"
"2017-11-30","118.72"
"2017-12-04","116.91"
"2017-12-05","117.14"
"2017-12-06","117.14"
"2017-12-10","117.36"
"2017-12-11","118.95"
"2017-12-12","117.36"
"2017-12-13","118.04"
"2017-12-14","117.14"
"2017-12-17","117.36"
"2017-12-18","117.36"
"2017-12-19","116.91"
"2017-12-20","117.14"
"2017-12-21","116.23"
"2017-12-24","118.27"
"2017-12-26","117.36"
"2017-12-27","116.68"
"2017-12-28","116.68"
"2017-12-31","113.73"
"2018-01-01","115.55"
"2018-01-02","115.78"
"2018-01-03","116.46"
"2018-01-04","115.78"
"2018-01-07","115.32"
"2018-01-08","115.55"
"2018-01-09","115.78"
"2018-01-10","114.87"
"2018-01-14","114.64"
"2018-01-16","114.19"
"2018-01-17","114.64"
"2018-01-21","114.19"
"2018-01-22","114.19"
"2018-01-23","114.64"
"2018-01-24","114.64"
"2018-01-25","114.19"
"2018-01-28","114.42"
"2018-01-29","113.51"
"2018-01-31","113.73"
"2018-02-01","113.05"
"2018-02-04","113.28"
"2018-02-05","112.6"
"2018-02-06","112.6"
"2018-02-07","112.83"
"2018-02-08","112.6"
"2018-02-11","113.96"
"2018-02-12","114.64"
"2018-02-14","113.96"
"2018-02-15","116"
"2018-02-18","116.68"
"2018-02-20","115.32"
"2018-02-21","114.64"
"2018-02-22","113.96"
"2018-02-25","112.83"
"2018-02-26","112.15"
"2018-02-27","112.15"
"2018-02-28","112.15"
"2018-03-04","111.92"
"2018-03-06","110.56"
"2018-03-07","111.69"
"2018-03-11","110.33"
"2018-03-12","108.97"
"2018-03-13","110.33"
"2018-03-14","111.69"
"2018-03-15","113.28"
"2018-03-19","114.42"
"2018-03-20","114.64"
"2018-03-21","113.73"
"2018-03-22","113.96"
"2018-03-26","113.96"
"2018-03-27","113.28"
"2018-03-28","114.87"
"2018-03-29","115.55"
"2018-04-01","114.87"
"2018-04-02","115.55"
"2018-04-03","113.05"
"2018-04-04","112.83"
"2018-04-05","112.83"
"2018-04-08","113.05"
"2018-04-09","113.28"
"2018-04-10","112.15"
"2018-04-11","111.24"
"2018-04-12","110.33"
"2018-04-15","111.69"
"2018-04-16","111.92"
"2018-04-18","113.96"
"2018-04-19","115.32"
"2018-04-22","116"
"2018-04-23","113.96"
"2018-04-24","113.51"
"2018-04-25","112.6"
"2018-04-26","112.37"
"2018-04-29","109.2"
"2018-05-02","110.33"
"2018-05-03","109.43"
"2018-05-06","109.88"
"2018-05-07","110.11"
"2018-05-08","109.88"
"2018-05-09","108.52"
"2018-05-10","109.43"
"2018-05-14","108.97"
"2018-05-15","108.97"
"2018-05-16","108.74"
"2018-05-17","108.97"
"2018-05-20","108.52"
"2018-05-21","108.29"
"2018-05-22","107.84"
"2018-05-23","107.16"
"2018-05-24","108.52"
"2018-05-27","107.38"
"2018-05-28","108.52"
"2018-05-30","108.97"
"2018-05-31","107.84"
"2018-06-03","107.16"
"2018-06-04","107.16"
"2018-06-06","107.16"
"2018-06-07","106.7"
"2018-06-10","106.02"
"2018-06-11","105.57"
"2018-06-12","105.12"
"2018-06-13","105.57"
"2018-06-14","105.34"
"2018-06-17","106.7"
"2018-06-18","106.25"
"2018-06-19","106.93"
"2018-06-20","106.7"
"2018-06-21","106.7"
"2018-06-24","106.25"
"2018-06-25","104.89"
"2018-06-26","104.44"
"2018-06-27","105.12"
"2018-06-28","105.57"
"2018-07-01","105.12"
"2018-07-02","105.34"
"2018-07-03","104.89"
"2018-07-04","105.12"
"2018-07-05","105.12"
"2018-07-08","105.12"
"2018-07-09","105.12"
"2018-07-10","107.61"
"2018-07-11","105.8"
"2018-07-12","105.57"
"2018-07-15","105.57"
"2018-07-17","104.89"
"2018-07-18","105.12"
"2018-07-19","104.21"
"2018-07-22","103.76"
"2018-07-23","104.21"
"2018-07-24","104.21"
"2018-07-25","103.53"
"2018-07-26","103.98"
"2018-07-30","103.53"
"2018-07-31","103.53"
"2018-08-01","103.3"
"2018-08-02","102.85"
"2018-08-05","102.62"
"2018-08-06","102.39"
"2018-08-07","103.3"
"2018-08-08","103.3"
"2018-08-13","102.85"
"2018-08-14","102.17"
"2018-08-15","102.62"
"2018-08-16","102.62"
"2018-08-19","102.17"
"2018-08-20","101.71"
"2018-08-21","101.94"
"2018-08-22","101.26"
"2018-08-23","101.26"
"2018-08-26","100.13"
"2018-08-28","101.03"
"2018-08-29","101.03"
"2018-08-30","101.49"
"2018-09-02","101.49"
"2018-09-03","101.94"
"2018-09-04","101.94"
"2018-09-05","102.17"
"2018-09-06","102.17"
"2018-09-09","101.26"
"2018-09-10","100.13"
"2018-09-11","100.58"
"2018-09-12","101.03"
"2018-09-13","101.03"
"2018-09-16","100.58"
"2018-09-17","100.13"
"2018-09-18","100.58"
"2018-09-20","100.81"
"2018-09-23","100.81"
"2018-09-25","101.26"
"2018-09-26","100.81"
"2018-09-27","100.58"
"2018-09-30","100.58"
"2018-10-01","100.35"
"2018-10-02","100.58"
"2018-10-03","100.35"
"2018-10-04","99.9"
"2018-10-07","99.45"
"2018-10-08","99.22"
"2018-10-09","99.22"
"2018-10-10","98.77"
"2018-10-11","99.45"
"2018-10-14","99.9"
"2018-10-15","99.45"
"2018-10-23","99.9"
"2018-10-24","99.9"
"2018-10-25","98.08"
"2018-10-28","98.77"
"2018-10-29","98.08"
"2018-10-30","98.08"
"2018-10-31","99.67"
"2018-11-01","99.9"
"2018-11-04","99.45"
"2018-11-05","99.67"
"2018-11-06","99.9"
"2018-11-14","98.99"
"2018-11-22","98.54"
"2018-11-25","98.77"
"2018-11-26","98.77"
"2018-11-27","98.31"
"2018-11-28","98.31"
"2018-11-29","97.86"
"2018-12-02","96.27"
"2018-12-03","96.5"
"2018-12-04","96.04"
"2018-12-05","95.59"
"2018-12-06","95.59"
"2018-12-09","96.95"
"2018-12-10","97.86"
"2018-12-11","97.86"
"2018-12-12","97.4"
"2018-12-13","97.18"
"2018-12-16","97.4"
"2018-12-17","97.4"
"2018-12-18","96.5"
"2018-12-19","96.5"
"2018-12-20","96.5"
"2018-12-23","96.04"
"2018-12-24","95.59"
"2018-12-25","95.14"
"2018-12-26","95.14"
"2018-12-27","96.27"
"2018-12-30","96.95"
"2018-12-31","97.4"
"2019-01-01","96.95"
"2019-01-02","96.5"
"2019-01-03","95.82"
"2019-01-06","95.59"
"2019-01-07","95.14"
"2019-01-08","95.36"
"2019-01-09","94.91"
"2019-01-10","94.91"
"2019-01-13","95.14"
"2019-01-14","94.68"
"2019-01-15","95.14"
"2019-01-16","95.59"
"2019-01-17","96.04"
"2019-01-20","96.04"
"2019-01-21","96.5"
"2019-01-22","96.04"
"2019-01-23","95.36"
"2019-01-24","95.82"
"2019-01-27","94.91"
"2019-01-28","94.91"
"2019-01-29","94.91"
"2019-01-30","94.91"
"2019-01-31","94.91"
"2019-02-03","94.46"
"2019-02-04","95.14"
"2019-02-05","94.23"
"2019-02-06","94.91"
"2019-02-07","94.46"
"2019-02-10","94.23"
"2019-02-11","93.55"
"2019-02-12","93.32"
"2019-02-13","93.1"
"2019-02-14","92.87"
"2019-02-17","93.1"
"2019-02-18","92.64"
"2019-02-19","92.41"
"2019-02-20","92.64"
"2019-02-21","92.87"
"2019-02-24","92.41"
"2019-02-25","92.41"
"2019-02-26","92.19"
"2019-02-27","92.64"
"2019-03-03","92.19"
"2019-03-05","92.87"
"2019-03-06","92.64"
"2019-03-07","93.1"
"2019-03-10","93.32"
"2019-03-11","92.64"
"2019-03-12","92.87"
"2019-03-13","93.78"
"2019-03-14","93.32"
"2019-03-17","93.78"
"2019-03-18","93.32"
"2019-03-19","93.1"
"2019-03-21","92.64"
"2019-03-24","92.64"
"2019-03-25","93.1"
"2019-03-26","93.55"
"2019-03-27","93.78"
"2019-03-28","93.55"
"2019-03-31","93.32"
"2019-04-01","93.1"
"2019-04-02","93.55"
"2019-04-03","93.78"
"2019-04-04","93.78"
"2019-04-07","93.1"
"2019-04-08","93.78"
"2019-04-09","93.1"
"2019-04-10","92.87"
"2019-04-11","93.1"
"2019-04-15","93.1"
"2019-04-16","93.32"
"2019-04-17","93.1"
"2019-04-18","92.64"
"2019-04-21","92.41"
"2019-04-22","92.41"
"2019-04-23","92.19"
"2019-04-24","91.96"
"2019-04-25","91.96"
"2019-04-28","92.64"
"2019-04-29","92.87"
"2019-04-30","92.64"
"2019-05-02","92.87"
"2019-05-05","92.41"
"2019-05-06","92.64"
"2019-05-07","92.41"
"2019-05-08","92.41"
"2019-05-09","92.19"
"2019-05-12","91.96"
"2019-05-13","92.87"
"2019-05-14","92.64"
"2019-05-15","92.41"
"2019-05-16","92.19"
"2019-05-19","93.78"
"2019-05-21","93.32"
"2019-05-22","94.68"
"2019-05-23","93.55"
"2019-05-26","93.78"
"2019-05-27","94.23"
"2019-05-28","94.23"
"2019-05-29","93.78"
"2019-05-30","94"
"2019-06-02","93.32"
"2019-06-03","92.87"
"2019-06-04","93.32"
"2019-06-06","93.55"
"2019-06-10","93.32"
"2019-06-11","93.55"
"2019-06-13","93.32"
"2019-06-16","92.41"
"2019-06-17","92.64"
"2019-06-18","92.41"
"2019-06-19","92.41"
"2019-06-20","92.19"
"2019-06-23","92.19"
"2019-06-24","92.41"
"2019-06-25","92.19"
"2019-06-26","92.19"
"2019-06-27","92.41"
"2019-06-30","91.96"
"2019-07-01","92.41"
"2019-07-02","92.41"
"2019-07-03","92.64"
"2019-07-04","92.19"
"2019-07-07","91.96"
"2019-07-08","91.73"
"2019-07-09","91.96"
"2019-07-10","91.96"
"2019-07-11","91.96"
"2019-07-14","91.73"
"2019-07-15","91.51"
"2019-07-16","91.96"
"2019-07-17","92.87"
"2019-07-23","92.41"
"2019-07-24","93.1"
"2019-07-25","92.19"
"2019-07-28","92.19"
"2019-07-29","91.96"
"2019-07-30","92.19"
"2019-07-31","91.96"
"2019-08-01","91.96"
"2019-08-04","91.73"
"2019-08-05","91.51"
"2019-08-06","91.28"
"2019-08-07","91.05"
"2019-08-08","91.28"
"2019-08-11","91.51"
"2019-08-12","91.96"
"2019-08-13","92.19"
"2019-08-14","91.96"
"2019-08-15","91.96"
"2019-08-18","91.96"
"2019-08-19","91.51"
"2019-08-20","91.28"
"2019-08-21","91.05"
"2019-08-22","91.05"
"2019-08-25","90.6"
"2019-08-26","90.6"
"2019-08-27","90.83"
"2019-08-28","90.6"
"2019-08-29","90.6"
"2019-09-01","90.37"
"2019-09-03","91.05"
"2019-09-04","91.05"
"2019-09-05","90.83"
"2019-09-08","90.83"
"2019-09-09","91.51"
"2019-09-10","91.96"
"2019-09-11","91.51"
"2019-09-12","91.73"
"2019-09-15","91.05"
"2019-09-16","90.83"
"2019-09-17","91.51"
"2019-09-18","91.73"
"2019-09-19","91.73"
"2019-09-23","91.51"
"2019-09-24","91.73"
"2019-09-29","91.51"
"2019-10-01","91.73"
"2019-10-02","91.51"
"2019-10-03","91.73"
"2019-10-14","91.73"
"2019-10-17","91.51"
"2019-10-20","91.28"
"2019-10-21","91.73"
"2019-10-22","91.96"
"2019-10-23","91.73"
"2019-10-24","91.96"
"2019-10-31","92.19"
"2019-11-03","93.1"
"2019-11-04","93.1"
"2019-11-05","93.1"
"2019-11-14","92.64"
"2019-11-25","92.19"
"2019-11-26","91.96"
"2019-11-27","91.51"
"2019-12-04","89.92"
"2019-12-05","89.24"
"2019-12-08","89.01"
"2019-12-09","88.79"
"2019-12-10","89.01"
"2019-12-11","89.47"
"2019-12-12","89.47"
"2019-12-16","89.24"
"2019-12-17","89.69"
"2019-12-18","89.69"
"2019-12-19","89.69"
"2019-12-22","89.24"
"2019-12-23","89.92"
"2019-12-24","90.15"
"2019-12-25","90.15"
"2019-12-26","89.92"
"2019-12-29","90.15"
"2019-12-30","90.15"
"2019-12-31","90.6"
"2020-01-01","90.83"
"2020-01-02","90.15"
"2020-01-05","90.6"
"2020-01-06","91.05"
"2020-01-07","91.28"
"2020-01-08","91.51"
"2020-01-12","91.96"
"2020-01-13","93.1"
"2020-01-14","91.73"
"2020-01-15","92.19"
"2020-01-16","92.19"
"2020-01-19","93.1"
"2020-01-20","92.87"
"2020-01-21","92.41"
"2020-01-22","92.19"
"2020-01-23","91.51"
"2020-01-26","91.51"
"2020-01-27","91.73"
"2020-01-28","92.41"
"2020-01-29","92.41"
"2020-01-30","92.87"
"2020-02-02","92.64"
"2020-02-03","94"
"2020-02-04","94"
"2020-02-05","93.32"
"2020-02-06","93.78"
"2020-02-09","93.55"
"2020-02-10","93.32"
"2020-02-11","94"
"2020-02-12","93.32"
"2020-02-13","93.1"
"2020-02-16","93.32"
"2020-02-17","94.23"
"2020-02-18","93.55"
"2020-02-19","93.32"
"2020-02-20","94"
"2020-02-23","92.87"
"2020-02-24","93.32"
"2020-02-25","94.91"
"2020-02-26","94.91"
"2020-02-27","94.46"
"2020-03-01","94.23"
"2020-03-02","93.32"
"2020-03-03","93.55"
"2020-03-04","93.1"
"2020-03-05","93.1"
"2020-03-10","93.32"
"2020-03-11","92.87"
"2020-03-12","92.41"
"2020-03-15","91.28"
"2020-03-16","91.28"
"2020-03-17","90.83"
"2020-03-18","90.15"
"2020-03-19","90.83"
"2020-07-01","90.6"
"2020-07-05","90.15"
"2020-07-06","90.15"
"2020-07-07","89.92"
"2020-07-08","90.6"
"2020-07-09","90.83"
"2020-07-12","91.05"
"2020-07-13","90.83"
"2020-07-15","90.6"
"2020-07-16","90.6"
"2020-07-20","90.37"
"2020-07-21","90.83"
"2020-07-22","90.37"
"2020-07-23","90.37"
"2020-07-26","90.37"
"2020-07-27","89.92"
"2020-07-28","89.69"
"2020-07-29","89.47"
"2020-07-30","90.6"
"2020-08-02","90.6"
"2020-08-03","91.05"
"2020-08-05","91.28"
"2020-08-06","90.83"
"2020-08-09","90.6"
"2020-08-10","91.05"
"2020-08-11","90.83"
"2020-08-12","90.15"
"2020-08-13","90.83"
"2020-08-16","90.83"
"2020-08-17","90.6"
"2020-08-18","91.51"
"2020-08-19","91.05"
"2020-08-20","91.05"
"2020-08-23","91.28"
"2020-08-24","91.05"
"2020-08-25","90.83"
"2020-08-26","90.83"
"2020-08-27","91.51"
"2020-08-30","91.73"
"2020-08-31","93.55"
"2020-09-02","95.59"
"2020-09-03","96.5"
"2020-09-06","96.27"
"2020-09-07","95.82"
"2020-09-08","95.36"
"2020-09-09","95.36"
"2020-09-10","94.91"
"2020-09-13","95.82"
"2020-09-14","98.08"
"2020-09-15","98.77"
"2020-09-16","101.49"
"2020-09-17","104.44"
"2020-09-20","102.85"
"2020-09-21","100.81"
"2020-09-22","102.17"
"2020-09-23","102.39"
"2020-09-24","105.34"
"2020-09-27","108.52"
"2020-09-28","108.06"
"2020-09-29","108.52"
"2020-09-30","108.97"
"2020-10-01","107.16"
"2020-10-04","107.16"
"2020-10-05","108.74"
"2020-10-06","112.37"
"2020-10-07","116.46"
"2020-10-08","116.23"
"2020-10-11","116.68"
"2020-10-12","115.55"
"2020-10-13","113.73"
"2020-10-14","111.24"
"2020-10-15","111.92"
"2020-10-18","110.56"
"2020-10-19","113.96"
"2020-10-20","115.1"
"2020-10-21","114.64"
"2020-10-22","114.19"
"2020-10-28","114.19"
"2020-10-29","114.64"
"2020-11-01","116.46"
"2020-11-02","115.55"
"2020-11-03","116"
"2020-11-04","116"
"2020-11-05","116.91"
"2020-11-08","120.54"
"2020-11-09","120.99"
"2020-11-10","121.22"
"2020-11-11","120.99"
"2020-11-12","119.86"
"2020-11-18","118.72"
"2020-11-19","119.63"
"2020-11-22","118.5"
"2020-11-23","118.5"
"2020-11-24","119.18"
"2020-11-25","118.5"
"2020-11-26","117.59"
"2020-11-29","117.14"
"2020-11-30","119.86"
"2020-12-01","118.04"
"2020-12-02","118.27"
"2020-12-03","117.36"
"2020-12-06","113.96"
"2020-12-07","116.46"
"2020-12-08","115.55"
"2020-12-09","116.23"
"2020-12-10","115.32"
"2020-12-13","116"
"2020-12-14","115.55"
"2020-12-20","113.51"
"2020-12-21","115.32"
"2020-12-22","115.32"
"2020-12-23","114.19"
"2020-12-24","113.73"
"2020-12-27","113.05"
"2020-12-28","112.37"
"2020-12-29","111.47"
"2020-12-30","112.37"
"2020-12-31","112.09"
"2021-01-03","112.09"
"2021-01-04","112.33"
"2021-01-05","115.19"
"2021-01-06","115.19"
"2021-01-07","115.43"
"2021-01-10","115.43"
"2021-01-11","115.19"
"2021-01-12","115.19"
"2021-01-13","119.01"
"2021-01-17","123.3"
"2021-01-18","128.31"
"2021-01-19","130.7"
"2021-01-20","128.79"
"2021-01-21","126.88"
"2021-01-24","127.36"
"2021-01-25","127.59"
"2021-01-26","128.07"
"2021-01-27","127.83"
"2021-01-28","126.4"
"2021-01-31","124.97"
"2021-02-01","126.16"
"2021-02-02","125.93"
"2021-02-03","126.16"
"2021-02-04","131.41"
"2021-02-07","134.27"
"2021-02-08","132.13"
"2021-02-09","129.98"
"2021-02-10","129.98"
"2021-02-11","129.5"
"2021-02-14","133.08"
"2021-02-15","135.94"
"2021-02-16","132.36"
"2021-02-17","130.22"
"2021-02-18","129.5"
"2021-02-21","130.22"
"2021-02-22","129.5"
"2021-02-23","129.03"
"2021-02-24","128.55"
"2021-02-25","127.59"
"2021-02-28","124.26"
"2021-03-01","127.83"
"2021-03-02","126.64"
"2021-03-03","123.3"
"2021-03-04","127.36"
"2021-03-07","126.4"
"2021-03-09","127.59"
"2021-03-10","127.83"
"2021-03-14","126.88"
"2021-03-15","125.69"
"2021-03-16","126.64"
"2021-03-17","126.64"
"2021-03-18","125.93"
"2021-03-21","126.4"
"2021-03-22","126.16"
"2021-03-23","127.12"
"2021-03-24","127.36"
"2021-03-25","127.59"
"2021-03-29","130.22"
"2021-03-30","130.22"
"2021-03-31","130.93"
"2021-04-01","130.7"
"2021-04-04","130.22"
"2021-04-05","129.03"
"2021-04-06","130.93"
"2021-04-07","130.22"
"2021-04-08","129.98"
"2021-04-12","129.26"
"2021-04-13","130.7"
"2021-04-15","129.74"
"2021-04-18","129.5"
"2021-04-19","129.03"
"2021-04-20","129.03"
"2021-04-21","129.03"
"2021-04-22","129.5"
"2021-04-25","127.36"
"2021-04-26","125.21"
"2021-04-27","127.59"
"2021-04-28","126.88"
"2021-04-29","128.79"
"2021-05-02","129.26"
"2021-05-03","129.5"
"2021-05-04","130.46"
"2021-05-05","136.18"
"2021-05-06","138.09"
"2021-05-09","134.75"
"2021-05-10","137.13"
"2021-05-11","135.7"
"2021-05-12","139.04"
"2021-05-13","141.9"
"2021-05-16","148.82"
"2021-05-17","156.45"
"2021-05-18","160.51"
"2021-05-19","156.69"
"2021-05-20","158.84"
"2021-05-23","167.42"
"2021-05-24","176.96"
"2021-05-25","187.46"
"2021-05-27","191.51"
"2021-05-30","183.64"
"2021-05-31","172.91"
"2021-06-01","173.39"
"2021-06-02","179.11"
"2021-06-03","173.86"
"2021-06-06","172.67"
"2021-06-07","177.68"
"2021-06-08","188.17"
"2021-06-09","199.62"
"2021-06-10","212.26"
"2021-06-13","219.18"
"2021-06-14","225.38"
"2021-06-15","214.65"
"2021-06-16","204.39"
"2021-06-17","205.34"
"2021-06-20","193.66"
"2021-06-21","195.57"
"2021-06-22","207.97"
"2021-06-23","203.67"
"2021-06-24","197.47"
"2021-06-27","199.14"
"2021-06-28","197.47"
"2021-06-29","193.9"
"2021-06-30","200.57"
"2021-07-01","200.1"
"2021-07-04","198.43"
"2021-07-05","194.61"
"2021-07-06","191.51"
"2021-07-07","188.41"
"2021-07-08","192.94"
"2021-07-11","199.86"
"2021-07-12","196.52"
"2021-07-13","195.57"
"2021-07-14","199.62"
"2021-07-15","198.19"
"2021-07-18","202.01"
"2021-07-19","201.05"
"2021-07-20","211.07"
"2021-07-22","205.11"
"2021-07-25","207.49"
"2021-07-26","208.44"
"2021-07-27","212.98"
"2021-07-28","212.02"
"2021-07-29","219.65"
"2021-08-01","231.34"
"2021-08-02","225.14"
"2021-08-03","226.33"
"2021-08-04","228.48"
"2021-08-05","220.13"
"2021-08-08","223.68"
"2021-08-09","236.59"
"2021-08-10","231.34"
"2021-08-11","233.77"
"2021-08-12","236.59"
"2021-08-15","227.76"
"2021-08-16","229.93"
"2021-08-17","237.06"
"2021-08-18","250.42"
"2021-08-19","237.54"
"2021-08-24","225.38"
"2021-08-25","221.8"
"2021-08-26","231.34"
"2021-08-29","222.97"
"2021-08-31","218.7"
"2021-09-01","215.6"
"2021-09-02","208.68"
"2021-09-05","196.52"
"2021-09-06","209.02"
"2021-09-07","207.97"
"2021-09-08","205.82"
"2021-09-09","212.02"
"2021-09-12","224.19"
"2021-09-13","223.35"
"2021-09-14","220.13"
"2021-09-15","217.03"
"2021-09-16","208.21"
"2021-09-20","195.59"
"2021-09-21","196.52"
"2021-09-22","205.34"
"2021-09-23","200.57"
"2021-09-26","196.28"
"2021-09-27","188.65"
"2021-09-28","179.06"
"2021-09-29","183.64"
"2021-09-30","177.44"
"2021-10-03","172.67"
"2021-10-04","166.95"
"2021-10-05","171.24"
"2021-10-06","172.93"
"2021-10-10","170.52"
"2021-10-11","167.9"
"2021-10-17","170.29"
"2021-10-18","163.13"
"2021-10-19","158.36"
"2021-10-20","159.82"
"2021-10-21","159.55"
"2021-10-24","167.07"
"2021-10-25","176.58"
"2021-10-26","187.08"
"2021-10-27","186.74"
"2021-10-28","189.37"
"2021-10-31","197.95"
"2021-11-01","194.37"
"2021-11-02","195.54"
"2021-11-03","195.57"
"2021-11-08","192.7"
"2021-11-09","186.5"
"2021-11-11","179.3"
"2021-11-14","181.49"
"2021-11-15","188.17"
"2021-11-16","192.23"
"2021-11-17","195.21"
"2021-11-18","192.7"
"2021-11-21","194.11"
"2021-11-22","194.13"
"2021-11-23","190.32"
"2021-11-24","190.8"
"2021-11-25","191.51"
"2021-11-28","185.79"
"2021-11-29","185.07"
"2021-11-30","186.03"
"2021-12-01","186.98"
"2021-12-02","184.36"
"2021-12-05","178.87"
"2021-12-06","182.21"
"2021-12-07","177.44"
"2021-12-08","171.95"
"2021-12-09","171.95"
"2021-12-12","165.99"
"2021-12-13","159.31"
"2021-12-14","168.09"
"2021-12-15","169.59"
"2021-12-16","165.75"
"2021-12-20","167.42"
"2021-12-21","169.33"
"2021-12-22","179.11"
"2021-12-23","189.13"
"2021-12-26","187.22"
"2021-12-27","181.02"
"2021-12-28","181.49"
"2021-12-29","181.73"
"2022-01-02","180.78"
"2022-01-03","181.73"
"2022-01-04","183.64"
"2022-01-05","183.88"
"2022-01-06","183.4"
"2022-01-09","188.89"
"2022-01-10","188.89"
"2022-01-11","190.8"
"2022-01-12","188.41"
"2022-01-13","194.47"
"2022-01-16","198.4"
"2022-01-17","199.62"
"2022-01-18","205.58"
"2022-01-19","208.68"
"2022-01-20","209.16"
"2022-01-23","208.21"
"2022-01-24","200.1"
"2022-01-25","199.86"
"2022-01-26","195.71"
"2022-01-27","196.76"
"2022-01-30","204.63"
"2022-01-31","201.53"
"2022-02-01","206.3"
"2022-02-03","203.91"
"2022-02-06","199.86"
"2022-02-07","202.08"
"2022-02-08","201.05"
"2022-02-09","199.5"
"2022-02-10","197.71"
"2022-02-13","191.99"
"2022-02-14","194.61"
"2022-02-15","200.34"
"2022-02-16","195.85"
"2022-02-17","194.61"
"2022-02-20","194.04"
"2022-02-21","198.43"
"2022-02-22","205.32"
"2022-02-23","206.3"
"2022-02-24","202.48"
"2022-02-27","205.82"
"2022-02-28","200.1"
"2022-03-02","194.11"
"2022-03-06","193.66"
"2022-03-07","188.89"
"2022-03-09","187.74"
"2022-03-10","192.94"
"2022-03-13","195.8"
"2022-03-14","194.85"
"2022-03-15","192.7"
"2022-03-16","190.56"
"2022-03-20","190.32"
"2022-03-21","194.85"
"2022-03-22","195.3"
"2022-03-23","192.87"
"2022-03-24","191.75"
"2022-03-27","187.22"
"2022-03-28","184.86"
"2022-03-29","184.83"
"2022-03-30","186.26"
"2022-03-31","182.21"
"2022-04-03","181.26"
"2022-04-04","179.09"
"2022-04-05","176.25"
"2022-04-06","173.15"
"2022-04-07","173.39"
"2022-04-11","171"
"2022-04-12","170.52"
"2022-04-13","172.43"
"2022-04-17","172.74"
"2022-04-18","167.9"
"2022-04-19","166.73"
"2022-04-20","163.37"
"2022-04-21","162.18"
"2022-04-24","171.19"
"2022-04-25","170.05"
"2022-04-26","168.62"
"2022-04-27","169.33"
"2022-04-28","166.47"
"2022-05-02","162.65"
"2022-05-04","166.71"
"2022-05-05","165.28"
"2022-05-08","167.42"
"2022-05-09","168.62"
"2022-05-10","178.32"
"2022-05-11","188.98"
"2022-05-12","192.47"
"2022-05-17","183.16"
"2022-05-18","189.6"
"2022-05-19","186.5"
"2022-05-20","185.79"
"2022-05-23","181.85"
"2022-05-24","184.6"
"2022-05-25","186.62"
"2022-05-26","185.19"
"2022-05-27","185.31"
"2022-05-30","182.45"
"2022-05-31","181.97"
"2022-06-01","182.42"
"2022-06-02","181.35"
"2022-06-03","177.68"
"2022-06-06","178.39"
"2022-06-07","176.46"
"2022-06-08","184.6"
"2022-06-09","181.02"
"2022-06-10","178.87"
"2022-06-13","179.32"
"2022-06-14","177.44"
"2022-06-15","175.51"
"2022-06-16","177.92"
"2022-06-17","175.79"
"2022-06-19","171.72"
"2022-06-20","165.75"
"2022-06-21","169.33"
"2022-06-22","167.66"
"2022-06-23","164.3"
"2022-06-24","169.09"
"2022-06-26","177.92"
"2022-06-27","177.65"
"2022-06-28","178.32"
"2022-06-29","188.41"
"2022-06-30","185.31"
"2022-07-01","181.73"
"2022-07-03","180.78"
"2022-07-04","181.02"
"2022-07-05","180.14"
"2022-07-06","180.3"
"2022-07-07","179.35"
"2022-07-08","176.72"
"2022-07-11","169.81"
"2022-07-12","172.65"
"2022-07-13","176.96"
"2022-07-14","177.44"
"2022-07-15","176.49"
"2022-07-17","177.2"
"2022-07-18","190.13"
"2022-07-19","190.32"
"2022-07-20","187.93"
"2022-07-21","185.55"
"2022-07-22","183.64"
"2022-07-24","189.84"
"2022-07-25","195.95"
"2022-07-26","190.84"
"2022-07-27","192.7"
"2022-07-28","192.75"
"2022-07-29","192.23"
"2022-07-31","194.13"
"2022-08-01","193.61"
"2022-08-02","191.75"
"2022-08-03","194.61"
"2022-08-04","190.84"
"2022-08-05","189.6"
"2022-08-07","189.37"
"2022-08-08","188.36"
"2022-08-09","182.64"
"2022-08-10","181.73"
"2022-08-11","183.16"
"2022-08-14","179.83"
"2022-08-15","183.64"
"2022-08-16","179.83"
"2022-08-17","179.83"
"2022-08-18","183.16"
"2022-08-21","185.07"
"2022-08-22","183.64"
"2022-08-23","181.73"
"2022-08-24","182.69"
"2022-08-25","180.54"
"2022-08-26","179.83"
"2022-08-28","173.62"
"2022-08-29","174.1"
"2022-08-30","171.24"
"2022-08-31","167.47"
"2022-09-01","168.85"
"2022-09-02","166.95"
"2022-09-04","166.95"
"2022-09-05","166.9"
"2022-09-06","162.18"
"2022-09-07","164.08"
"2022-09-08","166.85"
"2022-09-11","165.52"
"2022-09-12","164.32"
"2022-09-13","164.56"
"2022-09-14","168.85"
"2022-09-15","162.18"
"2022-09-16","162.18"
"2022-09-18","158.36"
"2022-09-20","149.3"
"2022-09-21","149.3"
"2022-09-22","151.49"
"2022-09-25","147.91"
"2022-09-27","150.25"
"2022-09-28","148.34"
"2022-09-29","148.11"
"2022-10-09","151.68"
"2022-10-10","149.77"
"2022-10-11","149.25"
"2022-10-12","150.25"
"2022-10-13","151.44"
"2022-10-16","149.3"
"2022-10-17","148.82"
"2022-10-19","145.48"
"2022-10-20","145"
"2022-10-23","145"
"2022-10-31","146.91"
"2022-11-01","150.25"
"2022-11-02","150.97"
"2022-11-03","151.21"
"2022-11-06","154.31"
"2022-11-07","152.02"
"2022-11-08","150.25"
"2022-11-09","147.39"
"2022-11-10","145.48"
"2022-11-13","145.43"
"2022-11-14","147.25"
"2022-11-15","147.87"
"2022-11-16","147.87"
"2022-11-17","151.35"
"2022-11-22","151.3"
"2022-11-23","149.39"
"2022-11-24","149.73"
"2022-11-27","150.73"
"2022-11-28","148.82"
"2022-11-29","148.77"
"2022-11-30","150.82"
"2022-12-01","149.77"
"2022-12-04","149.77"
"2022-12-05","147.77"
"2022-12-06","145.48"
"2022-12-07","144.96"
"2022-12-11","142.57"
"2022-12-12","144.96"
"2022-12-13","143.1"
"2022-12-14","143.57"
"2022-12-15","141.95"
"2022-12-18","139.76"
"2022-12-19","140.66"
"2022-12-20","140.66"
"2022-12-21","139.33"
"2022-12-22","139.28"
"2022-12-26","144.05"
"2022-12-27","151.11"
"2022-12-28","147.87"
"2022-12-29","152.64"
"2023-01-01","155.98"
"2023-01-02","156.45"
"2023-01-03","155.31"
"2023-01-04","161.22"
"2023-01-05","162.7"
"2023-01-08","165.99"
"2023-01-09","177.82"
"2023-01-10","184.07"
"2023-01-12","178.39"
"2023-01-17","184.12"
"2023-01-18","184.12"
"2023-01-19","181.73"
"2023-01-23","176.39"
"2023-01-24","176.01"
"2023-01-25","180.78"
"2023-01-26","180.78"
"2023-01-29","180.73"
"2023-01-30","173.15"
"2023-01-31","171.24"
"2023-02-01","171.72"
"2023-02-02","166.95"
"2023-02-05","168.9"
"2023-02-06","170.76"
"2023-02-07","183.07"
"2023-02-08","181.26"
"2023-02-09","183.64"
"2023-02-12","175.29"
"2023-02-14","175.1"
"2023-02-15","174.86"
"2023-02-16","172.19"
"2023-02-20","170.76"
"2023-02-22","180.3"
"2023-02-23","174.58"
"2023-02-26","175.53"
"2023-02-27","175.44"
"2023-02-28","174.1"
"2023-03-01","174.1"
"2023-03-02","170.57"
"2023-03-05","169.05"
"2023-03-07","171.24"
"2023-03-09","176.96"
"2023-03-12","175.53"
"2023-03-13","173.62"
"2023-03-14","173.15"
"2023-03-15","171.72"
"2023-03-16","171.53"
"2023-03-19","173.15"
"2023-03-20","176.96"
"2023-03-22","173.62"
"2023-03-23","173.15"
"2023-03-26","173.62"
"2023-03-27","176.06"
"2023-03-28","176.01"
"2023-03-29","174.58"
"2023-03-30","173.15"
"2023-04-02","172.38"
"2023-04-03","169.81"
"2023-04-04","169.81"
"2023-04-05","170.29"
"2023-04-06","169.33"
"2023-04-09","166.95"
"2023-04-10","167.9"
"2023-04-11","168.85"
"2023-04-12","175.63"
"2023-04-13","172.15"
"2023-04-16","170.67"
"2023-04-17","169.81"
"2023-04-18","170.29"
"2023-04-19","169.33"
"2023-04-20","167.9"
"2023-04-23","166.04"
"2023-04-24","166.47"
"2023-04-25","168.38"
"2023-04-26","166.95"
"2023-04-27","165.99"
"2023-04-30","165.23"
"2023-05-02","165.52"
"2023-05-03","162.18"
"2023-05-04","165.04"
"2023-05-07","161.22"
"2023-05-08","158.84"
"2023-05-09","161.22"
"2023-05-10","158.98"
"2023-05-11","159.31"
"2023-05-14","157.41"
"2023-05-15","158.69"
"2023-05-16","158.36"
"2023-05-17","159.31"
"2023-05-18","161.22"
"2023-05-21","162.65"
"2023-05-22","162.18"
"2023-05-23","165.52"
"2023-05-24","166.42"
"2023-05-28","166.47"
"2023-05-30","163.61"
"2023-05-31","160.27"
"2023-06-01","161.65"
"2023-06-04","165.52"
"2023-06-05","160.75"
"2023-06-06","165.99"
"2023-06-07","166.9"
"2023-06-08","166.47"
"2023-06-11","169.86"
"2023-06-12","176.01"
"2023-06-13","179.35"
"2023-06-14","176.96"
"2023-06-15","177.44"
"2023-06-18","177.92"
"2023-06-19","181.26"
"2023-06-20","175.44"
"2023-06-21","170.29"
"2023-06-22","170.29"
"2023-06-25","172.19"
"2023-06-26","172.67"
"2023-06-27","173.1"
"2023-06-28","173.15"
"2023-07-02","167.9"
"2023-07-03","166.23"
"2023-07-04","165.99"
"2023-07-05","161.22"
"2023-07-06","161.22"
"2023-07-09","161.65"
"2023-07-10","161.22"
"2023-07-11","159.12"
"2023-07-12","165.99"
"2023-07-13","164.56"
"2023-07-16","166.47"
"2023-07-17","166.52"
"2023-07-18","166.95"
"2023-07-19","165.99"
"2023-07-20","169.71"
"2023-07-23","171.24"
"2023-07-24","168.85"
"2023-07-25","169.28"
"2023-07-26","172.67"
"2023-07-27","167.42"
"2023-07-30","163.13"
"2023-07-31","163.13"
"2023-08-01","162.61"
"2023-08-02","162.65"
"2023-08-03","161.22"
"2023-08-06","157.79"
"2023-08-07","157.41"
"2023-08-08","154.54"
"2023-08-09","155.98"
"2023-08-10","155.5"
"2023-08-13","157.17"
"2023-08-14","155.5"
"2023-08-15","153.35"
"2023-08-16","151.68"
"2023-08-17","151.44"
"2023-08-20","149.3"
"2023-08-21","146.44"
"2023-08-22","148.82"
"2023-08-23","151.68"
"2023-08-24","149.77"
"2023-08-27","148.77"
"2023-08-28","149.77"
"2023-08-29","148.77"
"2023-08-30","148.11"
"2023-09-03","144.53"
"2023-09-04","147.77"
"2023-09-05","146.91"
"2023-09-07","144.91"
"2023-09-10","147.29"
"2023-09-11","155.5"
"2023-09-12","152.64"
"2023-09-13","163.13"
"2023-09-17","156.45"
"2023-09-18","160.79"
"2023-09-19","169.33"
"2023-09-21","167.28"
"2023-09-24","161.7"
"2023-09-25","159.27"
"2023-09-26","164.08"
"2023-09-27","162.13"
"2023-10-01","157.41"
"2023-10-02","159.31"
"2023-10-03","156.88"
"2023-10-04","155.98"
"2023-10-05","156.12"
"2023-10-08","152.64"
"2023-10-09","152.16"
"2023-10-10","150.25"
"2023-10-11","152.02"
"2023-10-12","150.25"
"2023-10-16","148.82"
"2023-10-17","149.3"
"2023-10-18","152.16"
"2023-10-19","152.02"
"2023-10-29","148.3"
"2023-10-30","150.25"
"2023-10-31","148.82"
"2023-11-01","149.3"
"2023-11-02","145.96"
"2023-11-05","145.96"
"2023-11-06","146.29"
"2023-11-07","144.53"
"2023-11-08","145.43"
"2023-11-09","143.57"
"2023-11-20","142.62"
"2023-11-21","140.71"
"2023-11-22","142.62"
"2023-11-23","143.57"
"2023-11-26","147.2"
"2023-11-27","147.39"
"2023-11-28","145.96"
"2023-11-29","147.25"
"2023-11-30","143.1"
"2023-12-03","147.82"
"2023-12-04","149.15"
"2023-12-05","149.3"
"2023-12-06","147.82"
"2023-12-07","149.77"
"2023-12-10","156.45"
"2023-12-11","155.5"
"2023-12-12","160.51"
"2023-12-13","159.31"
"2023-12-14","155.98"
"2023-12-17","163.13"
"2023-12-18","171.72"
"2023-12-19","169.81"
"2023-12-20","166.47"
"2023-12-21","164.42"
"2023-12-24","159.79"
"2023-12-27","159.31"
"2023-12-28","157.17"
"2024-01-01","155.5"
"2024-01-02","150.82"
"2024-01-03","154.02"
"2024-01-04","157.84"
"2024-01-07","159.41"
"2024-01-08","166.95"
"2024-01-09","162.03"
"2024-01-10","161.7"
"2024-01-11","164.8"
"2024-01-14","169.76"
"2024-01-16","176.49"
"2024-01-17","167.42"
"2024-01-18","174.1"
"2024-01-21","174.1"
"2024-01-22","169.28"
"2024-01-23","169.33"
"2024-01-24","166.85"
"2024-01-25","166.42"
"2024-01-28","171.24"
"2024-01-29","176.96"
"2024-01-30","185.07"
"2024-01-31","180.78"
"2024-02-01","179.83"
"2024-02-04","180.21"
"2024-02-05","180.97"
"2024-02-06","178.39"
"2024-02-07","179.83"
"2024-02-08","177.92"
"2024-02-11","177.15"
"2024-02-12","178.39"
"2024-02-13","177.44"
"2024-02-14","177.92"
"2024-02-15","178.35"
"2024-02-18","174.58"
"2024-02-20","174.1"
"2024-02-21","172.15"
"2024-02-22","168.43"
"2024-02-25","170.29"
"2024-02-26","171.14"
"2024-02-27","168.85"
"2024-02-28","168.81"
"2024-02-29","165.28"
"2024-03-03","163.27"
"2024-03-04","174.58"
"2024-03-05","165.99"
"2024-03-06","167.42"
"2024-03-07","168.76"
"2024-03-10","168.28"
"2024-03-12","169.81"
"2024-03-13","167.9"
"2024-03-14","167.42"
"2024-03-17","165.52"
"2024-03-18","165.8"
"2024-03-19","165.09"
"2024-03-20","164.56"
"2024-03-21","163.13"
"2024-03-25","162.13"
"2024-03-26","163.66"
"2024-03-27","161.17"
"2024-03-28","164.08"
"2024-03-31","165.28"
"2024-04-01","163.61"
"2024-04-02","163.37"
"2024-04-03","162.65"
"2024-04-04","160.65"
"2024-04-07","161.22"
"2024-04-09","161.22"
"2024-04-10","161.7"
"2024-04-14","162.7"
"2024-04-15","162.22"
"2024-04-16","160.41"
"2024-04-18","157.88"
"2024-04-21","162.08"
"2024-04-22","159.31"
"2024-04-24","158.84"
"2024-04-25","158.79"
"2024-04-28","158.6"
"2024-04-29","157.41"
"2024-04-30","160.27"
"2024-05-02","158.12"
"2024-05-05","155.4"
"2024-05-06","154.97"
"2024-05-07","153.69"
"2024-05-08","150.4"
"2024-05-09","152.64"
"2024-05-12","152.16"
"2024-05-13","155.5"
"2024-05-14","160.03"
"2024-05-15","158.31"
"2024-05-16","159.79"
"2024-05-19","160.27"
"2024-05-20","159.79"
"2024-05-21","163.13"
"2024-05-22","162.65"
"2024-05-26","161.22"
"2024-05-27","160.27"
"2024-05-29","157.98"
"2024-05-30","161.7"
"2024-06-02","162.65"
"2024-06-03","161.94"
"2024-06-04","160.75"
"2024-06-05","159.79"
"2024-06-06","159.79"
"2024-06-09","162.18"
"2024-06-10","166.47"
"2024-06-11","178.35"
"2024-06-12","182.73"
"2024-06-13","194.13"
"2024-06-16","194.13"
"2024-06-18","194.61"
"2024-06-19","194.61"
"2024-06-20","195.33"
"2024-06-23","192.23"
"2024-06-24","189.84"
"2024-06-25","192.89"
"2024-06-26","190.8"
"2024-06-27","194.56"
"2024-06-30","191.85"
"2024-07-01","191.99"
"2024-07-02","192.75"
"2024-07-03","190.8"
"2024-07-04","189.32"
"2024-07-07","190.27"
"2024-07-08","188.41"
"2024-07-09","187.46"
"2024-07-10","190.8"
"2024-07-11","190.32"
"2024-07-14","192.7"
"2024-07-15","188.89"
"2024-07-16","203.01"
"2024-07-17","211.35"
"2024-07-18","212.12"
"2024-07-21","207.92"
"2024-07-22","206.54"
"2024-07-23","214.6"
"2024-07-24","216.55"
"2024-07-25","220.85"
"2024-07-28","218.75"
"2024-07-29","219.89"
"2024-07-30","237.11"
"2024-07-31","237.06"
"2024-08-01","231.82"
"2024-08-05","237.06"
"2024-08-06","223.71"
"2024-08-07","227.52"
"2024-08-08","231.34"
"2024-08-11","235.16"
"2024-08-12","233.73"
"2024-08-13","231.82"
"2024-08-14","234.68"
"2024-08-15","244.22"
"2024-08-18","236.11"
"2024-08-21","232.82"
"2024-08-22","232.77"
"2024-08-25","228.96"
"2024-08-27","215.6"
"2024-08-28","219.42"
"2024-08-29","222.37"
"2024-09-01","218.94"
"2024-09-02","226.67"
"2024-09-03","224.19"
"2024-09-04","217.98"
"2024-09-05","217.51"
"2024-09-08","214.65"
"2024-09-09","210.83"
"2024-09-10","211.31"
"2024-09-11","208.92"
"2024-09-12","215.12"
"2024-09-15","212.26"
"2024-09-16","207.97"
"2024-09-18","208.35"
"2024-09-22","208.92"
"2024-09-23","205.06"
"2024-09-24","200.77"
"2024-09-25","203.67"
"2024-09-26","203.44"
"2024-09-29","201.29"
"2024-09-30","202.72"
"2024-10-01","215.12"
"2024-10-02","214.65"
"2024-10-06","218.46"
"2024-10-07","217.98"
"2024-10-08","216.55"
"2024-10-09","217.51"
"2024-10-15","217.84"
"2024-10-16","220.89"
"2024-10-17","221.8"
"2024-10-20","218.94"
"2024-10-21","223.23"
"2024-10-22","231.39"
"2024-10-23","228.48"
"2024-10-24","229.81"
"2024-10-27","235.63"
"2024-10-28","238.4"
"2024-10-29","238.45"
"2024-10-30","233.01"
"2024-11-05","233.25"
"2024-11-06","234.68"
"2024-11-10","237.49"
"2024-11-11","238.02"
"2024-11-12","236.11"
"2024-11-13","240.88"
"2024-11-14","247.41"
"2024-11-17","255.67"
"2024-11-19","249.47"
"2024-11-20","254.24"
"2024-11-21","248.99"
"2024-11-24","246.99"
"2024-11-25","248.03"
"2024-11-26","252.8"
"2024-11-27","256.62"
"2024-11-28","250.99"
"2024-12-01","254.71"
"2024-12-02","264.25"
"2024-12-03","265.68"
"2024-12-04","261.39"
"2024-12-05","257.1"
"2024-12-08","252.33"
"2024-12-09","257.1"
"2024-12-10","253.42"
"2024-12-11","257.48"
"2024-12-12","252.33"
"2024-12-16","243.74"
"2024-12-17","245.65"
"2024-12-18","246.13"
"2024-12-19","241.55"
"2024-12-22","240.83"
"2024-12-23","241.36"
"2024-12-24","243.74"
"2024-12-26","241.12"
"2024-12-29","233.87"
"2024-12-31","231.82"
"2025-01-01","235.16"
"2025-01-02","240.88"
"2025-01-05","240.93"
"2025-01-06","246.08"
"2025-01-07","245.6"
"2025-01-08","246.6"
"2025-01-09","247.56"
"2025-01-12","246.6"
"2025-01-13","245.17"
"2025-01-15","247.51"
"2025-01-16","254.24"
"2025-01-19","261.82"
"2025-01-20","259.72"
"2025-01-21","254.71"
"2025-01-22","260.44"
"2025-01-23","259.96"
"2025-01-26","269.5"
"2025-01-27","265.68"
"2025-01-28","267.73"
"2025-02-02","266.64"
"2025-02-03","279.99"
"2025-02-04","289.06"
"2025-02-05","288.53"
"2025-02-06","281.42"
"2025-02-09","276.18"
"2025-02-10","276.18"
"2025-02-11","282.38"
"2025-02-12","285.62"
"2025-02-13","280.95"
"2025-02-16","278.56"
"2025-02-17","275.94"
"2025-02-18","274.17"
"2025-02-20","269.98"
"2025-02-23","270.93"
"2025-02-24","271.65"
"2025-02-25","270.98"
"2025-02-27","279.52"
"2025-03-02","281.9"
"2025-03-03","278.56"
"2025-03-04","291.49"
"2025-03-05","298.07"
"2025-03-06","301.93"
"2025-03-09","307.18"
"2025-03-10","305.27"
"2025-03-11","300.5"
"2025-03-12","299.07"
"2025-03-16","295.73"
"2025-03-17","292.54"
"2025-03-18","292.97"
"2025-03-19","289.96"
"2025-03-20","286.46"
"2025-03-23","287.84"
"2025-03-24","289.5"
"2025-03-25","283.45"
"2025-03-26","289.5"
"2025-03-27","293.11"
"2025-03-30","294.54"
"2025-04-01","289.9"
"2025-04-02","291.57"
"2025-04-03","292.23"
"2025-04-07","288.79"
"2025-04-08","290.67"
"2025-04-09","291.06"
"2025-04-10","296.99"
"2025-04-13","302.87"
"2025-04-15","313.34"
"2025-04-16","316.04"
"2025-04-17","313.33"
"2025-04-20","313.26"
"2025-04-21","314.99"
"2025-04-22","315.61"
"2025-04-23","312.37"
"2025-04-24","322.42"
"2025-04-27","323.31"
"2025-04-28","315.96"
"2025-04-29","315.94"
"2025-04-30","322.38"
"2025-05-04","317.32"
"2025-05-05","310.91"
"2025-05-06","308.35"
"2025-05-07","306.07"
"2025-05-08","305.72"
"2025-05-11","306.53"
"2025-05-13","300.86"
"2025-05-14","298.21"
"2025-05-15","305.22"
"2025-05-18","301.92"
"2025-05-19","304.49"
"2025-05-20","305.16"
"2025-05-21","300.74"
"2025-05-22","293.89"
"2025-05-25","292.13"
"2025-05-26","290.73"
"2025-05-27","291.25"
"2025-05-28","295.23"
"2025-06-02","291.16"
"2025-06-03","282.61"
"2025-06-04","277"
"2025-06-05","304.59"
"2025-06-08","301.91"
"2025-06-09","295.59"
"2025-06-10","295.68"
"2025-06-11","308.89"
"2025-06-12","320.25"
"2025-06-15","351.77"
"2025-06-16","357.54"
"2025-06-17","349.82"
"2025-06-18","370.07"
"2025-06-19","354.64"
"2025-06-22","346.55"
"2025-06-23","364.82"
"2025-06-24","353.49"
"2025-06-25","351.97"
"2025-06-26","383.39"
"2025-06-29","398.53"
"2025-06-30","393.5"
"2025-07-01","426.6"
"2025-07-02","438.37"
"2025-07-03","425.35"
"2025-07-06","414.74"
"2025-07-07","406.27"
"2025-07-08","406.17"
"2025-07-09","431.39"
"2025-07-10","423.09"
"2025-07-13","405.75"
"2025-07-14","397.52"
"2025-07-15","405.17"
"2025-07-16","398.89"
"2025-07-17","401.58"
"2025-07-20","394.06"
"2025-07-21","385.99"
"2025-07-22","386.96"
"2025-07-23","394.82"
"2025-07-24","393.69"
"2025-07-27","386.97"
"2025-07-28","384.58"
"2025-07-29","378.87"
"2025-07-30","379.98"
"2025-07-31","371.47"
"2025-08-03","359.81"
"2025-08-04","357.48"
"2025-08-05","345.85"
"2025-08-06","340.13"
"2025-08-07","373.4"
"2025-08-11","364.15"
"2025-08-12","353.91"
"2025-08-13","360.91"
"2025-08-14","360.43"
"2025-08-17","350.16"
"2025-08-18","353.54"
"2025-08-19","350.88"
"2025-08-20","351.78"
"2025-08-21","347.16"
"2025-08-24","339.21"
"2025-08-25","341.18"
"2025-08-26","339.93"
"2025-08-27","347.33"
"2025-08-28","340.85"
"2025-08-31","335.38"
"2025-09-01","333.17"
"2025-09-02","327.46"
"2025-09-03","318.63"
"2025-09-04","315.44"
"2025-09-07","312.43"
"2025-09-08","301.17"
"2025-09-18","284.29"
"2025-09-21","305.81"
"2025-09-23","317.68"
"2025-09-24","311.95"
"2025-09-25","309.09"
"2025-09-28","321.49"
"2025-10-07","311.47"
"2025-10-08","301.46"
"2025-10-09","310.04"
"2025-10-12","297.64"
"2025-10-13","303.27"
"2025-10-14","304.99"
"2025-10-15","298.6"
"2025-10-16","291.92"
"2025-10-19","291.92"
"2025-10-26","286.19"
"2025-10-28","305.27"
"2025-10-29","302.41"
"2025-10-30","307.18"
"2025-11-02","317.2"
"2025-11-03","324.26"
"2025-11-04","318.63"
"2025-11-05","316.63"
"2025-11-06","321.49"
"2025-11-09","312.91"
"2025-11-10","312.91"
"2025-11-11","313.86"
"2025-11-12","324.35"
"2025-11-13","329.12"
"2025-11-16","316.91"
"2025-11-17","318.82"
"2025-11-18","331.89"
"2025-11-19","329.03"
"2025-11-20","327.22"
"2025-11-23","331.99"
"2025-11-24","324.45"
"2025-11-25","332.18"
"2025-11-26","342.48"
"2025-11-27","337.61"
"2025-11-30","333.9"
"2025-12-01","337"
"2025-12-02","337"
"2025-12-03","332"
"2025-12-07","327"
"2025-12-08","329.9"
"2025-12-09","324.2"
"2025-12-10","321"
"2025-12-11","319.8"
"2025-12-14","315"
"2025-12-15","318"
"2025-12-16","325"
"2025-12-17","322.9"
"2025-12-18","316.1"
"2025-12-21","313.1"
"2025-12-22","312"
"2025-12-23","314"
"2025-12-24","318"
"2025-12-28","321"
"2025-12-29","318.8"
"2025-12-31","318"
"2026-01-01","313.9"
"2026-01-04","313.7"
"2026-01-05","318"
"2026-01-06","320.8"
"2026-01-07","319.6"
"2026-01-08","318.5"
"2026-01-12","317"
"2026-01-13","321"
"2026-01-14","323.2"
"2026-01-18","325"
"2026-01-20","331.7"
"2026-01-21","331"
"2026-01-22","342"
"2026-01-25","375"
"2026-01-26","377"
"2026-01-27","362.1"
"2026-01-28","369.5"
"2026-01-29","371"
"2026-02-01","365"
"2026-02-02","363"
"2026-02-03","378"
"2026-02-04","383"
"2026-02-05","379.5"
"2026-02-08","367.7"
"2026-02-09","363.9"
"2026-02-10","358"
"2026-02-11","368"
"2026-02-12","365.2"
"2026-02-16","359"
"2026-02-17","346.2"
"2026-02-22","336"
"2026-02-23","338.9"
"2026-02-24","342.9"
"2026-02-25","346"
"2026-02-26","345"
"2026-03-01","346.8"
"2026-03-03","356"
"2026-03-09","389"
"2026-03-10","374"
"2026-03-11","369"
"2026-03-12","375"
"2026-03-15","373.7"
"2026-03-16","366.5"
"2026-03-17","376"
"2026-03-19","393"
"2026-03-22","390"
"2026-03-23","389.8"
"2026-03-24","389"
"2026-03-25","380"
"2026-03-26","381.2"
"2026-03-29","367"
"2026-03-30","360.8"
"2026-03-31","360"
"2026-04-01","346.1"
"2026-04-02","353"
"2026-04-05","334"
"2026-04-06","357"
"2026-04-07","353"
"2026-04-08","360"
"2026-04-09","377"
"2026-04-10","367.8"
"2026-04-13","369.9"
"2026-04-15","369.9"
"2026-04-16","361.8"
"2026-04-17","361"
"2026-04-20","357.5"
"2026-04-21","350"
"2026-04-22","349"
"2026-04-23","346"
"2026-04-24","346"
"2026-04-27","347.6"
"2026-04-28","345"
"2026-04-29","341.5"
"2026-04-30","340"
