"2015-10-14","10"
"2015-10-15","40"
"2015-10-19","30"
"2015-10-25","60"
"2015-10-27","920"
"2015-10-28","5,200"
"2015-10-29","4,740"
"2015-11-01","2,670"
"2015-11-02","1,800"
"2015-11-03","620"
"2015-11-04","860"
"2015-11-05","890"
"2015-11-08","820"
"2015-11-09","1,260"
"2015-11-10","1,710"
"2015-11-15","40"
"2015-11-16","740"
"2015-11-18","2,180"
"2015-11-19","2,440"
"2015-11-22","980"
"2015-11-23","250"
"2015-11-24","1,000"
"2015-11-25","1,920"
"2015-11-26","1,200"
"2015-11-29","1,530"
"2015-11-30","580"
"2015-12-01","740"
"2015-12-02","20"
"2015-12-03","960"
"2015-12-06","650"
"2015-12-07","420"
"2015-12-08","460"
"2015-12-09","750"
"2015-12-10","480"
"2015-12-13","1,440"
"2015-12-14","1,190"
"2015-12-15","720"
"2015-12-16","1,110"
"2015-12-17","940"
"2015-12-20","1,280"
"2015-12-21","1,790"
"2015-12-22","750"
"2015-12-23","670"
"2015-12-24","940"
"2015-12-27","1,450"
"2015-12-28","910"
"2015-12-29","750"
"2015-12-31","2,330"
"2016-01-03","1,230"
"2016-01-04","1,050"
"2016-01-05","1,690"
"2016-01-06","1,580"
"2016-01-07","1,060"
"2016-01-10","1,690"
"2016-01-11","4,310"
"2016-01-12","4,060"
"2016-01-13","4,650"
"2016-01-14","5,130"
"2016-01-24","900"
"2016-01-25","3,950"
"2016-01-26","1,980"
"2016-01-27","500"
"2016-01-28","665"
"2016-02-01","70"
"2016-02-04","10"
"2016-02-07","80"
"2016-02-08","1,655"
"2016-02-11","440"
"2016-02-14","10"
"2016-02-15","160"
"2016-02-16","80"
"2016-02-18","510"
"2016-02-21","70"
"2016-02-22","160"
"2016-02-23","20"
"2016-02-24","10"
"2016-02-25","30"
"2016-02-28","100"
"2016-02-29","20"
"2016-03-01","1,120"
"2016-03-03","300"
"2016-03-06","90"
"2016-03-10","300"
"2016-03-13","580"
"2016-03-15","500"
"2016-03-16","120"
"2016-03-17","650"
"2016-03-21","1,480"
"2016-03-23","320"
"2016-03-28","10"
"2016-04-03","50"
"2016-04-04","50"
"2016-04-18","50"
"2016-04-19","3,790"
"2016-04-20","510"
"2016-04-21","670"
"2016-04-24","30"
"2016-04-25","330"
"2016-04-26","790"
"2016-04-27","160"
"2016-04-28","130"
"2016-05-03","20"
"2016-05-04","240"
"2016-05-05","840"
"2016-05-08","380"
"2016-05-09","500"
"2016-05-10","1,390"
"2016-05-11","950"
"2016-05-12","50"
"2016-05-15","360"
"2016-05-16","840"
"2016-05-17","1,440"
"2016-05-18","350"
"2016-05-19","750"
"2016-05-22","860"
"2016-05-23","410"
"2016-05-24","250"
"2016-05-25","280"
"2016-05-26","130"
"2016-05-29","220"
"2016-05-30","360"
"2016-05-31","6,320"
"2016-06-01","2,960"
"2016-06-02","510"
"2016-06-05","1,300"
"2016-06-06","280"
"2016-06-07","300"
"2016-06-08","380"
"2016-06-09","120"
"2016-06-12","510"
"2016-06-13","220"
"2016-06-14","8,270"
"2016-06-15","3,290"
"2016-06-16","2,780"
"2016-06-19","8,350"
"2016-06-20","4,950"
"2016-06-21","3,220"
"2016-06-22","3,240"
"2016-06-23","2,720"
"2016-06-26","3,300"
"2016-06-27","770"
"2016-06-28","1,440"
"2016-06-29","800"
"2016-06-30","1,120"
"2016-07-03","3,930"
"2016-07-04","2,620"
"2016-07-05","1,050"
"2016-07-06","1,410"
"2016-07-10","510"
"2016-07-11","390"
"2016-07-12","170"
"2016-07-13","880"
"2016-07-14","635"
"2016-07-17","190"
"2016-07-18","60"
"2016-07-19","310"
"2016-07-20","180"
"2016-07-21","180"
"2016-07-25","290"
"2016-07-26","3,535"
"2016-07-27","380"
"2016-07-28","450"
"2016-07-31","310"
"2016-08-01","160"
"2016-08-02","450"
"2016-08-03","800"
"2016-08-04","60"
"2016-08-07","160"
"2016-08-08","130"
"2016-08-10","1,031"
"2016-08-11","2,410"
"2016-08-14","480"
"2016-08-15","490"
"2016-08-16","1,020"
"2016-08-17","250"
"2016-08-21","60"
"2016-08-22","2,380"
"2016-08-23","440"
"2016-08-24","335"
"2016-08-28","330"
"2016-08-29","110"
"2016-08-30","210"
"2016-08-31","960"
"2016-09-01","580"
"2016-09-04","190"
"2016-09-05","160"
"2016-09-06","640"
"2016-09-07","230"
"2016-09-08","250"
"2016-09-11","140"
"2016-09-12","80"
"2016-09-14","760"
"2016-09-18","1,360"
"2016-09-20","730"
"2016-09-21","120"
"2016-09-22","499"
"2016-09-25","40"
"2016-09-26","100"
"2016-09-27","80"
"2016-09-28","140"
"2016-09-29","540"
"2016-10-02","80"
"2016-10-03","40"
"2016-10-04","90"
"2016-10-05","40"
"2016-10-06","70"
"2016-10-16","70"
"2016-10-18","10"
"2016-10-19","20"
"2016-10-20","310"
"2016-10-23","50"
"2016-10-25","120"
"2016-10-26","50"
"2016-10-27","100"
"2016-11-03","310"
"2016-11-08","120"
"2016-11-09","100"
"2016-11-13","10"
"2016-11-14","100"
"2016-11-15","410"
"2016-11-16","290"
"2016-11-17","440"
"2016-11-21","20"
"2016-11-22","170"
"2016-11-24","20"
"2016-11-27","180"
"2016-11-28","140"
"2016-11-29","1,240"
"2016-11-30","50"
"2016-12-01","90"
"2016-12-04","140"
"2016-12-05","290"
"2016-12-06","230"
"2016-12-07","30"
"2016-12-08","310"
"2016-12-11","100"
"2016-12-12","500"
"2016-12-14","170"
"2016-12-15","40"
"2016-12-18","40"
"2016-12-19","390"
"2016-12-20","100"
"2016-12-21","120"
"2016-12-22","100"
"2016-12-26","60"
"2016-12-27","310"
"2016-12-28","70"
"2016-12-29","70"
"2017-01-01","40"
"2017-01-03","160"
"2017-01-04","70"
"2017-01-05","120"
"2017-01-08","40"
"2017-01-09","90"
"2017-01-10","120"
"2017-01-11","40"
"2017-01-12","110"
"2017-01-15","10"
"2017-01-16","2,020"
"2017-01-17","30"
"2017-01-18","220"
"2017-01-19","40"
"2017-01-22","100"
"2017-01-23","40"
"2017-01-24","170"
"2017-01-25","100"
"2017-01-26","460"
"2017-01-31","540"
"2017-02-01","330"
"2017-02-02","70"
"2017-02-05","120"
"2017-02-06","130"
"2017-02-07","50"
"2017-02-08","60"
"2017-02-09","30"
"2017-02-12","150"
"2017-02-13","110"
"2017-02-14","660"
"2017-02-15","170"
"2017-02-16","50"
"2017-02-19","190"
"2017-02-20","40"
"2017-02-21","200"
"2017-02-22","100"
"2017-02-23","470"
"2017-02-26","600"
"2017-02-28","30"
"2017-03-01","40"
"2017-03-02","50"
"2017-03-05","30"
"2017-03-06","20"
"2017-03-07","440"
"2017-03-09","50"
"2017-03-13","150"
"2017-03-14","350"
"2017-03-15","10"
"2017-03-16","30"
"2017-03-19","70"
"2017-03-20","30"
"2017-03-21","50"
"2017-03-22","50"
"2017-03-23","490"
"2017-03-26","170"
"2017-03-28","1,030"
"2017-03-29","440"
"2017-03-30","470"
"2017-04-04","470"
"2017-04-09","150"
"2017-04-10","350"
"2017-04-11","260"
"2017-04-12","750"
"2017-04-13","80"
"2017-04-16","190"
"2017-04-18","70"
"2017-04-19","140"
"2017-04-20","90"
"2017-04-23","40"
"2017-04-24","390"
"2017-04-25","160"
"2017-04-26","140"
"2017-04-27","250"
"2017-04-30","620"
"2017-05-02","220"
"2017-05-03","140"
"2017-05-04","400"
"2017-05-07","110"
"2017-05-08","50"
"2017-05-09","110"
"2017-05-11","280"
"2017-05-15","110"
"2017-05-16","140"
"2017-05-17","220"
"2017-05-18","1,911"
"2017-05-21","590"
"2017-05-22","310"
"2017-05-23","340"
"2017-05-24","240"
"2017-05-28","220"
"2017-05-30","720"
"2017-05-31","140"
"2017-06-01","20"
"2017-06-04","90"
"2017-06-05","80"
"2017-06-06","260"
"2017-06-07","180"
"2017-06-08","220"
"2017-06-11","340"
"2017-06-12","80"
"2017-06-13","900"
"2017-06-14","1,260"
"2017-06-15","450"
"2017-06-18","90"
"2017-06-19","70"
"2017-06-20","110"
"2017-06-21","100"
"2017-06-22","930"
"2017-06-25","140"
"2017-06-27","280"
"2017-06-28","150"
"2017-07-02","60"
"2017-07-03","140"
"2017-07-04","100"
"2017-07-05","60"
"2017-07-06","80"
"2017-07-09","180"
"2017-07-10","100"
"2017-07-11","90"
"2017-07-12","190"
"2017-07-13","140"
"2017-07-16","130"
"2017-07-17","270"
"2017-07-18","120"
"2017-07-19","480"
"2017-07-20","19,992"
"2017-07-23","370"
"2017-07-24","250"
"2017-07-25","1,317"
"2017-07-26","280"
"2017-07-27","50"
"2017-07-30","10"
"2017-07-31","1,812"
"2017-08-01","602"
"2017-08-02","2,727"
"2017-08-06","100"
"2017-08-07","1,410"
"2017-08-09","2,240"
"2017-08-10","1,076"
"2017-08-13","521"
"2017-08-15","40"
"2017-08-16","210"
"2017-08-17","397"
"2017-08-20","548"
"2017-08-21","60"
"2017-08-22","572"
"2017-08-23","1,306"
"2017-08-24","20"
"2017-08-27","270"
"2017-08-28","920"
"2017-08-30","770"
"2017-08-31","180"
"2017-09-04","90"
"2017-09-06","868"
"2017-09-07","480"
"2017-09-10","467"
"2017-09-11","20"
"2017-09-12","180"
"2017-09-13","350"
"2017-09-14","2,536"
"2017-09-17","324"
"2017-09-18","1,066"
"2017-09-20","1,050"
"2017-09-24","60"
"2017-09-25","6,728"
"2017-09-26","1,633"
"2017-10-03","1,335"
"2017-10-04","40"
"2017-10-08","58"
"2017-10-10","40"
"2017-10-11","40"
"2017-10-15","20"
"2017-10-16","70"
"2017-10-17","80"
"2017-10-18","187"
"2017-10-22","1,065"
"2017-10-23","184"
"2017-10-24","495"
"2017-10-25","2,292"
"2017-10-29","50"
"2017-10-30","1,082"
"2017-10-31","243"
"2017-11-01","110"
"2017-11-02","508"
"2017-11-05","874"
"2017-11-06","430"
"2017-11-07","220"
"2017-11-08","60"
"2017-11-09","150"
"2017-11-12","274"
"2017-11-13","70"
"2017-11-14","220"
"2017-11-15","50"
"2017-11-16","10"
"2017-11-19","1,567"
"2017-11-20","60"
"2017-11-21","438"
"2017-11-22","100"
"2017-11-23","358"
"2017-11-26","90"
"2017-11-27","240"
"2017-11-28","328"
"2017-11-29","298"
"2017-11-30","398"
"2017-12-04","398"
"2017-12-05","80"
"2017-12-06","190"
"2017-12-10","1,407"
"2017-12-11","710"
"2017-12-12","130"
"2017-12-13","1,132"
"2017-12-14","10"
"2017-12-17","250"
"2017-12-18","100"
"2017-12-19","280"
"2017-12-20","100"
"2017-12-21","170"
"2017-12-24","80"
"2017-12-26","70"
"2017-12-27","240"
"2017-12-28","1,088"
"2017-12-31","1,495"
"2018-01-01","150"
"2018-01-02","120"
"2018-01-03","280"
"2018-01-04","729"
"2018-01-07","80"
"2018-01-08","410"
"2018-01-09","30"
"2018-01-10","50"
"2018-01-14","1,247"
"2018-01-16","495"
"2018-01-17","200"
"2018-01-21","120"
"2018-01-22","60"
"2018-01-23","170"
"2018-01-24","75"
"2018-01-25","130"
"2018-01-28","90"
"2018-01-29","360"
"2018-01-31","120"
"2018-02-01","720"
"2018-02-04","20"
"2018-02-05","120"
"2018-02-06","40"
"2018-02-07","130"
"2018-02-08","10"
"2018-02-11","370"
"2018-02-12","655"
"2018-02-14","40"
"2018-02-15","770"
"2018-02-18","90"
"2018-02-20","110"
"2018-02-21","60"
"2018-02-22","330"
"2018-02-25","70"
"2018-02-26","150"
"2018-02-27","80"
"2018-02-28","50"
"2018-03-04","110"
"2018-03-06","50"
"2018-03-07","1,710"
"2018-03-11","410"
"2018-03-12","2,483"
"2018-03-13","570"
"2018-03-14","110"
"2018-03-15","530"
"2018-03-19","1,327"
"2018-03-20","614"
"2018-03-21","832"
"2018-03-22","274"
"2018-03-26","1,214"
"2018-03-27","2,296"
"2018-03-28","1,280"
"2018-03-29","820"
"2018-04-01","260"
"2018-04-02","126"
"2018-04-03","1,270"
"2018-04-04","30"
"2018-04-05","70"
"2018-04-08","419"
"2018-04-09","110"
"2018-04-10","70"
"2018-04-11","20"
"2018-04-12","1,702"
"2018-04-15","90"
"2018-04-16","234"
"2018-04-18","80"
"2018-04-19","930"
"2018-04-22","1,330"
"2018-04-23","380"
"2018-04-24","169"
"2018-04-25","428"
"2018-04-26","888"
"2018-04-29","2,290"
"2018-05-02","128"
"2018-05-03","4,059"
"2018-05-06","5,155"
"2018-05-07","5,010"
"2018-05-08","4,974"
"2018-05-09","1,260"
"2018-05-10","3,495"
"2018-05-14","580"
"2018-05-15","20"
"2018-05-16","70"
"2018-05-17","67"
"2018-05-20","1,000"
"2018-05-21","1,561"
"2018-05-22","540"
"2018-05-23","150"
"2018-05-24","120"
"2018-05-27","22,954"
"2018-05-28","7,168"
"2018-05-30","50"
"2018-05-31","22,072"
"2018-06-03","10"
"2018-06-04","1,067"
"2018-06-06","100"
"2018-06-07","1,251"
"2018-06-10","120"
"2018-06-11","1,324"
"2018-06-12","210"
"2018-06-13","222"
"2018-06-14","1,760"
"2018-06-17","6,763"
"2018-06-18","20"
"2018-06-19","122"
"2018-06-20","4,930"
"2018-06-21","235"
"2018-06-24","1,907"
"2018-06-25","910"
"2018-06-26","764"
"2018-06-27","54"
"2018-06-28","50"
"2018-07-01","30"
"2018-07-02","210"
"2018-07-03","620"
"2018-07-04","30"
"2018-07-05","512"
"2018-07-08","90"
"2018-07-09","512"
"2018-07-10","1,142"
"2018-07-11","1,063"
"2018-07-12","411"
"2018-07-15","60"
"2018-07-17","50"
"2018-07-18","2,589"
"2018-07-19","20"
"2018-07-22","10"
"2018-07-23","2,541"
"2018-07-24","50"
"2018-07-25","1,862"
"2018-07-26","161"
"2018-07-30","10"
"2018-07-31","152"
"2018-08-01","50"
"2018-08-02","1,143"
"2018-08-05","174"
"2018-08-06","20"
"2018-08-07","356"
"2018-08-08","47"
"2018-08-13","20"
"2018-08-14","32"
"2018-08-15","50"
"2018-08-16","40"
"2018-08-19","210"
"2018-08-20","710"
"2018-08-21","250"
"2018-08-22","2,600"
"2018-08-23","730"
"2018-08-26","1,493"
"2018-08-28","380"
"2018-08-29","510"
"2018-08-30","72"
"2018-09-02","92"
"2018-09-03","890"
"2018-09-04","450"
"2018-09-05","530"
"2018-09-06","120"
"2018-09-09","1,122"
"2018-09-10","844"
"2018-09-11","120"
"2018-09-12","10"
"2018-09-13","612"
"2018-09-16","900"
"2018-09-17","50"
"2018-09-18","1,809"
"2018-09-20","156"
"2018-09-23","351"
"2018-09-25","1,649"
"2018-09-26","5,165"
"2018-09-27","3,870"
"2018-09-30","1,901"
"2018-10-01","382"
"2018-10-02","380"
"2018-10-03","30"
"2018-10-04","520"
"2018-10-07","21"
"2018-10-08","3,315"
"2018-10-09","3,465"
"2018-10-10","110"
"2018-10-11","1,200"
"2018-10-14","2,027"
"2018-10-15","218"
"2018-10-23","120"
"2018-10-24","210"
"2018-10-25","625"
"2018-10-28","50"
"2018-10-29","80"
"2018-10-30","193"
"2018-10-31","720"
"2018-11-01","20"
"2018-11-04","170"
"2018-11-05","578"
"2018-11-06","10"
"2018-11-14","190"
"2018-11-22","20"
"2018-11-25","320"
"2018-11-26","330"
"2018-11-27","800"
"2018-11-28","90"
"2018-11-29","30"
"2018-12-02","1,740"
"2018-12-03","100"
"2018-12-04","370"
"2018-12-05","42"
"2018-12-06","110"
"2018-12-09","337"
"2018-12-10","11,650"
"2018-12-11","516"
"2018-12-12","30"
"2018-12-13","40"
"2018-12-16","50"
"2018-12-17","200"
"2018-12-18","1,140"
"2018-12-19","190"
"2018-12-20","176"
"2018-12-23","190"
"2018-12-24","70"
"2018-12-25","310"
"2018-12-26","60"
"2018-12-27","153"
"2018-12-30","730"
"2018-12-31","247"
"2019-01-01","50"
"2019-01-02","500"
"2019-01-03","160"
"2019-01-06","620"
"2019-01-07","100"
"2019-01-08","21"
"2019-01-09","1,223"
"2019-01-10","80"
"2019-01-13","70"
"2019-01-14","1,164"
"2019-01-15","30"
"2019-01-16","978"
"2019-01-17","660"
"2019-01-20","500"
"2019-01-21","950"
"2019-01-22","350"
"2019-01-23","725"
"2019-01-24","60"
"2019-01-27","879"
"2019-01-28","1,404"
"2019-01-29","90"
"2019-01-30","2,501"
"2019-01-31","40"
"2019-02-03","1,862"
"2019-02-04","1,122"
"2019-02-05","5,280"
"2019-02-06","363"
"2019-02-07","1,247"
"2019-02-10","10"
"2019-02-11","5,350"
"2019-02-12","8,190"
"2019-02-13","1,670"
"2019-02-14","110"
"2019-02-17","698"
"2019-02-18","140"
"2019-02-19","50"
"2019-02-20","600"
"2019-02-21","2,623"
"2019-02-24","290"
"2019-02-25","380"
"2019-02-26","290"
"2019-02-27","450"
"2019-03-03","350"
"2019-03-05","510"
"2019-03-06","70"
"2019-03-07","622"
"2019-03-10","10"
"2019-03-11","910"
"2019-03-12","1,810"
"2019-03-13","1,910"
"2019-03-14","1,490"
"2019-03-17","1,360"
"2019-03-18","4,838"
"2019-03-19","3,607"
"2019-03-21","2,734"
"2019-03-24","5,180"
"2019-03-25","700"
"2019-03-26","1,242"
"2019-03-27","1,050"
"2019-03-28","1,620"
"2019-03-31","820"
"2019-04-01","1,550"
"2019-04-02","660"
"2019-04-03","1,592"
"2019-04-04","130"
"2019-04-07","2,710"
"2019-04-08","51"
"2019-04-09","535"
"2019-04-10","360"
"2019-04-11","241"
"2019-04-15","139"
"2019-04-16","610"
"2019-04-17","280"
"2019-04-18","740"
"2019-04-21","1,100"
"2019-04-22","671"
"2019-04-23","2,411"
"2019-04-24","1,691"
"2019-04-25","4,741"
"2019-04-28","860"
"2019-04-29","370"
"2019-04-30","8,940"
"2019-05-02","900"
"2019-05-05","512"
"2019-05-06","224"
"2019-05-07","2,030"
"2019-05-08","491"
"2019-05-09","718"
"2019-05-12","810"
"2019-05-13","2,604"
"2019-05-14","277"
"2019-05-15","1,894"
"2019-05-16","400"
"2019-05-19","101"
"2019-05-21","4,549"
"2019-05-22","9,619"
"2019-05-23","4,790"
"2019-05-26","550"
"2019-05-27","120"
"2019-05-28","650"
"2019-05-29","310"
"2019-05-30","730"
"2019-06-02","150"
"2019-06-03","180"
"2019-06-04","180"
"2019-06-06","210"
"2019-06-10","10"
"2019-06-11","200"
"2019-06-13","73"
"2019-06-16","150"
"2019-06-17","431"
"2019-06-18","70"
"2019-06-19","80"
"2019-06-20","10"
"2019-06-23","70"
"2019-06-24","660"
"2019-06-25","60"
"2019-06-26","518"
"2019-06-27","560"
"2019-06-30","70"
"2019-07-01","760"
"2019-07-02","177"
"2019-07-03","590"
"2019-07-04","300"
"2019-07-07","2,070"
"2019-07-08","870"
"2019-07-09","120"
"2019-07-10","520"
"2019-07-11","70"
"2019-07-14","1,090"
"2019-07-15","20"
"2019-07-16","255"
"2019-07-17","2,159"
"2019-07-23","506"
"2019-07-24","810"
"2019-07-25","3,260"
"2019-07-28","150"
"2019-07-29","70"
"2019-07-30","372"
"2019-07-31","110"
"2019-08-01","201"
"2019-08-04","2,419"
"2019-08-05","370"
"2019-08-06","1,244"
"2019-08-07","50"
"2019-08-08","1,224"
"2019-08-11","192"
"2019-08-12","40"
"2019-08-13","120"
"2019-08-14","210"
"2019-08-15","20"
"2019-08-18","10"
"2019-08-19","720"
"2019-08-20","1,958"
"2019-08-21","505"
"2019-08-22","365"
"2019-08-25","239"
"2019-08-26","929"
"2019-08-27","362"
"2019-08-28","30"
"2019-08-29","70"
"2019-09-01","10"
"2019-09-03","90"
"2019-09-04","20"
"2019-09-05","70"
"2019-09-08","50"
"2019-09-09","1,350"
"2019-09-10","777"
"2019-09-11","285"
"2019-09-12","1,417"
"2019-09-15","880"
"2019-09-16","80"
"2019-09-17","283"
"2019-09-18","50"
"2019-09-19","40"
"2019-09-23","110"
"2019-09-24","100"
"2019-09-29","10"
"2019-10-01","120"
"2019-10-02","30"
"2019-10-03","80"
"2019-10-14","110"
"2019-10-17","160"
"2019-10-20","120"
"2019-10-21","80"
"2019-10-22","172"
"2019-10-23","100"
"2019-10-24","110"
"2019-10-31","440"
"2019-11-03","190"
"2019-11-04","170"
"2019-11-05","30"
"2019-11-14","20"
"2019-11-25","30"
"2019-11-26","10"
"2019-11-27","520"
"2019-12-04","812"
"2019-12-05","2,790"
"2019-12-08","10"
"2019-12-09","146"
"2019-12-10","40"
"2019-12-11","6,120"
"2019-12-12","1,097"
"2019-12-16","80"
"2019-12-17","50"
"2019-12-18","320"
"2019-12-19","20"
"2019-12-22","80"
"2019-12-23","260"
"2019-12-24","1,830"
"2019-12-25","570"
"2019-12-26","140"
"2019-12-29","2,345"
"2019-12-30","3,363"
"2019-12-31","121"
"2020-01-01","10"
"2020-01-02","310"
"2020-01-05","1,133"
"2020-01-06","741"
"2020-01-07","270"
"2020-01-08","210"
"2020-01-12","475"
"2020-01-13","1,589"
"2020-01-14","2,997"
"2020-01-15","60"
"2020-01-16","770"
"2020-01-19","673"
"2020-01-20","2,216"
"2020-01-21","1,292"
"2020-01-22","460"
"2020-01-23","1,820"
"2020-01-26","150"
"2020-01-27","725"
"2020-01-28","491"
"2020-01-29","1,220"
"2020-01-30","511"
"2020-02-02","2,825"
"2020-02-03","4,476"
"2020-02-04","12,320"
"2020-02-05","4,243"
"2020-02-06","550"
"2020-02-09","240"
"2020-02-10","380"
"2020-02-11","469"
"2020-02-12","2,028"
"2020-02-13","758"
"2020-02-16","1,151"
"2020-02-17","11,912"
"2020-02-18","1,330"
"2020-02-19","1,316"
"2020-02-20","4,014"
"2020-02-23","7,725"
"2020-02-24","3,870"
"2020-02-25","6,594"
"2020-02-26","8,093"
"2020-02-27","8,815"
"2020-03-01","1,615"
"2020-03-02","5,670"
"2020-03-03","1,283"
"2020-03-04","1,985"
"2020-03-05","1,469"
"2020-03-10","10"
"2020-03-11","1,357"
"2020-03-12","1,813"
"2020-03-15","7,167"
"2020-03-16","2,055"
"2020-03-17","1,190"
"2020-03-18","280"
"2020-03-19","1,340"
"2020-07-01","1,000"
"2020-07-05","700"
"2020-07-06","455"
"2020-07-07","83"
"2020-07-08","161"
"2020-07-09","50"
"2020-07-12","110"
"2020-07-13","10"
"2020-07-15","321"
"2020-07-16","380"
"2020-07-20","2,080"
"2020-07-21","1,635"
"2020-07-22","460"
"2020-07-23","1,097"
"2020-07-26","820"
"2020-07-27","1,140"
"2020-07-28","382"
"2020-07-29","2,620"
"2020-07-30","180"
"2020-08-02","2,093"
"2020-08-03","1,164"
"2020-08-05","1,000"
"2020-08-06","1,521"
"2020-08-09","376"
"2020-08-10","1,690"
"2020-08-11","1,785"
"2020-08-12","1,030"
"2020-08-13","1,959"
"2020-08-16","655"
"2020-08-17","441"
"2020-08-18","720"
"2020-08-19","1,140"
"2020-08-20","210"
"2020-08-23","389"
"2020-08-24","330"
"2020-08-25","370"
"2020-08-26","2,020"
"2020-08-27","2,840"
"2020-08-30","507"
"2020-08-31","3,572"
"2020-09-02","16,135"
"2020-09-03","23,156"
"2020-09-06","76,903"
"2020-09-07","13,760"
"2020-09-08","3,862"
"2020-09-09","2,326"
"2020-09-10","3,029"
"2020-09-13","13,339"
"2020-09-14","79,246"
"2020-09-15","39,800"
"2020-09-16","65,149"
"2020-09-17","44,231"
"2020-09-20","41,777"
"2020-09-21","42,392"
"2020-09-22","93,468"
"2020-09-23","55,118"
"2020-09-24","145,707"
"2020-09-27","65,523"
"2020-09-28","98,523"
"2020-09-29","68,247"
"2020-09-30","65,053"
"2020-10-01","63,615"
"2020-10-04","29,986"
"2020-10-05","61,947"
"2020-10-06","116,222"
"2020-10-07","51,338"
"2020-10-08","102,740"
"2020-10-11","78,968"
"2020-10-12","22,934"
"2020-10-13","35,821"
"2020-10-14","42,955"
"2020-10-15","41,855"
"2020-10-18","19,518"
"2020-10-19","25,342"
"2020-10-20","62,118"
"2020-10-21","31,307"
"2020-10-22","14,902"
"2020-10-28","17,271"
"2020-10-29","14,381"
"2020-11-01","54,282"
"2020-11-02","25,500"
"2020-11-03","13,742"
"2020-11-04","10,821"
"2020-11-05","45,533"
"2020-11-08","100,954"
"2020-11-09","86,244"
"2020-11-10","42,708"
"2020-11-11","21,215"
"2020-11-12","34,296"
"2020-11-18","44,084"
"2020-11-19","25,479"
"2020-11-22","18,423"
"2020-11-23","16,152"
"2020-11-24","29,679"
"2020-11-25","35,628"
"2020-11-26","49,623"
"2020-11-29","33,176"
"2020-11-30","29,713"
"2020-12-01","17,532"
"2020-12-02","18,131"
"2020-12-03","21,920"
"2020-12-06","21,436"
"2020-12-07","23,339"
"2020-12-08","25,876"
"2020-12-09","22,797"
"2020-12-10","7,739"
"2020-12-13","14,535"
"2020-12-14","10,530"
"2020-12-20","23,530"
"2020-12-21","15,237"
"2020-12-22","8,356"
"2020-12-23","7,721"
"2020-12-24","7,084"
"2020-12-27","3,801"
"2020-12-28","16,972"
"2020-12-29","8,571"
"2020-12-30","10,083"
"2020-12-31","8,364"
"2021-01-03","2,821"
"2021-01-04","9,816"
"2021-01-05","18,243"
"2021-01-06","27,428"
"2021-01-07","8,760"
"2021-01-10","6,314"
"2021-01-11","9,225"
"2021-01-12","5,923"
"2021-01-13","55,344"
"2021-01-17","85,192"
"2021-01-18","90,254"
"2021-01-19","91,580"
"2021-01-20","59,857"
"2021-01-21","38,834"
"2021-01-24","27,481"
"2021-01-25","29,189"
"2021-01-26","29,287"
"2021-01-27","13,406"
"2021-01-28","13,232"
"2021-01-31","20,605"
"2021-02-01","16,672"
"2021-02-02","18,433"
"2021-02-03","42,369"
"2021-02-04","132,179"
"2021-02-07","77,873"
"2021-02-08","33,166"
"2021-02-09","27,936"
"2021-02-10","20,358"
"2021-02-11","18,416"
"2021-02-14","49,602"
"2021-02-15","95,788"
"2021-02-16","143,828"
"2021-02-17","55,699"
"2021-02-18","37,650"
"2021-02-21","34,818"
"2021-02-22","17,970"
"2021-02-23","27,744"
"2021-02-24","11,990"
"2021-02-25","14,395"
"2021-02-28","20,581"
"2021-03-01","15,662"
"2021-03-02","19,034"
"2021-03-03","24,869"
"2021-03-04","10,882"
"2021-03-07","7,516"
"2021-03-09","26,996"
"2021-03-10","6,980"
"2021-03-14","9,163"
"2021-03-15","34,467"
"2021-03-16","16,981"
"2021-03-17","7,420"
"2021-03-18","13,174"
"2021-03-21","24,842"
"2021-03-22","14,225"
"2021-03-23","13,918"
"2021-03-24","17,542"
"2021-03-25","19,507"
"2021-03-29","56,484"
"2021-03-30","18,484"
"2021-03-31","25,994"
"2021-04-01","16,057"
"2021-04-04","19,049"
"2021-04-05","14,033"
"2021-04-06","38,043"
"2021-04-07","17,305"
"2021-04-08","13,340"
"2021-04-12","9,970"
"2021-04-13","24,309"
"2021-04-15","25,275"
"2021-04-18","12,520"
"2021-04-19","25,059"
"2021-04-20","10,344"
"2021-04-21","9,271"
"2021-04-22","17,738"
"2021-04-25","18,083"
"2021-04-26","18,342"
"2021-04-27","18,399"
"2021-04-28","5,468"
"2021-04-29","18,307"
"2021-05-02","12,135"
"2021-05-03","25,900"
"2021-05-04","39,774"
"2021-05-05","162,664"
"2021-05-06","144,152"
"2021-05-09","54,714"
"2021-05-10","41,164"
"2021-05-11","34,288"
"2021-05-12","107,571"
"2021-05-13","162,693"
"2021-05-16","206,711"
"2021-05-17","195,437"
"2021-05-18","87,789"
"2021-05-19","159,005"
"2021-05-20","113,325"
"2021-05-23","145,269"
"2021-05-24","76,549"
"2021-05-25","104,057"
"2021-05-27","120,255"
"2021-05-30","183,952"
"2021-05-31","208,789"
"2021-06-01","76,293"
"2021-06-02","40,933"
"2021-06-03","67,356"
"2021-06-06","98,660"
"2021-06-07","117,729"
"2021-06-08","189,213"
"2021-06-09","188,410"
"2021-06-10","136,687"
"2021-06-13","322,322"
"2021-06-14","251,163"
"2021-06-15","125,480"
"2021-06-16","121,997"
"2021-06-17","61,504"
"2021-06-20","59,632"
"2021-06-21","80,121"
"2021-06-22","68,099"
"2021-06-23","49,650"
"2021-06-24","29,403"
"2021-06-27","36,898"
"2021-06-28","45,842"
"2021-06-29","20,925"
"2021-06-30","99,220"
"2021-07-01","27,461"
"2021-07-04","18,187"
"2021-07-05","19,405"
"2021-07-06","76,175"
"2021-07-07","47,565"
"2021-07-08","21,764"
"2021-07-11","47,850"
"2021-07-12","32,877"
"2021-07-13","16,471"
"2021-07-14","25,204"
"2021-07-15","69,811"
"2021-07-18","34,662"
"2021-07-19","35,479"
"2021-07-20","172,323"
"2021-07-22","167,756"
"2021-07-25","80,231"
"2021-07-26","89,864"
"2021-07-27","162,387"
"2021-07-28","148,151"
"2021-07-29","214,124"
"2021-08-01","217,485"
"2021-08-02","160,607"
"2021-08-03","82,349"
"2021-08-04","109,918"
"2021-08-05","103,742"
"2021-08-08","122,194"
"2021-08-09","275,292"
"2021-08-10","194,084"
"2021-08-11","92,869"
"2021-08-12","122,428"
"2021-08-15","114,319"
"2021-08-16","59,811"
"2021-08-17","129,927"
"2021-08-18","205,060"
"2021-08-19","124,155"
"2021-08-24","92,498"
"2021-08-25","68,774"
"2021-08-26","98,928"
"2021-08-29","49,584"
"2021-08-31","59,662"
"2021-09-01","42,749"
"2021-09-02","50,318"
"2021-09-05","52,651"
"2021-09-06","32,186"
"2021-09-07","29,290"
"2021-09-08","30,418"
"2021-09-09","54,607"
"2021-09-12","77,304"
"2021-09-13","73,655"
"2021-09-14","24,103"
"2021-09-15","22,331"
"2021-09-16","53,121"
"2021-09-20","53,095"
"2021-09-21","38,834"
"2021-09-22","47,966"
"2021-09-23","28,890"
"2021-09-26","44,931"
"2021-09-27","38,477"
"2021-09-28","54,043"
"2021-09-29","27,525"
"2021-09-30","16,501"
"2021-10-03","16,664"
"2021-10-04","17,211"
"2021-10-05","10,875"
"2021-10-06","15,721"
"2021-10-10","15,054"
"2021-10-11","12,876"
"2021-10-17","2,548"
"2021-10-18","14,964"
"2021-10-19","28,494"
"2021-10-20","13,821"
"2021-10-21","10,339"
"2021-10-24","21,770"
"2021-10-25","32,760"
"2021-10-26","51,577"
"2021-10-27","45,994"
"2021-10-28","32,119"
"2021-10-31","39,059"
"2021-11-01","54,091"
"2021-11-02","28,103"
"2021-11-03","25,281"
"2021-11-08","15,017"
"2021-11-09","34,040"
"2021-11-11","27,617"
"2021-11-14","24,543"
"2021-11-15","19,874"
"2021-11-16","15,159"
"2021-11-17","104,722"
"2021-11-18","37,600"
"2021-11-21","20,607"
"2021-11-22","16,179"
"2021-11-23","35,120"
"2021-11-24","29,814"
"2021-11-25","13,121"
"2021-11-28","23,331"
"2021-11-29","18,909"
"2021-11-30","14,228"
"2021-12-01","20,389"
"2021-12-02","8,632"
"2021-12-05","20,999"
"2021-12-06","28,303"
"2021-12-07","24,170"
"2021-12-08","15,435"
"2021-12-09","14,114"
"2021-12-12","14,008"
"2021-12-13","23,403"
"2021-12-14","15,851"
"2021-12-15","21,202"
"2021-12-16","13,378"
"2021-12-20","9,601"
"2021-12-21","8,443"
"2021-12-22","34,994"
"2021-12-23","101,186"
"2021-12-26","38,974"
"2021-12-27","33,426"
"2021-12-28","23,474"
"2021-12-29","9,349"
"2022-01-02","15,250"
"2022-01-03","12,098"
"2022-01-04","14,116"
"2022-01-05","17,100"
"2022-01-06","9,534"
"2022-01-09","35,433"
"2022-01-10","30,241"
"2022-01-11","27,009"
"2022-01-12","37,105"
"2022-01-13","44,601"
"2022-01-16","49,183"
"2022-01-17","36,234"
"2022-01-18","162,607"
"2022-01-19","81,261"
"2022-01-20","45,001"
"2022-01-23","75,996"
"2022-01-24","70,677"
"2022-01-25","29,486"
"2022-01-26","32,583"
"2022-01-27","16,225"
"2022-01-30","36,038"
"2022-01-31","19,003"
"2022-02-01","47,894"
"2022-02-03","42,189"
"2022-02-06","27,906"
"2022-02-07","23,690"
"2022-02-08","24,396"
"2022-02-09","12,511"
"2022-02-10","10,106"
"2022-02-13","30,707"
"2022-02-14","15,691"
"2022-02-15","9,949"
"2022-02-16","15,561"
"2022-02-17","7,869"
"2022-02-20","26,362"
"2022-02-21","39,279"
"2022-02-22","93,943"
"2022-02-23","146,573"
"2022-02-24","52,309"
"2022-02-27","43,563"
"2022-02-28","50,668"
"2022-03-02","38,958"
"2022-03-06","22,895"
"2022-03-07","39,371"
"2022-03-09","23,699"
"2022-03-10","35,102"
"2022-03-13","25,312"
"2022-03-14","8,336"
"2022-03-15","12,310"
"2022-03-16","18,874"
"2022-03-20","9,445"
"2022-03-21","23,144"
"2022-03-22","12,317"
"2022-03-23","4,998"
"2022-03-24","17,931"
"2022-03-27","22,513"
"2022-03-28","8,703"
"2022-03-29","10,545"
"2022-03-30","30,595"
"2022-03-31","14,616"
"2022-04-03","7,033"
"2022-04-04","14,634"
"2022-04-05","16,168"
"2022-04-06","13,024"
"2022-04-07","20,171"
"2022-04-11","12,699"
"2022-04-12","10,616"
"2022-04-13","6,171"
"2022-04-17","7,128"
"2022-04-18","13,387"
"2022-04-19","7,596"
"2022-04-20","7,674"
"2022-04-21","5,571"
"2022-04-24","14,649"
"2022-04-25","15,696"
"2022-04-26","7,421"
"2022-04-27","7,083"
"2022-04-28","9,083"
"2022-05-02","13,303"
"2022-05-04","28,183"
"2022-05-05","34,892"
"2022-05-08","17,741"
"2022-05-09","33,402"
"2022-05-10","87,642"
"2022-05-11","24,677"
"2022-05-12","71,757"
"2022-05-17","70,761"
"2022-05-18","35,810"
"2022-05-19","19,874"
"2022-05-20","12,355"
"2022-05-23","32,064"
"2022-05-24","9,079"
"2022-05-25","13,263"
"2022-05-26","5,046"
"2022-05-27","21,445"
"2022-05-30","13,346"
"2022-05-31","9,073"
"2022-06-01","7,408"
"2022-06-02","10,490"
"2022-06-03","16,410"
"2022-06-06","15,872"
"2022-06-07","10,801"
"2022-06-08","21,718"
"2022-06-09","17,467"
"2022-06-10","14,877"
"2022-06-13","7,039"
"2022-06-14","16,159"
"2022-06-15","14,541"
"2022-06-16","17,610"
"2022-06-17","3,132"
"2022-06-19","9,383"
"2022-06-20","16,406"
"2022-06-21","15,552"
"2022-06-22","8,126"
"2022-06-23","22,966"
"2022-06-24","18,056"
"2022-06-26","29,703"
"2022-06-27","36,492"
"2022-06-28","21,882"
"2022-06-29","84,992"
"2022-06-30","56,031"
"2022-07-01","26,852"
"2022-07-03","40,935"
"2022-07-04","62,382"
"2022-07-05","25,369"
"2022-07-06","20,382"
"2022-07-07","16,613"
"2022-07-08","20,928"
"2022-07-11","28,744"
"2022-07-12","18,849"
"2022-07-13","25,304"
"2022-07-14","25,030"
"2022-07-15","18,671"
"2022-07-17","52,522"
"2022-07-18","14,000"
"2022-07-19","93,668"
"2022-07-20","27,896"
"2022-07-21","15,756"
"2022-07-22","10,901"
"2022-07-24","15,341"
"2022-07-25","59,466"
"2022-07-26","25,084"
"2022-07-27","26,408"
"2022-07-28","41,763"
"2022-07-29","7,372"
"2022-07-31","32,276"
"2022-08-01","22,358"
"2022-08-02","20,940"
"2022-08-03","48,225"
"2022-08-04","13,731"
"2022-08-05","8,205"
"2022-08-07","7,465"
"2022-08-08","16,391"
"2022-08-09","20,675"
"2022-08-10","11,892"
"2022-08-11","6,821"
"2022-08-14","11,370"
"2022-08-15","16,384"
"2022-08-16","14,416"
"2022-08-17","4,066"
"2022-08-18","9,629"
"2022-08-21","11,085"
"2022-08-22","6,284"
"2022-08-23","3,891"
"2022-08-24","1,205"
"2022-08-25","6,227"
"2022-08-26","4,238"
"2022-08-28","12,308"
"2022-08-29","7,675"
"2022-08-30","4,517"
"2022-08-31","5,741"
"2022-09-01","7,188"
"2022-09-02","2,818"
"2022-09-04","4,970"
"2022-09-05","2,037"
"2022-09-06","8,099"
"2022-09-07","9,542"
"2022-09-08","5,938"
"2022-09-11","1,264"
"2022-09-12","1,623"
"2022-09-13","1,976"
"2022-09-14","6,542"
"2022-09-15","15,517"
"2022-09-16","2,329"
"2022-09-18","6,398"
"2022-09-20","12,360"
"2022-09-21","6,396"
"2022-09-22","3,033"
"2022-09-25","5,397"
"2022-09-27","2,510"
"2022-09-28","3,047"
"2022-09-29","2,922"
"2022-10-09","3,072"
"2022-10-10","3,056"
"2022-10-11","1,536"
"2022-10-12","1,705"
"2022-10-13","1,677"
"2022-10-16","1,935"
"2022-10-17","3,427"
"2022-10-19","4,477"
"2022-10-20","2,033"
"2022-10-23","3,580"
"2022-10-31","2,992"
"2022-11-01","6,430"
"2022-11-02","3,135"
"2022-11-03","1,147"
"2022-11-06","2,314"
"2022-11-07","9,089"
"2022-11-08","4,372"
"2022-11-09","6,137"
"2022-11-10","3,788"
"2022-11-13","3,518"
"2022-11-14","4,682"
"2022-11-15","5,823"
"2022-11-16","1,585"
"2022-11-17","10,358"
"2022-11-22","5,762"
"2022-11-23","810"
"2022-11-24","970"
"2022-11-27","6,486"
"2022-11-28","6,060"
"2022-11-29","3,478"
"2022-11-30","3,098"
"2022-12-01","889"
"2022-12-04","6,142"
"2022-12-05","3,007"
"2022-12-06","22,483"
"2022-12-07","15,060"
"2022-12-11","13,788"
"2022-12-12","21,045"
"2022-12-13","8,152"
"2022-12-14","10,115"
"2022-12-15","11,915"
"2022-12-18","16,052"
"2022-12-19","7,316"
"2022-12-20","23,738"
"2022-12-21","7,612"
"2022-12-22","11,155"
"2022-12-26","26,893"
"2022-12-27","64,123"
"2022-12-28","35,201"
"2022-12-29","49,717"
"2023-01-01","53,966"
"2023-01-02","24,677"
"2023-01-03","32,839"
"2023-01-04","34,722"
"2023-01-05","65,824"
"2023-01-08","82,567"
"2023-01-09","104,163"
"2023-01-10","184,686"
"2023-01-12","114,119"
"2023-01-17","75,947"
"2023-01-18","72,192"
"2023-01-19","34,653"
"2023-01-23","50,266"
"2023-01-24","45,020"
"2023-01-25","58,063"
"2023-01-26","46,413"
"2023-01-29","39,507"
"2023-01-30","42,237"
"2023-01-31","41,708"
"2023-02-01","29,550"
"2023-02-02","45,732"
"2023-02-05","34,807"
"2023-02-06","20,731"
"2023-02-07","66,251"
"2023-02-08","103,020"
"2023-02-09","62,738"
"2023-02-12","76,583"
"2023-02-14","37,916"
"2023-02-15","31,651"
"2023-02-16","40,266"
"2023-02-20","27,559"
"2023-02-22","41,636"
"2023-02-23","40,980"
"2023-02-26","67,128"
"2023-02-27","35,738"
"2023-02-28","27,974"
"2023-03-01","7,012"
"2023-03-02","19,082"
"2023-03-05","14,136"
"2023-03-07","15,563"
"2023-03-09","37,036"
"2023-03-12","25,180"
"2023-03-13","8,601"
"2023-03-14","4,029"
"2023-03-15","12,869"
"2023-03-16","15,572"
"2023-03-19","20,025"
"2023-03-20","18,306"
"2023-03-22","16,279"
"2023-03-23","24,745"
"2023-03-26","21,068"
"2023-03-27","19,344"
"2023-03-28","13,758"
"2023-03-29","3,624"
"2023-03-30","10,424"
"2023-04-02","14,426"
"2023-04-03","8,636"
"2023-04-04","5,390"
"2023-04-05","6,570"
"2023-04-06","8,382"
"2023-04-09","12,830"
"2023-04-10","9,513"
"2023-04-11","10,369"
"2023-04-12","31,133"
"2023-04-13","18,572"
"2023-04-16","11,263"
"2023-04-17","4,444"
"2023-04-18","6,866"
"2023-04-19","8,606"
"2023-04-20","8,580"
"2023-04-23","10,692"
"2023-04-24","6,015"
"2023-04-25","15,503"
"2023-04-26","7,947"
"2023-04-27","8,689"
"2023-04-30","5,951"
"2023-05-02","4,127"
"2023-05-03","7,719"
"2023-05-04","6,466"
"2023-05-07","7,255"
"2023-05-08","10,274"
"2023-05-09","10,040"
"2023-05-10","7,029"
"2023-05-11","6,580"
"2023-05-14","6,344"
"2023-05-15","16,761"
"2023-05-16","2,865"
"2023-05-17","12,239"
"2023-05-18","28,502"
"2023-05-21","21,477"
"2023-05-22","7,035"
"2023-05-23","18,509"
"2023-05-24","12,643"
"2023-05-28","28,762"
"2023-05-30","22,014"
"2023-05-31","14,565"
"2023-06-01","11,947"
"2023-06-04","12,765"
"2023-06-05","19,636"
"2023-06-06","10,557"
"2023-06-07","21,016"
"2023-06-08","32,094"
"2023-06-11","28,887"
"2023-06-12","82,909"
"2023-06-13","80,021"
"2023-06-14","45,211"
"2023-06-15","19,950"
"2023-06-18","47,606"
"2023-06-19","82,346"
"2023-06-20","41,815"
"2023-06-21","37,890"
"2023-06-22","28,741"
"2023-06-25","55,794"
"2023-06-26","29,142"
"2023-06-27","43,662"
"2023-06-28","66,907"
"2023-07-02","35,908"
"2023-07-03","16,151"
"2023-07-04","16,843"
"2023-07-05","24,808"
"2023-07-06","23,758"
"2023-07-09","11,871"
"2023-07-10","22,079"
"2023-07-11","10,365"
"2023-07-12","20,231"
"2023-07-13","41,465"
"2023-07-16","17,024"
"2023-07-17","14,991"
"2023-07-18","9,637"
"2023-07-19","9,495"
"2023-07-20","32,284"
"2023-07-23","18,910"
"2023-07-24","20,137"
"2023-07-25","19,784"
"2023-07-26","19,421"
"2023-07-27","14,815"
"2023-07-30","8,112"
"2023-07-31","9,028"
"2023-08-01","6,517"
"2023-08-02","5,798"
"2023-08-03","7,183"
"2023-08-06","4,966"
"2023-08-07","11,843"
"2023-08-08","13,247"
"2023-08-09","13,089"
"2023-08-10","1,747"
"2023-08-13","7,524"
"2023-08-14","3,903"
"2023-08-15","11,239"
"2023-08-16","10,337"
"2023-08-17","4,119"
"2023-08-20","5,009"
"2023-08-21","7,633"
"2023-08-22","8,376"
"2023-08-23","4,007"
"2023-08-24","10,324"
"2023-08-27","6,385"
"2023-08-28","3,456"
"2023-08-29","1,853"
"2023-08-30","2,601"
"2023-09-03","5,753"
"2023-09-04","7,971"
"2023-09-05","4,771"
"2023-09-07","6,800"
"2023-09-10","18,304"
"2023-09-11","12,884"
"2023-09-12","3,777"
"2023-09-13","27,831"
"2023-09-17","22,061"
"2023-09-18","8,624"
"2023-09-19","19,248"
"2023-09-21","61,659"
"2023-09-24","30,979"
"2023-09-25","35,719"
"2023-09-26","36,946"
"2023-09-27","8,271"
"2023-10-01","16,721"
"2023-10-02","9,329"
"2023-10-03","5,630"
"2023-10-04","9,354"
"2023-10-05","12,706"
"2023-10-08","18,854"
"2023-10-09","7,957"
"2023-10-10","9,366"
"2023-10-11","10,019"
"2023-10-12","6,846"
"2023-10-16","6,228"
"2023-10-17","3,622"
"2023-10-18","10,162"
"2023-10-19","1,364"
"2023-10-29","5,416"
"2023-10-30","3,506"
"2023-10-31","1,748"
"2023-11-01","3,146"
"2023-11-02","9,966"
"2023-11-05","3,684"
"2023-11-06","7,983"
"2023-11-07","6,990"
"2023-11-08","17,919"
"2023-11-09","6,140"
"2023-11-20","2,978"
"2023-11-21","6,055"
"2023-11-22","7,581"
"2023-11-23","4,160"
"2023-11-26","11,406"
"2023-11-27","10,131"
"2023-11-28","9,366"
"2023-11-29","5,391"
"2023-11-30","5,831"
"2023-12-03","8,733"
"2023-12-04","8,711"
"2023-12-05","24,359"
"2023-12-06","1,576"
"2023-12-07","4,356"
"2023-12-10","2,970"
"2023-12-11","23,945"
"2023-12-12","30,970"
"2023-12-13","16,358"
"2023-12-14","8,414"
"2023-12-17","53,851"
"2023-12-18","49,505"
"2023-12-19","68,416"
"2023-12-20","39,517"
"2023-12-21","49,400"
"2023-12-24","111,726"
"2023-12-27","23,080"
"2023-12-28","13,191"
"2024-01-01","24,801"
"2024-01-02","26,429"
"2024-01-03","27,695"
"2024-01-04","42,801"
"2024-01-07","66,934"
"2024-01-08","96,482"
"2024-01-09","148,262"
"2024-01-10","37,420"
"2024-01-11","74,313"
"2024-01-14","85,382"
"2024-01-16","109,146"
"2024-01-17","90,721"
"2024-01-18","87,183"
"2024-01-21","197,185"
"2024-01-22","124,135"
"2024-01-23","30,618"
"2024-01-24","59,824"
"2024-01-25","52,859"
"2024-01-28","65,266"
"2024-01-29","118,220"
"2024-01-30","236,472"
"2024-01-31","288,965"
"2024-02-01","138,442"
"2024-02-04","57,695"
"2024-02-05","66,696"
"2024-02-06","38,662"
"2024-02-07","128,057"
"2024-02-08","58,061"
"2024-02-11","50,325"
"2024-02-12","43,907"
"2024-02-13","95,116"
"2024-02-14","33,776"
"2024-02-15","55,389"
"2024-02-18","47,990"
"2024-02-20","48,758"
"2024-02-21","28,454"
"2024-02-22","28,592"
"2024-02-25","39,517"
"2024-02-26","8,918"
"2024-02-27","9,206"
"2024-02-28","14,623"
"2024-02-29","19,947"
"2024-03-03","14,343"
"2024-03-04","5,000"
"2024-03-05","67,523"
"2024-03-06","63,783"
"2024-03-07","38,462"
"2024-03-10","26,471"
"2024-03-12","51,230"
"2024-03-13","88,782"
"2024-03-14","28,523"
"2024-03-17","29,171"
"2024-03-18","18,296"
"2024-03-19","31,345"
"2024-03-20","26,115"
"2024-03-21","15,789"
"2024-03-25","9,574"
"2024-03-26","18,422"
"2024-03-27","38,685"
"2024-03-28","21,517"
"2024-03-31","28,949"
"2024-04-01","18,018"
"2024-04-02","6,517"
"2024-04-03","18,098"
"2024-04-04","24,366"
"2024-04-07","15,077"
"2024-04-09","22,898"
"2024-04-10","18,904"
"2024-04-14","11,456"
"2024-04-15","16,522"
"2024-04-16","11,282"
"2024-04-18","7,399"
"2024-04-21","16,345"
"2024-04-22","5,721"
"2024-04-24","6,457"
"2024-04-25","24,977"
"2024-04-28","13,874"
"2024-04-29","9,804"
"2024-04-30","26,570"
"2024-05-02","15,284"
"2024-05-05","18,726"
"2024-05-06","16,270"
"2024-05-07","14,540"
"2024-05-08","32,004"
"2024-05-09","21,353"
"2024-05-12","13,130"
"2024-05-13","11,054"
"2024-05-14","19,294"
"2024-05-15","14,826"
"2024-05-16","23,565"
"2024-05-19","16,217"
"2024-05-20","24,212"
"2024-05-21","28,757"
"2024-05-22","13,636"
"2024-05-26","8,721"
"2024-05-27","4,658"
"2024-05-29","7,022"
"2024-05-30","38,164"
"2024-06-02","58,935"
"2024-06-03","20,325"
"2024-06-04","13,260"
"2024-06-05","11,680"
"2024-06-06","5,777"
"2024-06-09","23,310"
"2024-06-10","77,501"
"2024-06-11","225,157"
"2024-06-12","298,523"
"2024-06-13","399,806"
"2024-06-16","343,998"
"2024-06-18","362,121"
"2024-06-19","142,553"
"2024-06-20","183,675"
"2024-06-23","130,867"
"2024-06-24","145,977"
"2024-06-25","97,896"
"2024-06-26","49,606"
"2024-06-27","103,404"
"2024-06-30","61,824"
"2024-07-01","49,502"
"2024-07-02","90,540"
"2024-07-03","66,407"
"2024-07-04","83,635"
"2024-07-07","112,110"
"2024-07-08","49,256"
"2024-07-09","52,707"
"2024-07-10","69,740"
"2024-07-11","56,342"
"2024-07-14","52,399"
"2024-07-15","59,095"
"2024-07-16","229,711"
"2024-07-17","458,238"
"2024-07-18","180,708"
"2024-07-21","175,896"
"2024-07-22","156,219"
"2024-07-23","336,334"
"2024-07-24","204,749"
"2024-07-25","183,824"
"2024-07-28","141,608"
"2024-07-29","260,278"
"2024-07-30","515,723"
"2024-07-31","170,054"
"2024-08-01","239,387"
"2024-08-05","267,302"
"2024-08-06","167,636"
"2024-08-07","102,541"
"2024-08-08","200,464"
"2024-08-11","127,488"
"2024-08-12","184,405"
"2024-08-13","184,820"
"2024-08-14","228,951"
"2024-08-15","280,933"
"2024-08-18","149,159"
"2024-08-21","67,361"
"2024-08-22","126,774"
"2024-08-25","115,331"
"2024-08-27","102,221"
"2024-08-28","90,777"
"2024-08-29","74,209"
"2024-09-01","50,475"
"2024-09-02","52,423"
"2024-09-03","67,783"
"2024-09-04","48,533"
"2024-09-05","47,845"
"2024-09-08","25,747"
"2024-09-09","28,257"
"2024-09-10","50,944"
"2024-09-11","28,023"
"2024-09-12","34,018"
"2024-09-15","33,169"
"2024-09-16","37,267"
"2024-09-18","17,840"
"2024-09-22","20,053"
"2024-09-23","38,513"
"2024-09-24","38,583"
"2024-09-25","28,468"
"2024-09-26","31,968"
"2024-09-29","12,012"
"2024-09-30","12,006"
"2024-10-01","64,251"
"2024-10-02","36,582"
"2024-10-06","14,189"
"2024-10-07","17,271"
"2024-10-08","14,513"
"2024-10-09","12,339"
"2024-10-15","5,580"
"2024-10-16","21,157"
"2024-10-17","34,473"
"2024-10-20","31,776"
"2024-10-21","146,779"
"2024-10-22","99,757"
"2024-10-23","42,743"
"2024-10-24","88,467"
"2024-10-27","90,932"
"2024-10-28","395,284"
"2024-10-29","64,518"
"2024-10-30","62,103"
"2024-11-05","132,956"
"2024-11-06","23,404"
"2024-11-10","141,978"
"2024-11-11","84,112"
"2024-11-12","46,923"
"2024-11-13","88,277"
"2024-11-14","234,739"
"2024-11-17","289,884"
"2024-11-19","154,815"
"2024-11-20","110,473"
"2024-11-21","67,678"
"2024-11-24","72,152"
"2024-11-25","52,976"
"2024-11-26","83,996"
"2024-11-27","139,861"
"2024-11-28","67,545"
"2024-12-01","92,862"
"2024-12-02","196,902"
"2024-12-03","85,354"
"2024-12-04","93,111"
"2024-12-05","103,153"
"2024-12-08","76,731"
"2024-12-09","61,037"
"2024-12-10","28,559"
"2024-12-11","43,970"
"2024-12-12","68,457"
"2024-12-16","107,807"
"2024-12-17","49,519"
"2024-12-18","21,047"
"2024-12-19","26,911"
"2024-12-22","96,112"
"2024-12-23","54,335"
"2024-12-24","147,499"
"2024-12-26","29,406"
"2024-12-29","51,003"
"2024-12-31","47,781"
"2025-01-01","34,264"
"2025-01-02","28,333"
"2025-01-05","49,583"
"2025-01-06","63,572"
"2025-01-07","45,331"
"2025-01-08","74,048"
"2025-01-09","78,354"
"2025-01-12","34,715"
"2025-01-13","35,585"
"2025-01-15","32,243"
"2025-01-16","112,096"
"2025-01-19","151,798"
"2025-01-20","108,498"
"2025-01-21","107,549"
"2025-01-22","201,933"
"2025-01-23","84,893"
"2025-01-26","211,791"
"2025-01-27","240,592"
"2025-01-28","319,780"
"2025-02-02","140,325"
"2025-02-03","634,593"
"2025-02-04","281,182"
"2025-02-05","166,374"
"2025-02-06","377,238"
"2025-02-09","232,906"
"2025-02-10","130,542"
"2025-02-11","139,918"
"2025-02-12","139,685"
"2025-02-13","99,327"
"2025-02-16","101,187"
"2025-02-17","113,448"
"2025-02-18","100,601"
"2025-02-20","85,243"
"2025-02-23","113,155"
"2025-02-24","84,183"
"2025-02-25","42,978"
"2025-02-27","118,165"
"2025-03-02","105,827"
"2025-03-03","93,437"
"2025-03-04","350,899"
"2025-03-05","316,455"
"2025-03-06","214,561"
"2025-03-09","318,005"
"2025-03-10","233,553"
"2025-03-11","261,678"
"2025-03-12","319,762"
"2025-03-16","217,165"
"2025-03-17","85,261"
"2025-03-18","44,317"
"2025-03-19","44,483"
"2025-03-20","95,857"
"2025-03-23","129,507"
"2025-03-24","89,760"
"2025-03-25","102,793"
"2025-03-26","72,931"
"2025-03-27","110,266"
"2025-03-30","141,801"
"2025-04-01","105,487"
"2025-04-02","74,411"
"2025-04-03","116,887"
"2025-04-07","65,511"
"2025-04-08","64,999"
"2025-04-09","70,138"
"2025-04-10","253,509"
"2025-04-13","189,820"
"2025-04-15","295,104"
"2025-04-16","272,845"
"2025-04-17","204,061"
"2025-04-20","259,021"
"2025-04-21","229,877"
"2025-04-22","147,206"
"2025-04-23","88,906"
"2025-04-24","329,367"
"2025-04-27","167,770"
"2025-04-28","168,082"
"2025-04-29","194,389"
"2025-04-30","239,053"
"2025-05-04","90,391"
"2025-05-05","442,880"
"2025-05-06","254,801"
"2025-05-07","85,139"
"2025-05-08","150,080"
"2025-05-11","175,246"
"2025-05-13","54,334"
"2025-05-14","103,423"
"2025-05-15","101,663"
"2025-05-18","112,491"
"2025-05-19","109,976"
"2025-05-20","120,514"
"2025-05-21","304,069"
"2025-05-22","174,507"
"2025-05-25","87,985"
"2025-05-26","55,655"
"2025-05-27","59,474"
"2025-05-28","91,686"
"2025-06-02","107,776"
"2025-06-03","122,363"
"2025-06-04","412,290"
"2025-06-05","437,025"
"2025-06-08","114,441"
"2025-06-09","157,807"
"2025-06-10","137,293"
"2025-06-11","266,879"
"2025-06-12","360,341"
"2025-06-15","405,359"
"2025-06-16","404,149"
"2025-06-17","150,064"
"2025-06-18","271,048"
"2025-06-19","182,247"
"2025-06-22","220,660"
"2025-06-23","155,833"
"2025-06-24","101,960"
"2025-06-25","100,498"
"2025-06-26","711,546"
"2025-06-29","481,999"
"2025-06-30","394,713"
"2025-07-01","499,198"
"2025-07-02","323,618"
"2025-07-03","394,426"
"2025-07-06","332,391"
"2025-07-07","411,569"
"2025-07-08","212,329"
"2025-07-09","330,695"
"2025-07-10","350,011"
"2025-07-13","290,833"
"2025-07-14","239,545"
"2025-07-15","243,869"
"2025-07-16","199,925"
"2025-07-17","285,704"
"2025-07-20","251,141"
"2025-07-21","186,335"
"2025-07-22","186,448"
"2025-07-23","160,752"
"2025-07-24","130,206"
"2025-07-27","183,586"
"2025-07-28","161,769"
"2025-07-29","175,017"
"2025-07-30","202,912"
"2025-07-31","103,865"
"2025-08-03","94,736"
"2025-08-04","100,908"
"2025-08-05","91,309"
"2025-08-06","73,711"
"2025-08-07","252,930"
"2025-08-11","96,399"
"2025-08-12","133,198"
"2025-08-13","94,899"
"2025-08-14","50,764"
"2025-08-17","92,409"
"2025-08-18","61,516"
"2025-08-19","68,069"
"2025-08-20","40,535"
"2025-08-21","45,890"
"2025-08-24","62,759"
"2025-08-25","42,811"
"2025-08-26","26,681"
"2025-08-27","46,777"
"2025-08-28","55,422"
"2025-08-31","41,891"
"2025-09-01","58,348"
"2025-09-02","30,384"
"2025-09-03","36,561"
"2025-09-04","40,119"
"2025-09-07","28,495"
"2025-09-08","58,846"
"2025-09-18","4,220"
"2025-09-21","79,565"
"2025-09-23","50,717"
"2025-09-24","23,035"
"2025-09-25","18,462"
"2025-09-28","29,325"
"2025-10-07","27,398"
"2025-10-08","48,533"
"2025-10-09","51,161"
"2025-10-12","39,643"
"2025-10-13","26,363"
"2025-10-14","17,861"
"2025-10-15","8,503"
"2025-10-16","19,121"
"2025-10-19","13,945"
"2025-10-26","17,239"
"2025-10-28","34,472"
"2025-10-29","27,858"
"2025-10-30","40,043"
"2025-11-02","75,781"
"2025-11-03","78,032"
"2025-11-04","37,069"
"2025-11-05","39,063"
"2025-11-06","30,919"
"2025-11-09","25,092"
"2025-11-10","28,212"
"2025-11-11","31,122"
"2025-11-12","107,121"
"2025-11-13","100,145"
"2025-11-16","394,912"
"2025-11-17","154,411"
"2025-11-18","450,526"
"2025-11-19","781,788"
"2025-11-20","349,875"
"2025-11-23","261,971"
"2025-11-24","280,996"
"2025-11-25","459,827"
"2025-11-26","444,957"
"2025-11-27","378,545"
"2025-11-30","280,376"
"2025-12-01","214,741"
"2025-12-02","241,692"
"2025-12-03","224,061"
"2025-12-07","97,408"
"2025-12-08","187,006"
"2025-12-09","126,116"
"2025-12-10","73,803"
"2025-12-11","102,345"
"2025-12-14","89,532"
"2025-12-15","76,105"
"2025-12-16","84,207"
"2025-12-17","51,569"
"2025-12-18","88,011"
"2025-12-21","59,927"
"2025-12-22","79,264"
"2025-12-23","51,213"
"2025-12-24","76,258"
"2025-12-28","75,716"
"2025-12-29","95,822"
"2025-12-31","62,511"
"2026-01-01","64,486"
"2026-01-04","64,781"
"2026-01-05","69,482"
"2026-01-06","144,164"
"2026-01-07","56,126"
"2026-01-08","82,078"
"2026-01-12","98,573"
"2026-01-13","113,213"
"2026-01-14","120,080"
"2026-01-18","86,029"
"2026-01-20","144,765"
"2026-01-21","129,768"
"2026-01-22","313,946"
"2026-01-25","508,882"
"2026-01-26","538,982"
"2026-01-27","329,072"
"2026-01-28","315,579"
"2026-01-29","393,216"
"2026-02-01","182,955"
"2026-02-02","203,968"
"2026-02-03","601,549"
"2026-02-04","333,473"
"2026-02-05","258,438"
"2026-02-08","264,890"
"2026-02-09","297,959"
"2026-02-10","192,590"
"2026-02-11","138,602"
"2026-02-12","193,008"
"2026-02-16","92,482"
"2026-02-17","159,971"
"2026-02-22","131,849"
"2026-02-23","99,655"
"2026-02-24","59,186"
"2026-02-25","54,781"
"2026-02-26","42,090"
"2026-03-01","81,308"
"2026-03-03","110,438"
"2026-03-09","9,867"
"2026-03-10","392,293"
"2026-03-11","220,716"
"2026-03-12","206,496"
"2026-03-15","146,009"
"2026-03-16","223,949"
"2026-03-17","191,273"
"2026-03-19","580,349"
"2026-03-22","370,585"
"2026-03-23","167,106"
"2026-03-24","148,646"
"2026-03-25","142,044"
"2026-03-26","118,191"
"2026-03-29","187,051"
"2026-03-30","149,158"
"2026-03-31","117,128"
"2026-04-01","145,259"
"2026-04-02","185,262"
"2026-04-05","172,200"
"2026-04-06","178,672"
"2026-04-07","93,843"
"2026-04-08","97,026"
"2026-04-09","186,385"
"2026-04-10","127,423"
"2026-04-13","103,978"
"2026-04-15","107,059"
"2026-04-16","107,186"
"2026-04-17","80,213"
"2026-04-20","33,186"
"2026-04-21","49,942"
"2026-04-22","136,230"
"2026-04-23","26,696"
"2026-04-24","62,650"
"2026-04-27","37,452"
"2026-04-28","44,283"
"2026-04-29","34,816"
"2026-04-30","69,608"
