Company,Fiscal Year,Quarter,Period,"Advances, Payments, Loans and Deposits",Application of Funds,Cash at Hand,Deferred Liabilities,Inventory,Investments,Long Term Liabilities,Net Fixed Assets,Paid up Capital,Receivables,Reserves,Share Premium,Short Term Liabilities,Total Current Assets,Total Short Term Liabilities,Total Sources of Funds,Administrative Expenses,Bonuses,Cost of Production,Depreciation,Forex Gain,Gross Profit,Income from Dividend,Income from Other Sources,Income from Sale of Energy,Net Interest Income,Net Profit,Operating Profit,Profit Before Taxes,Taxes,Book Value per Share,Dividend Per Share (Rs.),EPS (Anualized),Gross Profit (Rs. 000),Market Value Per Share,Net Income (Rs. 000),Reported PE (Annualized),Return on Asset (TTM) %,Return on Equity (TTM) %,Total Revenue (Rs. 000),Current Ratio,Equity,Debt to Equity,Asset Intensity,Investment Ratio,Gross Margin,Net Margin,Operating Margin,Effective Tax Rate,OpEx Ratio,Depreciation Rate,ROA_manual,ROE_manual,QoQ_Income_from_Sale_of_Energy,QoQ_Net_Profit,QoQ_Gross_Profit,QoQ_Operating_Profit,QoQ_Total_Sources_of_Funds,QoQ_Total_Current_Assets,YoY_Revenue
CHCL,2010/11,Q1,2010/11 (2067/68) Q1,1225833.88,3776994.69,311243.74,0.0,31447.68,228078.45,0.0,1790406.94,729600.0,182436.31,3047394.69,0.0,27992.48,1750961.61,27992.48,3776994.69,10404.95,0.0,8068.85,35000.0,0.0,263414.9,0.0,0.0,271483.75,15436.85,233446.8,253009.95,233446.8,0.0,517.6802,0.0,127.9862,263414.9,920.0,233446.8,7.1883,0.0,0.0,271483.75,62.55114266402754,3776994.69,0.0,0.4740295094245948,0.06038622468913239,0.9702786999221834,0.8598923508313081,0.9319524649265346,0.0,0.03832623499564877,0.019548628425222696,0.06180755313690948,0.06180755313690948,,,,,,,
CHCL,2010/11,Q2,2010/11 (2067/68) Q2,1457713.79,3917877.01,277485.42,0.0,31537.35,276883.52,0.0,1817175.0,729600.0,115894.46,3188277.0,0.0,100936.43,1882631.02,100936.43,3917877.0,22193.48,0.0,23656.0,52177.56,0.0,451299.59,0.0,0.0,474955.59,62859.81,439788.36,429106.11,439788.36,0.0,536.9897,0.0,120.556,451299.59,960.0,439788.36,7.9631,0.0,0.0,474955.59,18.651650548766003,3917877.0,0.0,0.46381624537983185,0.07067182558309001,0.9501932380667403,0.9259568036666314,0.903465753503394,0.0,0.046727484563346126,0.028713558132816033,0.1122517016230984,0.1122517016230984,0.7494807331930549,0.8838911477904174,0.7132652329082372,0.6960048804404726,0.03730010803907158,0.07519834201276399,
CHCL,2010/11,Q3,2010/11 (2067/68) Q3,1801798.67,3827772.62,80595.75,0.0,33517.81,169854.0,0.0,1795717.64,825600.0,107381.08,2827686.62,174486.0,201352.21,2023293.31,201352.21,3827772.62,36731.26,0.0,45942.47,78549.06,0.0,563464.02,0.0,103.0,609406.49,126271.93,574558.63,526835.76,574558.63,0.0,463.6352,0.0,92.7905,563464.02,930.0,574558.63,10.0226,0.0,0.0,609406.49,10.048527950102908,3827772.62,0.0,0.46912860774891046,0.04437410913922049,0.924611124505745,0.9428167232022735,0.8645063166294785,0.0,0.06027382478319182,0.043742433804904855,0.15010260196698932,0.15010260196698932,0.28308099289872546,0.30644346748968077,0.24853652093944945,0.22775170924506294,-0.022998266663297517,0.07471580384349563,
CHCL,2010/11,Q4,2010/11 (2067/68) Q4,1723481.42,4098228.16,73099.08,0.0,53455.05,362172.46,0.0,1778037.14,825600.0,205288.4,3098142.16,174486.0,105713.28,2055323.95,105713.28,4098228.16,50573.12,0.0,74101.0,106217.66,0.0,811063.47,0.0,220.73,885164.47,190520.74,845014.16,760711.08,845014.16,0.0,496.3939,70.0,102.3515,811063.47,822.0,845014.16,8.0311,0.0,0.0,885164.47,19.44243854698275,4098228.16,0.0,0.4338550882437935,0.08837293724515326,0.9162856141299922,0.9546408477059626,0.859400829768957,0.0,0.05713415044776927,0.05973871839370012,0.20619012095217262,0.20619012095217262,0.452502532422981,0.47071876720396677,0.4394237097871838,0.4439245354187802,0.07065611436449437,0.015830942474672538,
CHCL,2011/12,Q1,2011/12 (2068/69) Q1,1859893.35,4932203.99,804500.15,0.0,54887.93,342549.09,0.0,1751624.15,960000.0,189208.81,3383282.15,588921.844,104245.11,2908490.24,104245.11,4932203.994,14372.8,0.0,9392.34,26413.0,0.0,262086.97,0.0,9.37,271479.31,65704.28,287014.82,247723.54,287014.82,0.0,513.7712,0.0,119.5895,262086.97,855.0,287014.82,7.1495,0.2186,0.2186,271479.31,27.900495668333722,4932203.994,0.0,0.3551402480779062,0.06945152520388635,0.9654031093566543,1.0572253922407528,0.9124950995344695,0.0,0.05294252442294754,0.015079148115193541,0.05819200105047398,0.05819200105047398,-0.6933007150637214,-0.6603431828882016,-0.6768600982608672,-0.6743526596194707,0.20349668233210316,0.41510064143416425,-1.6354570024912363e-05
CHCL,2011/12,Q2,2011/12 (2068/69) Q2,2206314.77,4471421.27,691690.04,0.0,52057.86,420603.62,0.0,1726850.73,960000.0,131043.22,3096985.44,414435.84,766867.37,3081105.89,766867.37,4471421.28,20541.79,0.0,36435.27,52845.05,0.0,443701.46,0.0,19.37,480136.73,127898.12,498232.11,423179.04,498232.11,0.0,465.7731,0.0,103.7984,443701.46,609.0,498232.11,5.8671,0.2126,0.2126,480136.73,4.017781966652194,4471421.28,0.0,0.3861972786424632,0.0940648607370764,0.9241148037143485,1.037687972757258,0.8813719375312093,0.0,0.04278320885802667,0.03060197912995061,0.11142589320056191,0.11142589320056191,0.7685941886326437,0.735910744957351,0.6929550522866514,0.7082714061005262,-0.09342328795819055,0.05934888404507754,0.010908683062346824
CHCL,2011/12,Q3,2011/12 (2068/69) Q3,2360265.01,5015953.01,470792.81,0.0,44730.64,443769.88,0.0,1700803.69,1344000.0,112639.98,3257517.16,414435.84,128158.25,2988428.44,128158.25,5015953.0,28164.74,0.0,58452.49,79267.59,0.0,565872.2,0.0,19.37,624324.69,200304.58,658763.82,537726.83,658763.82,0.0,373.2108,0.0,65.3536,565872.2,637.0,658763.82,9.747,0.2079,0.2079,624324.69,23.318268156751333,5015953.0,0.0,0.3390788729479721,0.08847169819972395,0.9063748544046833,1.0551622105478464,0.8612935522380175,0.0,0.04511232768961925,0.04660596073847885,0.13133373059915032,0.13133373059915032,0.30030603990659066,0.32220265771308876,0.27534446246807476,0.27068398756233303,0.12178045545285765,-0.030079281046715423,0.02447988369798937
CHCL,2011/12,Q4,2011/12 (2068/69) Q4,2587526.49,5289878.67,306278.07,0.0,43486.46,448118.48,0.0,1681573.34,1344000.0,205730.01,3531442.83,414435.84,116217.7,3143021.03,116217.7,5289878.67,58237.64,0.0,102603.34,106567.56,0.0,798051.55,0.0,147.37,900654.89,299295.78,932689.5,739961.28,932689.5,0.0,393.5922,50.0,69.3965,798051.55,910.0,932689.5,13.113,0.1959,0.1959,900654.89,27.04425427452077,5289878.67,0.0,0.3178850489589773,0.08471243065391515,0.8860791840035411,1.0355681297638866,0.8215813717505038,0.0,0.0646614376345638,0.06337372118423329,0.17631585867734087,0.17631585867734087,0.44260655461183207,0.4158177357098938,0.4103035102272212,0.3760914254548171,0.054610892486432805,0.05173039713141003,0.017500047194619173
CHCL,2012/13,Q1,2012/13 (2069/70) Q1,2694298.13,5314072.28,490747.19,0.0,40996.37,564661.34,0.0,1660365.46,1747200.0,204539.64,3566872.28,0.0,357237.87,3430581.33,357237.87,5314072.28,9842.09,0.0,11011.88,26693.63,0.0,284684.95,0.0,660.72,295696.83,59970.3,308780.25,275503.58,308780.25,0.0,304.1479,0.0,70.6914,284684.95,965.0,308780.25,13.6509,0.1907,0.1907,295696.83,9.603072960881752,5314072.28,0.0,0.3124469093596897,0.10625774551941168,0.9627595601887211,1.0442460610754567,0.9317096162309183,0.0,0.03328439469574282,0.0160769605506007,0.05810614416407598,0.05810614416407598,-0.6716868655429162,-0.6689356425691508,-0.643274986434147,-0.6276783833878443,0.0045735661457051435,0.09149168817365516,0.08920576673043712
CHCL,2012/13,Q2,2012/13 (2069/70) Q2,2706136.82,5544765.17,375376.97,0.0,40993.24,566238.83,0.0,1827189.88,1747200.0,159384.76,3797565.18,0.0,146454.79,3281891.79,146454.79,5544765.18,21767.69,0.0,26829.48,53387.27,0.0,489213.33,0.0,707.17,516042.81,124707.6,539473.14,468152.81,539473.14,0.0,317.3515,0.0,61.7529,489213.33,1130.0,539473.14,18.2987,0.19,0.19,516042.81,22.408907144655206,5544765.18,0.0,0.32953422204256444,0.10212133636288631,0.9480091971439328,1.0454038493434274,0.9071976218407134,0.0,0.04218194610637043,0.0292182386649383,0.09729413644889466,0.09729413644889466,0.7451753202765141,0.7471102507365674,0.7184376272788568,0.6992621656676838,0.04341169781755383,-0.04334237427917209,0.07478303107533568
CHCL,2012/13,Q3,2012/13 (2069/70) Q3,2953677.2,5695419.87,431889.5,0.0,41472.5,426065.18,0.0,1801215.79,1747200.0,139686.51,3948219.87,0.0,114856.75,3566725.71,114856.75,5695419.87,28381.04,0.0,56142.68,80080.92,0.0,613569.99,0.0,968.61,669712.67,184051.17,690127.81,586157.56,690127.81,0.0,325.9741,0.0,52.6654,613569.99,1153.0,690127.81,21.8929,0.1795,0.1795,669712.67,31.05368826821209,5695419.87,0.0,0.31625689257568285,0.07480838809518707,0.9161690042387864,1.0304834310511086,0.8752373760526273,0.0,0.04237793500308118,0.044459370412248025,0.12117242025213497,0.12117242025213497,0.29778510042606743,0.27926259683661003,0.25419720268047463,0.2520645983092573,0.027170616808699588,0.08678955255864795,0.07269931932373219
CHCL,2012/13,Q4,2012/13 (2069/70) Q4,3190176.45,5969045.71,137482.1,0.0,45926.74,664325.29,0.0,1797968.47,1747200.0,239800.23,4221845.73,0.0,108856.62,3613385.52,108856.62,5969045.73,64626.24,0.0,89877.89,107088.26,0.0,878753.14,0.0,2672.79,968631.03,254042.25,963753.68,816799.69,963753.68,0.0,341.6349,40.0,55.1599,878753.14,1191.0,963753.68,21.5918,0.1733,0.1733,968631.03,33.193989671918594,5969045.73,0.0,0.3012153954464677,0.11129505787853963,0.9072114280708095,0.9949646977549326,0.8432516249247136,0.0,0.06671915104763877,0.059560699637852904,0.16145858544126113,0.16145858544126113,0.44633821844821897,0.3964857900741603,0.4321970668741475,0.39348145573691795,0.04804314102306928,0.013081973157952786,0.07547412527788522
CHCL,2013/14,Q1,2013/14 (2070/71) Q1,3188551.0,6110517.0,162091.0,0.0,42187.0,959480.0,0.0,1773856.0,2271360.0,237346.0,3839157.0,0.0,254641.0,3630175.0,254641.0,6110517.0,9097.0,0.0,18934.0,26250.0,0.0,289403.0,0.0,29.0,308337.0,60814.0,314899.0,280335.0,314899.0,0.0,269.0246,0.0,55.4556,289403.0,1260.0,314899.0,22.7209,0.1694,0.1694,308337.0,14.256050675264337,6110517.0,0.0,0.2902955674618039,0.15702108348606178,0.9385931626759003,1.021281909079997,0.9091837826793382,0.0,0.02950343293214882,0.014798269983583778,0.051533937308414324,0.051533937308414324,-0.68167755270033,-0.6732577975733385,-0.6706663261538958,-0.6567885573022193,0.023700818589640793,0.004646467947322597,0.0427470595474424
CHCL,2013/14,Q2,2013/14 (2070/71) Q2,2543181.0,6363937.0,647352.0,0.0,41814.0,1339325.0,0.0,1751676.0,2271360.0,177087.0,4092577.0,0.0,136585.0,3409434.0,136585.0,6363937.0,14734.0,0.0,40394.0,52500.0,0.0,508771.0,0.0,225.0,549165.0,126557.0,568319.0,494262.0,568319.0,0.0,280.1818,0.0,50.0422,508771.0,1511.0,568319.0,30.1945,0.1672,0.1672,549165.0,24.96199436248472,6363937.0,0.0,0.2752503678147662,0.2104554146277689,0.92644469330711,1.034878406307756,0.9000245827756668,0.0,0.026829823459251723,0.029971296061600417,0.08930305249721987,0.08930305249721987,0.7810544955681609,0.8047659725816849,0.7580018175347181,0.7631119910107549,0.04147275917896964,-0.06080726135792347,0.06418496558454123
CHCL,2013/14,Q3,2013/14 (2070/71) Q3,2007010.0,6512325.0,823403.0,0.0,44359.0,1910000.0,0.0,1728003.0,2271360.0,128323.0,4240966.0,0.0,128860.0,3003095.0,128860.0,6512326.0,22442.0,0.0,59472.0,78750.0,0.0,638566.0,0.0,350.0,698038.0,178984.0,716708.0,616474.0,716708.0,0.0,286.7148,0.0,42.0722,638566.0,1930.0,716708.0,45.8735,0.1615,0.1615,698038.0,23.305098556572844,6512326.0,0.0,0.26534344257336007,0.29328998579002336,0.9148011999346727,1.0267463948954052,0.8831524931307452,0.0,0.03215011217154362,0.04557283754715701,0.11005407284586181,0.11005407284586181,0.27108974534065355,0.2611015996297854,0.25511477658907444,0.24726157382117187,0.023317169858846798,-0.11918077897973678,0.0422947500754316
CHCL,2013/14,Q4,2013/14 (2070/71) Q4,2140986.19,6735292.73,179244.35,0.0,45093.58,2660000.1,0.0,1699918.34,2271360.0,122731.5,4463933.73,0.0,113039.98,2488055.62,113039.98,6735293.73,62561.77,0.0,99696.49,109169.0,0.0,885307.5,0.0,1840.93,985003.99,223248.65,939675.89,824586.66,938666.31,-1009.58,296.5313,35.0,41.3706,885307.5,2736.0,939675.89,66.1339,0.1483,0.1483,985003.99,22.010403929653723,6735293.73,0.0,0.2523896370589319,0.3949345353940487,0.898785699335085,0.9539818107741869,0.8371404262027398,-0.0010755472836774113,0.06351423002865189,0.06422014365701821,0.13951520567166115,0.13951520567166115,0.4111036791693288,0.31110004353237297,0.38639936983804346,0.33758546183618465,0.034237802284468044,-0.17150285954989763,0.016903195843313013
CHCL,2014/15,Q1,2014/15 (2071/72) Q1,1715723.0,7031868.0,605118.0,0.0,44732.0,2848117.0,0.0,1674186.0,2271360.0,234437.0,4760508.0,0.0,90445.0,2600010.0,90445.0,7031868.0,11325.0,0.0,18062.0,26250.0,0.0,305457.0,0.0,90.0,323519.0,28602.0,296574.0,294222.0,296574.0,0.0,309.5884,0.0,52.2284,305457.0,1799.0,296574.0,34.4448,0.1406,0.1406,323519.0,28.74686273425807,7031868.0,0.0,0.23808552720272902,0.405029929458289,0.9441702032956304,0.9167127742110945,0.90944272206578,0.0,0.035005672000717004,0.01567926144406893,0.04217570636991479,0.04217570636991479,-0.6715556451705338,-0.6843869219630612,-0.654970730508891,-0.6431885036801348,0.04403286358232816,0.044996735241794816,0.04923833338198147
CHCL,2014/15,Q2,2014/15 (2071/72) Q2,1731888.0,6927817.0,156046.0,0.0,44410.0,3503117.0,0.0,1648797.0,2725632.0,186401.0,4202185.0,0.0,342842.0,2118745.0,342842.0,6927817.0,18820.0,0.0,42520.0,52500.0,0.0,547199.0,0.0,465.0,589719.0,56883.0,533227.0,528844.0,533227.0,0.0,254.1729,0.0,39.1269,547199.0,1676.0,533227.0,42.835,0.1347,0.1347,589719.0,6.179945864275655,6927817.0,0.0,0.2379966156727292,0.5056595750147557,0.9278978632195996,0.9042052231656078,0.8967728697905257,0.0,0.031913504567429515,0.031841397091333844,0.07696897882839572,0.07696897882839572,0.8228264800521763,0.7979559907476717,0.7914109023528679,0.7974318711721082,-0.014797063881176409,-0.18510121114918787,0.07384665810821889
CHCL,2014/15,Q3,2014/15 (2071/72) Q3,1574140.0,7081127.0,158324.0,0.0,45381.0,3668946.0,0.0,1624594.0,2725632.0,162966.0,4355495.0,0.0,153582.0,1940811.0,153582.0,7081127.0,59860.0,0.0,28494.0,77500.0,0.0,743799.0,0.0,599.0,772293.0,79500.0,686538.0,684538.0,686538.0,0.0,259.7976,0.0,33.5843,743799.0,1617.0,686538.0,48.1475,0.1326,0.1326,772293.0,12.63696917607524,7081127.0,0.0,0.22942590918084083,0.5181302354837019,0.9631046765929498,0.8889605369982624,0.8863708462979712,0.0,0.07750944265971584,0.04770422640979836,0.0969532109789868,0.0969532109789868,0.30959490876163054,0.2875154483925233,0.3592842823177673,0.2944043990288252,0.02212962611454672,-0.0839808471524417,0.10637673020666494
CHCL,2014/15,Q4,2014/15 (2071/72) Q4,1384227.36,7260001.47,235824.7,0.0,64631.94,3948231.7,0.0,1597686.72,2725632.0,131268.39,4534369.47,0.0,102890.57,1815952.39,102890.57,7260001.47,79202.09,0.0,93148.5,105060.9,0.0,943888.46,0.0,2206.13,1037036.96,103580.13,865411.73,866892.5,865411.73,0.0,266.3603,27.0,31.7509,943888.46,1683.0,865411.73,53.0064,0.1235,0.1235,1037036.96,17.64935688469781,7260001.47,0.0,0.22006699676329403,0.543833457378074,0.9101782254703815,0.8345042302060277,0.8359321156692421,0.0,0.0763734496020276,0.06575813561246846,0.11920269349477142,0.11920269349477142,0.34280248558513415,0.2605445437834468,0.2690101223583252,0.2663906167371277,0.025260734625999426,-0.06433321431092476,0.05282513627178309
CHCL,2015/16,Q1,2015/16 (2072/73) Q1,1165340.0,7556959.0,539491.0,0.0,57529.0,4088232.0,0.0,1569590.0,2725632.0,251925.0,4831327.0,0.0,115148.0,2014285.0,115148.0,7556959.0,11091.0,0.0,18900.0,26548.0,0.0,347312.0,0.0,30.0,366212.0,8106.0,317809.0,336251.0,317809.0,0.0,277.2553,0.0,46.64,347312.0,1400.0,317809.0,30.0171,0.1236,0.1236,366212.0,17.4930089971166,7556959.0,0.0,0.20770127242982261,0.5409890406974551,0.9483905497362158,0.8678279248085785,0.9181867333675551,0.0,0.030285736130984158,0.016913971164444208,0.04205514413932906,0.04205514413932906,-0.6468669737672609,-0.6327655507974221,-0.6320412689440021,-0.612119149721563,0.04090323276477248,0.10921685562472261,0.13196442867343183
CHCL,2015/16,Q2,2015/16 (2072/73) Q2,1157689.0,7569740.0,818011.0,0.0,68930.0,4138232.0,86980.0,1542470.0,3134477.0,192157.0,4348284.0,0.0,347749.0,2236787.0,347749.0,7569741.0,16541.0,0.0,49869.0,53896.0,0.0,592654.0,0.0,3628.0,642523.0,40866.0,561717.0,579741.0,566711.0,4994.0,238.7244,0.0,35.8412,592654.0,1360.0,561717.0,37.9452,0.1228,0.1231,642523.0,6.4321881587006535,7482761.0,0.011624051603412162,0.20376786999713725,0.5466807913243001,0.9223856577896807,0.8742364086577431,0.902288322752647,0.008812251747363279,0.025743825512860977,0.034941360285775394,0.07420557717892858,0.07506814663731742,0.7545110482452786,0.7674672523433885,0.7064023126180494,0.7241316754448315,0.0016914211126459744,0.11046202498653379,0.08954095085964675
CHCL,2015/16,Q3,2015/16 (2072/73) Q3,1173390.0,7492780.0,238109.0,0.0,59037.0,4438232.0,86980.0,1543336.0,3134477.0,159924.0,4271323.0,0.0,119248.0,1630460.0,119248.0,7492780.0,24167.0,0.0,79441.0,66654.0,0.0,747671.0,0.0,3639.0,827112.0,56146.0,704678.0,727143.0,716635.0,11957.0,236.2691,0.0,29.9754,747671.0,1316.0,704678.0,43.9027,0.1195,0.1201,827112.0,13.672849859117019,7405800.0,0.011744848632153176,0.20597641996695484,0.5923344873331393,0.9039537571695236,0.8519740978247191,0.8791348692800964,0.01668492328730802,0.02921853388658364,0.043188262309697925,0.09404760315930802,0.0951521780226309,0.28728777024324414,0.2545071628595894,0.26156408292190725,0.25425491728202765,-0.01016692645098427,-0.2710705131959369,0.07098212724963204
CHCL,2015/16,Q4,2015/16 (2072/73) Q4,476853.0,7431510.0,229313.0,0.0,179867.0,4988232.0,85666.0,1510999.0,3134477.0,138806.0,4211367.0,0.0,92560.0,1024839.0,92560.0,7431510.0,55573.0,0.0,130470.0,105043.0,0.0,1032668.0,0.0,5460.0,1163138.0,71785.0,929986.0,982555.0,949297.0,19311.0,234.3563,20.0,29.6696,1032668.0,0.0,929986.0,48.5346,0.1246,0.1255,1163138.0,11.072158599827018,7345844.0,0.011661832187016222,0.20332328154035986,0.6712272472216279,0.8878293031437363,0.7995491506596804,0.8447449915659184,0.020342421813194372,0.047778509514778085,0.0695189076895484,0.12514092021675272,0.12660029262804925,0.4062642060567372,0.3197318491566361,0.3811796899973383,0.3512541549598909,-0.008177205256259978,-0.37144180170013374,0.1215974404615241
CHCL,2016/17,Q1,2016/17 (2073/74) Q1,373314.0,7859124.0,492089.0,0.0,179197.0,4988232.0,85551.0,1609059.0,3134477.0,273160.0,4639097.0,0.0,55927.0,1317760.0,55927.0,7859125.0,11204.0,0.0,19084.0,27242.0,0.0,344044.0,0.0,0.0,363128.0,2371.0,307376.0,332840.0,307969.0,593.0,248.0023,0.0,39.2252,344044.0,1250.0,307376.0,31.8673,0.1213,0.1224,363128.0,23.562143508501734,7773574.0,0.011005362526940631,0.20473767754043865,0.6347057719529845,0.9474455288493288,0.8464673613711946,0.9165913947698858,0.0019255184775090937,0.03085413407944298,0.016930392235461833,0.03911071525137976,0.03954114285140914,-0.6878031669500954,-0.669483196521238,-0.6668396812915671,-0.6612505152383328,0.05754079588132166,0.28582148025202003,-0.008421351566851976
CHCL,2016/17,Q2,2016/17 (2073/74) Q2,420794.0,8149015.0,343758.0,0.0,176952.0,5441232.0,172764.0,1954855.0,3447924.0,196843.0,4528326.0,0.0,385419.0,1138347.0,385419.0,8149014.0,27918.0,0.0,40138.0,39895.0,0.0,614103.0,0.0,268.0,654241.0,16991.0,559234.0,586453.0,563549.0,4315.0,231.3349,0.0,32.4389,614103.0,817.0,559234.0,25.1858,0.1204,0.1221,654241.0,2.953531092136083,7976250.0,0.02165980253878702,0.23988853129961488,0.6677166096413627,0.9386495190610173,0.8547828705324171,0.8963868054738224,0.0076568319702456965,0.0426723485687995,0.020408163265306114,0.06862597119111588,0.07011239617614794,0.8016815007380318,0.8193808234865441,0.7849548313587797,0.7619667107318833,0.03688565839072422,-0.13614998178727533,0.018237479436533865
CHCL,2016/17,Q3,2016/17 (2073/74) Q3,489068.0,8287782.0,168463.0,0.0,180296.0,5510181.0,171316.0,1937983.0,3447924.0,165242.0,4668542.0,0.0,167442.0,1003069.0,167442.0,8287782.0,25238.0,0.0,85845.0,57315.0,0.0,760744.0,0.0,765.0,846589.0,27325.0,699450.0,736271.0,706281.0,6831.0,235.4015,0.0,27.0482,760744.0,898.0,699450.0,33.2,0.1179,0.1197,846589.0,5.990545980100537,8116466.0,0.021107215874495128,0.23383614578665315,0.6648559288842297,0.8985989659681369,0.8261978362582069,0.8696911960821592,0.009671787857807288,0.02981139608475892,0.02957456283156249,0.0843953183131506,0.086176668515583,0.29400175164809306,0.25072867529513587,0.23878893280117497,0.25546463228937366,0.017028808638689386,-0.11883722625877702,0.023548201452765705
CHCL,2016/17,Q4,2016/17 (2073/74) Q4,495123.0,8383331.0,153797.0,0.0,176752.0,5745266.0,0.0,1928685.0,3447924.0,142133.0,4935406.0,0.0,264338.0,967805.0,264338.0,8383330.0,43201.0,19544.0,130472.0,70033.0,0.0,1066419.0,0.0,4214.0,1196891.0,39350.0,966314.0,1027432.0,996749.0,10891.0,243.1414,25.0,28.026,1066419.0,0.0,966314.0,28.4736,0.1205,0.122,1196891.0,3.6612405329540074,8383330.0,0.0,0.23006192050175764,0.68532027249315,0.8909909089465952,0.8073533847275978,0.8584173496166311,0.010926522123423238,0.03609434777268771,0.03631126907711729,0.11526612933046891,0.11526612933046891,0.4137804767130213,0.3815340624776611,0.401810595942919,0.3954535761968079,0.011528778145950325,-0.0351561059109593,0.029018912631175287
CHCL,2017/18,Q1,2017/18 (2074/75) Q1,474442.15,8840622.41,317300.54,0.0,167121.04,5796565.74,177340.08,1909637.49,3447924.48,245384.14,5215357.85,0.0,75422.39,1204247.87,75422.39,8840622.41,9251.59,6214.9,32276.8,17479.79,0.0,337285.44,0.0,0.0,369562.24,6405.76,309143.48,328033.85,316959.82,1601.44,251.2608,0.0,35.8643,337285.44,885.0,309143.48,24.6764,0.1166,0.1183,369562.24,15.966715851884091,8663282.33,0.02047031058723443,0.21600713178745518,0.6556739414006937,0.9126620728351443,0.8365126263981926,0.887628157032491,0.0050525016073015025,0.025033915802653364,0.009153459801420212,0.03496851982393397,0.03568433628550576,-0.6912314989418418,-0.680079684243424,-0.6837214640774405,-0.6807245151017294,0.054547824074681506,0.24430837823735163,0.017718931065629828
CHCL,2017/18,Q2,2017/18 (2074/75) Q2,875944.05,8711382.94,97661.1,0.0,166714.2,5916588.05,177340.08,1889127.93,3965113.15,154331.77,4568929.71,0.0,394577.86,1294651.12,394577.86,8711382.94,15742.89,10622.52,61853.46,38553.63,0.0,570327.23,0.0,845.75,632180.69,24871.92,524696.44,555430.09,541748.38,6429.42,215.2282,0.0,26.4656,570327.23,954.0,524696.44,36.0467,0.11,0.1118,632180.69,3.2811043174089822,8534042.86,0.020780312790695307,0.21685740863551106,0.6791789651253695,0.9021585743151995,0.8299785936201233,0.8785938874532835,0.011867908123693859,0.02490251639922753,0.020408162617128835,0.06023113019067899,0.061482751915778386,0.7106203545037502,0.6972586321406486,0.6909334420127948,0.6932096794279006,-0.014618820260190346,0.07507030093397637,-0.03371893537702475
CHCL,2017/18,Q3,2017/18 (2074/75) Q3,714201.59,8845204.07,90706.17,0.0,162593.51,5924236.63,177340.09,1901588.97,3965113.15,124370.41,4702750.83,0.0,78502.17,1091871.68,78502.17,8845204.07,26825.19,13413.77,91086.82,51262.35,0.0,713506.16,0.0,1041.72,804592.98,47641.92,658517.58,687722.69,684102.26,12170.91,218.6032,0.0,22.1437,713506.16,772.0,658517.58,34.8632,0.1074,0.1092,804592.98,13.908808890250882,8667863.98,0.020459491566686992,0.214985313504474,0.6697682250309006,0.8867914308673177,0.8184480804194925,0.8547460729771704,0.017791068253450854,0.03334007463003215,0.026957639536581857,0.07444911104238659,0.07597230200190563,0.27272628336686466,0.2550448789017894,0.25104698227366784,0.23818047020102928,0.015361640157676382,-0.1566286367558236,-0.049606148910510295
CHCL,2017/18,Q4,2017/18 (2074/75) Q4,890379.0,9124878.0,166260.0,0.0,161888.0,5924291.0,176739.0,1885203.0,3965113.0,135648.0,4983026.0,0.0,54028.0,1354175.0,54028.0,9124878.0,46277.0,19135.0,119756.0,68375.0,0.0,1018734.0,0.0,3564.0,1138490.0,68230.0,938793.0,976021.0,975876.0,17948.0,225.6717,25.0,23.6763,1018734.0,0.0,938793.0,33.3667,0.1069,0.1087,1138490.0,25.06431850151727,8948139.0,0.019751481285661742,0.20660035125949078,0.6492460501937668,0.8948115486302024,0.8245948581015198,0.8572943108854704,0.018391680910279564,0.04064770002371559,0.036269303624065934,0.10288280018647919,0.1049148878889789,0.41498873132102143,0.4256156988246238,0.4277858512111514,0.4192072098130135,0.03161870860035454,0.24023273504080644,-0.048793916906384904
CHCL,2018/19,Q1,2018/19 (2075/76) Q1,1135850.0,9383335.0,191337.0,0.0,162279.0,5924541.0,176532.0,1867057.0,3965113.0,123297.0,5241690.0,0.0,89664.0,1612763.0,89664.0,9383335.0,10719.0,6096.0,38486.0,17566.0,0.0,323162.0,0.0,0.0,361648.0,16042.0,267898.0,312443.0,310919.0,36925.0,232.1952,0.0,27.0255,323162.0,720.0,267898.0,26.6415,0.0999,0.1019,361648.0,17.986739382583668,9206803.0,0.019174082469234972,0.19897584387640424,0.6313896924707472,0.8935816042118279,0.7407700305269191,0.863942286422154,0.11876083481549819,0.029639317789673856,0.009408389781351074,0.02855040345463526,0.02909783124500437,-0.682344157612276,-0.7146357077651836,-0.6827807847779694,-0.6798808632191315,0.028324433488316147,0.19095611719312489,-0.02141517488366773
CHCL,2018/19,Q2,2018/19 (2075/76) Q2,1321926.0,9357580.0,161730.0,0.0,162819.0,5924601.0,179261.0,1849950.0,4758136.0,148201.0,4420182.0,0.0,300737.0,1794676.0,300737.0,9357579.0,17824.0,10563.0,88270.0,35131.0,0.0,535982.0,0.0,176.0,624252.0,55514.0,453154.0,518334.0,538717.0,75000.0,192.8973,0.0,19.0475,535982.0,544.0,453154.0,28.5601,0.0955,0.0974,624252.0,5.967592946661016,9178318.0,0.019530920589153695,0.19769536543586752,0.6331339548402422,0.8585987710091423,0.725915175281776,0.830328136714018,0.13921966449917092,0.028552571717831852,0.018990242979539978,0.04842641456727215,0.04937222702460297,0.726131486970756,0.6915169206190417,0.6585551519052364,0.6589713963827002,-0.0027448662975371185,0.11279586647263118,-0.012541809842372631
CHCL,2018/19,Q3,2018/19 (2075/76) Q3,1386815.98,9447587.88,63150.0,0.0,155548.87,5930532.4,178754.01,1834270.43,4758135.78,134872.25,4510698.09,0.0,156985.22,1740387.1,156985.22,9447587.88,29541.57,13247.77,136333.91,52696.74,0.0,671221.53,0.0,469.37,807555.44,86183.64,543669.8,642149.33,675636.23,118718.66,194.7997,0.0,15.2348,671221.53,505.0,543669.8,33.1478,0.0893,0.091,807555.44,11.086311819673146,9268833.870000001,0.019285490764762186,0.19415224852081497,0.6277297946658527,0.8311770273010596,0.6732290726689915,0.7951767744886954,0.17571387490573118,0.03658147606559367,0.028728991722338334,0.05754588439986016,0.05865568502200373,0.2936369286762397,0.19974622313827095,0.25232102943755574,0.23887171206210667,0.009618821278452483,-0.030249972697021565,0.0036819361759781177
CHCL,2018/19,Q4,2018/19 (2075/76) Q4,1478855.03,9532778.43,139022.49,0.0,157653.72,5930674.44,216045.02,1821220.12,4758135.78,126303.79,4558597.64,0.0,261274.11,1901835.03,261274.11,9532778.44,45104.91,19011.91,212380.24,66395.61,0.0,958083.27,0.0,2765.32,1170463.51,120259.57,715785.97,915743.68,969607.64,234809.76,195.8064,25.0,15.0434,958083.27,0.0,715785.97,34.6331,0.0764,0.0779,1170463.51,7.279079545998618,9316733.42,0.023188923656033936,0.19104819559826042,0.6221349292158729,0.8185503108935017,0.61154061094993,0.7823769576550057,0.2421698739915042,0.0385359386385313,0.03645666400830228,0.0750868148782864,0.07682799729607374,0.449390904976134,0.31658217910945186,0.42737267381753985,0.42606032151431217,0.009017175715331671,0.09276552900213986,0.028084137761420935
CHCL,2019/20,Q1,2019/20 (2076/77) Q1,1733058.0,9753770.0,32316.0,0.0,158717.0,5930674.0,235717.0,1802233.0,4758136.0,246191.0,4759917.0,0.0,289742.0,2170282.0,289742.0,9753770.0,19970.0,5453.0,58111.0,16826.0,0.0,292890.0,0.0,107.0,351001.0,21917.0,217031.0,273027.0,278118.0,55634.0,200.0374,0.0,18.245,292890.0,423.0,217031.0,23.1844,0.07,0.0715,351001.0,7.490394903051655,9518053.0,0.0247652539862932,0.18477296471005566,0.6080391479397196,0.8344420671166155,0.6183201757259933,0.7778524847507535,0.20003739419958363,0.05689442480220838,0.009336195708324058,0.02225098602899186,0.022802037349445307,-0.700117947290813,-0.6967934423190776,-0.6942958830707899,-0.7018521602027328,0.02318228220564844,0.14115155403357993,-0.029440229173118615
CHCL,2019/20,Q2,2019/20 (2076/77) Q2,1788093.0,9889189.0,176197.0,0.0,156185.0,5941752.0,235717.0,1787676.0,5709763.0,167865.0,3943709.0,0.0,286512.0,2288340.0,286512.0,9889189.0,28169.0,10008.0,122145.0,31834.0,0.0,496518.0,0.0,345.0,618663.0,73567.0,396640.0,468694.0,510427.0,103779.0,169.0696,0.0,13.8934,496518.0,425.0,396640.0,30.5901,0.0687,0.0702,618663.0,7.9868906014407495,9653472.0,0.02441784676021228,0.1807707386318534,0.6008330915710074,0.8025661790021371,0.6411244894231583,0.7575917745202141,0.20331800629668845,0.045532058649054415,0.017807477417608103,0.040108445697619885,0.04108780757845466,0.7625676280124558,0.8275730195225568,0.6952371197377856,0.7166580594593208,0.013883759817998609,0.05439753912164402,-0.008953115088137453
CHCL,2019/20,Q3,2019/20 (2076/77) Q3,1961521.0,10018196.0,95177.0,0.0,155892.0,5939981.0,235717.0,1765764.0,5709763.0,132932.0,4072717.0,0.0,198848.0,2345522.0,198848.0,10018197.0,43729.0,13286.0,143829.0,54588.0,0.0,659890.0,0.0,850.0,803719.0,115173.0,525647.0,617011.0,677596.0,138663.0,171.329,0.0,12.2748,659890.0,368.0,525647.0,29.9801,0.0717,0.0734,803719.0,11.795552381718641,9782480.0,0.024095832549619316,0.17625566756173788,0.5929191649954576,0.8210456639696202,0.6540183820464607,0.7676949282025175,0.20463963777826283,0.054408319325535345,0.030914663567724775,0.05246922175716847,0.053733511338638046,0.299122462471491,0.32524959661153696,0.32903540254331154,0.3164474049166408,0.013045356904393346,0.024988419553038543,-0.004750683123377786
CHCL,2019/20,Q4,2019/20 (2076/77) Q4,2263326.0,10245624.0,86550.0,0.0,154966.0,5952862.0,239566.0,1755787.0,5709763.0,117223.0,4296295.0,0.0,270172.0,2622065.0,270172.0,10245624.0,53337.0,18900.0,212453.0,66212.0,0.0,928286.0,0.0,6048.0,1140739.0,152532.0,751491.0,880997.0,967317.0,196926.0,175.2447,20.0,13.1615,928286.0,0.0,751491.0,30.2397,0.076,0.0778,1140739.0,9.705169299557284,10006058.0,0.023942095878316912,0.1713694549009411,0.5810150753141047,0.8137584495664646,0.6587755831965063,0.772303743450517,0.20357959179875862,0.04675653238821497,0.037710724592447696,0.0733475091414637,0.07510360223776436,0.4193256598388242,0.42964955569041585,0.4067283941262938,0.427846505167655,0.022701390280107203,0.11790253939208406,-0.02539550335917773
CHCL,2020/21,Q1,2020/21 (2077/78) Q1,2474711.0,10488859.0,194875.0,0.0,154943.0,5954486.0,254330.0,1739493.0,5709763.0,118611.0,4524765.0,0.0,363617.0,2943140.0,363617.0,10488858.0,18926.0,5629.0,79100.0,16501.0,0.0,284847.0,0.0,0.0,363947.0,37663.0,223280.0,265921.0,287083.0,58174.0,179.2461,0.0,15.642,284847.0,501.0,223280.0,32.0292,0.0752,0.077,363947.0,8.094066009014957,10234528.0,0.024850193384589887,0.16584198203465045,0.5676963116480364,0.7826606621293739,0.6134959211093907,0.7306585849038439,0.20263826140872082,0.05200207722552995,0.00948609738584748,0.021287350825037382,0.02181634560968517,-0.6809550650937681,-0.7028839999414498,-0.6931473705302029,-0.6981590175675967,0.023740281704657473,0.12245119781546232,0.03688308580317434
CHCL,2020/21,Q2,2020/21 (2077/78) Q2,2122311.34,10089280.82,38282.78,0.0,155747.16,5941751.67,254330.25,1722515.57,6280739.23,162937.0,3554211.34,0.0,281246.33,2479278.28,281246.33,10089280.82,30326.66,9876.59,125242.73,33020.38,0.0,514679.05,0.0,362.69,639921.78,52011.58,392445.04,484715.08,503706.28,101384.65,156.5891,0.0,12.4968,514679.05,592.0,392445.04,47.3722,0.0737,0.0755,639921.78,8.815326692440719,9834950.57,0.025859840188296946,0.17072728975740806,0.5889172653636178,0.8042843142485306,0.6132703281329154,0.757459888300722,0.20127731979041394,0.047391198343022405,0.01916985865039233,0.03889722637336601,0.03990310243114927,0.7582828818481813,0.7576363310641345,0.8068614027881635,0.8227784943648677,-0.0380953941792328,-0.15760776585551495,0.03436245581196884
CHCL,2020/21,Q3,2020/21 (2077/78) Q3,2237399.19,10219615.21,68465.61,0.0,161745.04,5954486.14,254291.29,1710143.73,6280730.48,65624.09,3684593.42,0.0,214878.32,2533233.93,214878.32,10219615.19,45420.99,13026.39,165844.62,46101.44,0.0,643381.35,0.0,4236.67,809225.97,108250.26,515431.22,602197.03,664345.85,135888.24,158.665,0.0,10.9421,643381.35,655.0,515431.22,59.8607,0.0726,0.0744,809225.97,11.789155509034082,9965323.9,0.02551761413394701,0.16733934675675394,0.5826526761816361,0.7950577142253593,0.6369434979947558,0.7441642412934415,0.20454442516649993,0.05612893268860358,0.02695764057211728,0.05043548219940363,0.05172247537282756,0.2645701323058576,0.3133844677970703,0.25006321900998296,0.2423732102578695,0.012918103116094981,0.021762643764216882,0.006851859916214398
CHCL,2020/21,Q4,2020/21 (2077/78) Q4,2439812.52,10403548.54,82643.39,0.0,153623.41,5954486.14,266226.94,1759275.53,6280739.23,125757.69,3856582.37,0.0,349076.92,2801837.01,349076.92,10403548.54,74966.6,18149.37,231980.35,66982.07,0.0,896072.13,0.0,9164.47,1128052.48,162329.76,694816.08,830270.0,918599.35,205633.9,161.4033,15.0,11.0626,896072.13,0.0,694816.08,62.1009,0.0675,0.0692,1128052.48,8.026417243511808,10137321.6,0.026262059201120735,0.16910340959489578,0.5723514546124278,0.7943532290270744,0.6159430454866776,0.7360207213054479,0.22385591716345082,0.06645665988873137,0.03807366660752678,0.066786450539308,0.06854040025720402,0.39398946872651663,0.3480287049744484,0.3927542817335319,0.3787347971477042,0.01799807004279197,0.1060316920672224,-0.011121316970840844
CHCL,2021/22,Q1,2021/22 (2078/79) Q1,2458614.8,10602912.21,44778.67,0.0,154917.96,5954465.9,290382.67,1714318.76,6280739.23,238064.89,4031790.29,0.0,205393.4,2896376.32,205393.4,10602912.19,19610.47,5289.02,79106.44,17054.02,0.0,272572.23,0.0,0.0,351678.67,33832.51,207770.67,252961.76,267641.56,54581.87,164.1929,0.0,13.2322,272572.23,603.0,207770.67,45.5705,0.0656,0.0673,351678.67,14.10160365425562,10312529.52,0.02815823891091271,0.16168376473180995,0.5615877782724521,0.7750604550455086,0.5907969055956662,0.7192979887008766,0.2039364514240606,0.05576246634463201,0.009947986569312227,0.019595623002136735,0.02014740123623908,-0.6882426338888064,-0.7009702625189675,-0.6958144094940215,-0.6953259060305683,0.019163043189876827,0.03374190206731553,-0.03370911149150846
CHCL,2021/22,Q2,2021/22 (2078/79) Q2,2687115.41,10321304.32,23080.33,0.0,156743.63,5954465.9,290382.67,1706051.42,6751794.68,162819.21,3279126.97,0.0,637819.77,3029758.58,637819.77,10321304.32,33750.59,10144.89,129069.41,35998.12,0.0,495824.75,0.0,14.0,624894.16,91299.21,397218.22,462088.16,513376.94,106013.83,148.5667,0.0,11.7663,495824.75,535.0,397218.22,45.4688,0.0677,0.0696,624894.16,4.750179788249579,10030921.65,0.028948752680168718,0.16529416894472496,0.5769102155491913,0.7934539666685302,0.6356567966645732,0.7394662801777491,0.2065029060323586,0.05401009028472908,0.02110025499700354,0.03848527353566103,0.039599374201073526,0.7768895679683958,0.9118108441388766,0.8190581997292976,0.8267115156061531,-0.026559483371520698,0.046051426079881885,-0.023483526377239383
CHCL,2021/22,Q3,2021/22 (2078/79) Q3,2271724.6,10440890.21,58072.07,0.0,158914.33,5954465.9,290382.67,1696402.24,6751794.68,139789.09,3398712.86,0.0,151827.65,2628500.09,151827.65,10440890.21,49243.54,13213.3,177137.64,53819.31,0.0,646298.08,0.0,486.67,823435.72,130156.65,516804.13,597541.21,668658.31,138640.88,150.3379,0.0,10.2058,646298.08,450.0,516804.13,44.0927,0.067,0.0688,823435.72,17.31239395459248,10150507.540000001,0.028607699551543794,0.16247678175709881,0.5703025106323764,0.7848798203701913,0.6276192754912301,0.7256683132473282,0.20734189335058106,0.05980253079135302,0.031725559381482527,0.04949809064221545,0.05091411714768303,0.31772030002648766,0.3010584710842319,0.3034808770639221,0.2931324836368887,0.011586315672164949,-0.13243909684711586,0.01755968113578965
CHCL,2021/22,Q4,2021/22 (2078/79) Q4,2403814.88,10697112.11,103513.85,0.0,158928.67,5954465.9,303200.82,1687431.93,6751794.68,130235.07,3642116.62,0.0,128695.63,2796492.47,128695.63,10697112.12,62172.96,19575.19,250343.28,70973.86,0.0,931396.9,0.0,4600.28,1181740.18,195484.34,760207.88,873824.22,990655.83,210872.76,153.9429,15.0,11.2593,931396.9,0.0,760207.88,36.2366,0.0724,0.0745,1181740.18,21.72950604461067,10393911.299999999,0.02917100321993319,0.1577464937331142,0.5566423753628937,0.7881570888111796,0.6432952800166272,0.7394385286958757,0.21286177662730738,0.05261136166157941,0.04206028032194458,0.07106664597622259,0.07313973133482483,0.43513349165858384,0.4709787245701771,0.441125896583199,0.4623664533530667,0.02454023601882116,0.06391187911277574,0.047593264455213946
CHCL,2022/23,Q1,2022/23 (2079/80) Q1,2737009.12,10891013.45,89230.19,0.0,159713.41,5954465.9,306539.62,1671862.51,6751794.68,114526.04,3832679.15,0.0,275273.86,3100478.76,275273.86,10891013.45,22907.46,5245.85,87202.82,17399.4,0.0,268635.89,0.0,27.82,355838.71,39181.5,205801.69,245756.25,265459.55,54412.01,156.7653,0.0,12.1924,268635.89,363.0,205801.69,29.7726,0.0716,0.0737,355838.71,11.263251657821737,10584473.83,0.028961252578391036,0.15350844232039762,0.5467320307092266,0.7549372298477567,0.5783566661423638,0.690639447293408,0.20497288569953426,0.06437596404281011,0.010407195505568213,0.018896468262097316,0.019443733652275464,-0.6988858329247973,-0.7292823510327202,-0.7115774274103768,-0.7187577954751586,0.0181265118870233,0.10870270285405037,0.01182909387140274
CHCL,2022/23,Q2,2022/23 (2079/80) Q2,2653361.67,10568762.07,15197.84,0.0,159441.73,5954465.9,306539.62,1656869.76,7258179.28,178273.4,3004043.16,0.0,583086.55,3006274.64,583086.55,10568762.06,38260.71,9969.93,153503.47,34849.41,0.0,483056.09,0.0,49.35,636559.56,98471.11,389934.91,444844.73,504527.69,104622.85,141.3884,0.0,10.7447,483056.09,415.0,389934.91,38.6237,0.0711,0.0732,636559.56,5.155794864415917,10262222.440000001,0.029870685593909218,0.15677046664441602,0.5634023990885456,0.7588545053034773,0.6125662616707843,0.6988265638489495,0.20736790482203227,0.06010546758578244,0.02103328266429341,0.03689504104513825,0.03799712121617195,0.7888991335428346,0.8947118947371131,0.7981815088073303,0.8101054601866686,-0.029588742267139367,-0.030383733381872835,0.018667801280140006
CHCL,2022/23,Q3,2022/23 (2079/80) Q3,2204165.24,10702520.61,213406.57,0.0,163640.5,5954465.9,306539.62,1640941.69,7258179.28,59859.58,3137801.72,0.0,155418.34,2641071.89,155418.34,10702520.62,64092.02,13444.61,178303.46,52195.76,0.0,625943.4,0.0,212.25,804246.86,175807.07,523693.47,562063.63,680385.11,143247.03,143.2313,0.0,9.6203,625943.4,490.0,523693.47,50.934,0.072,0.0741,804246.86,16.993309090806036,10395981.0,0.029486358237861336,0.15332291786792182,0.556361077116056,0.7782975988243203,0.6511601052443019,0.6988695361521203,0.2105381612481199,0.07969197417817697,0.031808418494139165,0.04893178799593847,0.050374608226005785,0.26342751022386635,0.3430279171464796,0.2957985893522219,0.26350520101699315,0.012656029082747544,-0.12148016855838562,-0.02330340976706713
CHCL,2022/23,Q4,2022/23 (2079/80) Q4,2052299.15,10889268.62,95681.19,0.0,46739.52,6424809.9,329416.95,1729471.25,7258179.28,134352.75,3301672.38,0.0,158692.26,2329072.61,158692.26,10889268.61,88182.62,18380.31,260260.4,79405.16,0.0,868382.52,0.0,8599.07,1128642.92,228001.81,687564.12,788798.97,930450.53,224506.1,145.489,15.0,9.473,868382.52,0.0,687564.12,56.656,0.064,0.0659,1128642.92,14.67666167209406,10559851.66,0.03119522514201681,0.1588234538003558,0.5900129871073131,0.7694041265061933,0.6091954397764702,0.6988915236361908,0.2412875190688534,0.0781315493477777,0.045912969064967085,0.0631414417832053,0.06511115327542394,0.4033538408841284,0.3129132963983683,0.3873179587802986,0.4033979925013116,0.017448972688828057,-0.11813358098328786,-0.04493141631183262
CHCL,2023/24,Q1,2023/24 (2080/81) Q1,2031720.48,11095938.24,14210.97,0.0,51900.13,6509969.9,329416.95,1712445.02,7258179.28,262027.26,3508341.99,0.0,112036.06,2359858.84,112036.06,11095938.22,17716.48,5260.65,73049.89,17136.23,0.0,269771.48,0.0,0.0,342821.37,33374.25,206669.61,252055.0,266205.45,54275.19,148.3364,0.0,11.3896,269771.48,472.0,206669.61,41.4413,0.0636,0.0655,342821.37,21.063386556078274,10766521.270000001,0.03059641473220253,0.15433079979783806,0.5866984630705703,0.7869155881385084,0.6028492622849019,0.7352371294706607,0.2038845936474997,0.051678458667847774,0.01000687893617746,0.018625699413816667,0.01919557903775914,-0.6962534704953449,-0.6994176921273902,-0.6893402690786544,-0.680457239947968,0.018979200293600007,0.013218235390265454,-0.0365821357659486
CHCL,2023/24,Q2,2023/24 (2080/81) Q2,1724524.77,10903758.16,277753.86,0.0,92937.23,6140105.9,381114.13,1690532.85,7983997.2,159666.91,2538646.84,0.0,240028.35,2254882.77,240028.35,10903758.17,30247.4,9581.09,140803.51,34500.67,0.0,471233.9,0.0,114.34,612037.41,82035.24,375350.27,441100.84,484843.99,99912.63,131.7967,0.0,9.4026,471233.9,519.0,375350.27,55.1977,0.0621,0.0641,612037.41,9.39423518096921,10522644.04,0.036218475941147577,0.155041300773823,0.5631183124451117,0.7699429680287013,0.613279946400661,0.7207089514348465,0.20607170978854414,0.049420835239466734,0.02040816302386551,0.03442393568785467,0.03567071817436485,0.7852953857573115,0.8161851178796924,0.7467891713386459,0.7500182103112416,-0.017319855805758122,-0.044484046342365025,-0.038522946698027805
CHCL,2023/24,Q3,2023/24 (2080/81) Q3,1915390.22,10994628.24,113916.71,0.0,98402.28,6140105.9,381114.13,1669652.65,7983997.2,76633.4,2629516.91,0.0,132302.9,2204342.61,132302.9,10994628.24,45976.03,11928.23,196540.03,55640.71,0.0,585966.14,0.0,363.81,782506.17,123626.46,466220.34,540353.92,603630.37,125481.8,132.9348,0.0,7.7859,585966.14,454.0,466220.34,58.3104,0.0577,0.0596,782506.17,16.66133251803236,10613514.11,0.03590838303412779,0.15186076450730449,0.5584641668611797,0.7488326130386923,0.5958040433086929,0.6905426956569547,0.2078785399747196,0.058754846623126224,0.03332472176173887,0.04240437510236362,0.043927047645862125,0.2785266998630034,0.24209405790490046,0.24347195734432514,0.2250122216951571,0.008333830279730003,-0.022413653016648882,-0.027032359193792765
CHCL,2023/24,Q4,2023/24 (2080/81) Q4,2001032.16,11174855.9,144549.73,0.0,96396.96,6518568.81,381114.13,1658025.62,7983997.2,135831.12,2809744.55,0.0,169915.65,2377809.97,169915.65,11174855.88,56691.56,17160.35,290260.98,70344.29,0.0,835186.02,0.0,5839.92,1125447.0,161187.551,646448.021,784334.38,868647.861,205039.49,135.1922,0.0,8.0968,835186.02,465.0,646448.021,57.4301,0.0587,0.0607,1125447.0,13.994060994381543,10793741.75,0.03530880567899449,0.14837109648701793,0.5833246423935087,0.7420927151611754,0.5743922379285736,0.6969092102959974,0.23604443089741256,0.0503724831111549,0.04242653982632666,0.0578484436794365,0.05989100313614598,0.4382595858637126,0.38657189645565415,0.4253144729488978,0.4515197372862585,0.016392335972243988,0.07869346589457815,-0.002831648472131354
CHCL,2024/25,Q1,2024/25 (2081/82) Q1,2493821.45,11443403.7,64003.54,0.0,97534.41,6533568.81,274668.57,1635089.25,7983997.2,0.0,3184737.93,0.0,173236.92,2655359.4,173236.92,11443403.7,18148.0,5171.0,87199.0,18319.0,0.0,274656.0,0.0,0.0,361855.0,20343.0,209725.0,256508.0,256414.0,41518.0,139.889,0.0,10.5073,274656.0,598.7,209725.0,56.9796,0.0584,0.0603,361855.0,15.327907007351461,11168735.129999999,0.024592629944479666,0.14288486999720196,0.5709462832286515,0.759022260297631,0.579582982133726,0.708869574829695,0.16191783599959378,0.050152685467935915,0.011203669769096695,0.01832715208675195,0.018777864955957638,-0.6784788621765396,-0.675573297176201,-0.6711439207279835,-0.6729609124108521,0.024031434757080694,0.11672481548220603,0.055520547041743695
CHCL,2024/25,Q2,2024/25 (2081/82) Q2,2627870.84,11448610.13,88418.26,0.0,94648.47,6533568.81,276704.56,1624858.08,8782396.92,0.0,2389508.64,0.0,313377.49,2810937.57,313377.49,11448610.12,29545.96,9945.81,143406.64,33160.37,0.0,497536.0,0.0,3.5,640942.64,62457.11,382885.19,467993.54,493422.75,100591.75,127.2079,0.0,8.7194,497536.0,501.4,382885.19,57.5041,0.0584,0.0603,640942.64,8.969813275356794,11171905.559999999,0.0247678928642859,0.1419262306051872,0.5706866372002891,0.7762566709557648,0.5973782458910822,0.7301644652632242,0.2038652453702222,0.04609766639960161,0.020408163893304444,0.03344381422607131,0.034272147033795726,0.7712692653134543,0.8256535463106449,0.811487824769894,0.8244793144853182,0.00045497127747062827,0.058590249591072174,0.04722788105387221
CHCL,2024/25,Q3,2024/25 (2081/82) Q3,2495379.16,11569830.46,190948.41,0.0,93792.35,6586462.3,274668.57,1603194.79,8782396.92,0.0,2512765.0,0.0,194514.3,2780119.92,194514.3,11569830.49,43413.26,13123.8,188543.72,55282.58,0.0,636362.04,0.0,28519.53,824905.76,90004.15,507896.65,621468.31,651059.61,130039.16,128.6114,0.0,7.7108,636362.04,475.08,507896.65,61.6121,0.0608,0.0625,824905.76,14.292624860999865,11295161.92,0.024317364544695252,0.13856683478514817,0.5692790664213092,0.7714360486463318,0.6157026349288668,0.75338098014978,0.1997346448814415,0.05262814506229166,0.034482759265952935,0.04389836570544258,0.044965858267218176,0.2870196309610482,0.32649855169378594,0.27902712567532806,0.32794206945677096,0.010588217148580936,-0.01096347721447255,0.05418435230996321
CHCL,2024/25,Q4,2024/25 (2081/82) Q4,2535414.56,11742543.76,215272.79,0.0,90040.93,6571462.3,273923.46,2183671.71,8782396.92,0.0,2686223.38,0.0,121823.6,2840728.28,121823.6,11742543.76,60839.56,17568.0,266433.57,87694.86,0.0,858545.77,0.0,34365.34,1124979.34,134023.26,679599.76,832071.55,871535.31,174367.55,130.5864,0.0,7.7382,858545.77,533.45,679599.76,68.9372,0.0592,0.0608,1124979.34,23.31837410813649,11468620.299999999,0.023884604497718002,0.18596240768874084,0.5596285127235496,0.7631658106716869,0.6040997695122111,0.7396327384998904,0.20006940395794148,0.054080602049100694,0.04015936076764944,0.05787500339704929,0.0592573249634919,0.3637671047417588,0.338067026037679,0.349146737288101,0.33888009510895256,0.014927899777726017,0.021800627938380446,-0.00041553267279570427
CHCL,2025/26,Q1,2025/26 (2082/83) Q1,2900299.05,11944830.01,111458.26,0.0,91913.47,6571462.3,312968.47,2140846.39,8782396.92,0.0,2849464.62,0.0,197995.56,3103670.78,197995.56,11944830.01,20903.62,5346.38,84001.71,14000.0,0.0,269080.99,0.0,1176.75,353082.7,31964.89,205841.81,249354.12,265239.8,54051.61,132.4452,0.0,9.3752,269080.99,484.0,205841.81,51.6256,0.0581,0.0595,353082.7,15.675456459730635,11631861.54,0.026906137845928997,0.1792278657969784,0.5501511779153397,0.7620905527231984,0.5829846945205738,0.7062201574871816,0.20378393438692008,0.059203183843331716,0.0065394696534018925,0.0172327115436279,0.017696377255879886,-0.6861429473007034,-0.6971131802636304,-0.6865851543360351,-0.7003213004939299,0.01722678272565359,0.09256165112701309,-0.024242583355211345
CHCL,2025/26,Q2,2025/26 (2082/83) Q2,2738679.4,11774987.27,329925.02,0.0,91651.75,6594625.9,311272.61,2123055.63,9484988.68,0.0,1978725.99,0.0,462713.18,3160256.17,462713.18,11774987.28,32550.34,9576.07,146742.04,37815.24,0.0,489839.15,0.0,3438.72,636581.19,55891.02,398059.37,460727.53,474782.51,67147.07,120.8617,0.0,8.3935,489839.15,470.0,398059.37,55.996,0.0594,0.0609,636581.19,6.829838238020351,11463714.67,0.027152857425402053,0.18030215910347885,0.560053759990134,0.7694841721603481,0.62530809306508,0.7237529748561992,0.14142700833693278,0.05113305342873852,0.017811704726738594,0.03380550318522297,0.034723419193405304,0.8029237626199186,0.9338120375058887,0.820415295781393,0.8476836476573959,-0.014218932363023296,0.01823176297068474,-0.006804743089022902
